{"type":"FeatureCollection","name":"gadm41_IDN_1","crs":{"type":"name","properties":{"name":"urn:ogc:def:crs:OGC:1.3:CRS84"}},"features":[{"type":"Feature","properties":{"NAME_1":"Aceh"},"geometry":{"type":"MultiPolygon","coordinates":[[[[96.6813,2.0974],[96.6849,2.0826],[96.6441,2.056],[96.6153,2.0746],[96.6105,2.1037],[96.6497,2.123],[96.6813,2.0974]]],[[[98.149,2.1363],[98.149,2.1363]]],[[[97.3594,2.1302],[97.3594,2.1302]]],[[[97.3974,2.0427],[97.3974,2.0427]]],[[[97.1604,2.0819],[97.1652,2.0664],[97.1309,2.0465],[97.1329,2.0166],[97.1197,2.0081],[97.0851,2.0913],[97.1211,2.1173],[97.1604,2.0819]]],[[[97.3601,2.0667],[97.3559,2.0781],[97.3601,2.0667]]],[[[97.3491,2.1167],[97.3491,2.1167]]],[[[98.1453,2.1463],[98.1453,2.1463]]],[[[98.1382,2.1532],[98.1382,2.1532]]],[[[98.1338,2.157],[98.1338,2.157]]],[[[96.8056,3.7176],[96.8056,3.7176]]],[[[98.0373,4.534],[98.0373,4.534]]],[[[98.0476,4.5383],[98.0476,4.5383]]],[[[97.3096,3.0712],[97.3165,3.0579],[97.3096,3.0712]]],[[[97.3106,3.0758],[97.3106,3.0758]]],[[[97.3015,3.1093],[97.3015,3.1093]]],[[[96.9962,3.5384],[96.9962,3.5384]]],[[[98.0619,4.5544],[98.0619,4.5544]]],[[[95.5843,4.615],[95.5843,4.615]]],[[[95.5767,4.622],[95.5767,4.622]]],[[[95.5589,4.6528],[95.5589,4.6528]]],[[[95.5673,4.6557],[95.5673,4.6557]]],[[[95.5648,4.6439],[95.5648,4.6439]]],[[[95.3909,2.9837],[95.4064,2.9759],[95.4004,2.9656],[95.3909,2.9837]]],[[[95.4119,3.0195],[95.4119,3.0195]]],[[[95.1623,5.5503],[95.1489,5.552],[95.1791,5.5599],[95.1623,5.5503]]],[[[95.179,5.5731],[95.179,5.5731]]],[[[95.0514,5.6248],[95.0514,5.6248]]],[[[95.1682,5.6416],[95.1682,5.6416]]],[[[95.1578,5.6446],[95.1578,5.6446]]],[[[95.15760930232558,5.645704651162792],[95.15760930232558,5.645704651162792]]],[[[95.15760377358491,5.645684905660374],[95.1927,5.605],[95.1489,5.5914],[95.1363,5.606],[95.1295,5.5938],[95.1189,5.6151],[95.1449,5.6346],[95.1365,5.6558],[95.157,5.6594],[95.15760377358491,5.645684905660374]]],[[[95.1269,5.5921],[95.1269,5.5921]]],[[[95.1465,5.5925],[95.1465,5.5925]]],[[[95.0612,5.6097],[95.0612,5.6097]]],[[[95.0618,5.6144],[95.0618,5.6144]]],[[[95.0507,5.6234],[95.0507,5.6234]]],[[[95.058,5.6091],[95.058,5.6091]]],[[[95.059,5.611],[95.059,5.611]]],[[[95.0804,5.6438],[95.0511,5.6226],[95.0804,5.6438]]],[[[95.5085,4.6909],[95.5085,4.6909]]],[[[95.4899,4.7263],[95.4899,4.7263]]],[[[95.4415,4.7739],[95.4529,4.7706],[95.4415,4.7739]]],[[[95.3857,4.8623],[95.3659,4.8754],[95.3886,4.8768],[95.3857,4.8623]]],[[[95.2909,5.1298],[95.2909,5.1298]]],[[[95.2073,5.2794],[95.2073,5.2794]]],[[[95.2069,5.3078],[95.2069,5.3078]]],[[[95.2033,5.3128],[95.2033,5.3128]]],[[[95.2147,5.5803],[95.1826,5.5748],[95.2147,5.5803]]],[[[95.2209,5.5765],[95.2209,5.5765]]],[[[95.2151,5.5795],[95.2151,5.5795]]],[[[95.1587,5.6578],[95.1587,5.6578]]],[[[95.1066,5.6963],[95.1066,5.6963]]],[[[95.0132,5.7549],[95.0132,5.7549]]],[[[95.0139,5.7126],[95.0139,5.7126]]],[[[95.0353,5.6705],[95.0353,5.6705]]],[[[95.0432,5.6723],[95.0432,5.6723]]],[[[95.0735,5.6668],[95.0777,5.6567],[95.0545,5.6486],[95.0719,5.6668],[95.0435,5.6712],[95.0605,5.6798],[95.0404,5.6929],[95.0386,5.707],[95.0604,5.7129],[95.0475,5.7357],[95.0109,5.7235],[95.0264,5.7495],[95.0688,5.7468],[95.0723,5.7234],[95.1054,5.7126],[95.1041,5.6974],[95.143,5.6665],[95.0735,5.6668]]],[[[95.3117,5.877],[95.3117,5.877]]],[[[95.3539,5.8677],[95.375,5.8473],[95.3756,5.8049],[95.3473,5.8271],[95.331,5.7727],[95.2873,5.7799],[95.2564,5.8437],[95.2206,5.873],[95.2162,5.9056],[95.2927,5.8387],[95.3041,5.8399],[95.3016,5.873],[95.3153,5.8668],[95.3241,5.8817],[95.3099,5.8902],[95.3209,5.9002],[95.349,5.8867],[95.3539,5.8677]]],[[[95.2594,5.8765],[95.2552,5.8881],[95.2594,5.8765]]],[[[95.2542,5.8939],[95.2542,5.8939]]],[[[95.1195,6.0761],[95.1195,6.0761]]],[[[96.6397,2.1488],[96.6083,2.182],[96.6346,2.1864],[96.662,2.1666],[96.6397,2.1488]]],[[[97.3287,2.1843],[97.3287,2.1843]]],[[[97.3275,2.1844],[97.3275,2.1844]]],[[[97.4386,2.2444],[97.4386,2.2444]]],[[[97.2152,2.2451],[97.2152,2.2451]]],[[[97.3178,2.2449],[97.3178,2.2449]]],[[[97.4291,2.2414],[97.4364,2.2488],[97.4291,2.2414]]],[[[97.2804,2.2468],[97.2804,2.2468]]],[[[97.2379,2.2325],[97.3027,2.2324],[97.3109,2.1834],[97.3348,2.1746],[97.3383,2.1553],[97.3447,2.1656],[97.3405,2.1205],[97.3638,2.1012],[97.3612,2.0839],[97.347,2.087],[97.3499,2.0417],[97.3331,2.0394],[97.3343,2.0559],[97.2356,2.1527],[97.2378,2.1684],[97.2265,2.16],[97.2151,2.1841],[97.1773,2.182],[97.1195,2.2178],[97.1726,2.2387],[97.1961,2.2283],[97.2003,2.2063],[97.2254,2.2073],[97.2379,2.2325]]],[[[97.442,2.188],[97.4471,2.1598],[97.442,2.188]]],[[[97.4676,2.1848],[97.468,2.1746],[97.4676,2.1848]]],[[[97.3247,2.1886],[97.3247,2.1886]]],[[[98.0422,2.1925],[98.0422,2.1925]]],[[[97.2186,2.2131],[97.2186,2.2131]]],[[[98.0163,2.2151],[98.0163,2.2151]]],[[[98.0039,2.2192],[98.0039,2.2192]]],[[[97.2139,2.2166],[97.2139,2.2166]]],[[[97.2489,2.2384],[97.2489,2.2384]]],[[[97.221,2.2356],[97.2299,2.2264],[97.221,2.2356]]],[[[97.192,2.2568],[97.192,2.2568]]],[[[97.2353,2.2802],[97.2353,2.2802]]],[[[97.3347,2.2661],[97.3347,2.2661]]],[[[97.4132,2.2866],[97.4251,2.2635],[97.4132,2.2866]]],[[[97.2802,2.284],[97.2868,2.2758],[97.265,2.2858],[97.2802,2.284]]],[[[97.3019,2.2595],[97.3019,2.2595]]],[[[97.2963,2.2615],[97.2963,2.2615]]],[[[97.7162,2.3417],[97.7162,2.3417]]],[[[97.7147,2.3435],[97.7147,2.3435]]],[[[97.4091,2.295],[97.4091,2.295]]],[[[97.2611,2.2898],[97.2522,2.2954],[97.2611,2.2898]]],[[[97.4266,2.303],[97.4299,2.2846],[97.4266,2.303]]],[[[97.4168,2.296],[97.4089,2.3151],[97.4168,2.296]]],[[[97.3206,2.3098],[97.3187,2.2936],[97.3206,2.3098]]],[[[97.2529,2.3038],[97.2529,2.3038]]],[[[97.264,2.2521],[97.264,2.2521]]],[[[97.2147,2.2619],[97.2157,2.2512],[97.2147,2.2619]]],[[[97.2512,2.2674],[97.2537,2.2525],[97.2512,2.2674]]],[[[96.3056,2.63],[96.3056,2.63]]],[[[95.8727,2.6121],[95.8652,2.6044],[95.8727,2.6121]]],[[[96.3793,2.5177],[96.3907,2.5107],[96.3634,2.5238],[96.3793,2.5177]]],[[[95.9491,2.5234],[95.9159,2.5265],[95.9322,2.5449],[95.9598,2.5296],[95.9491,2.5234]]],[[[96.3593,2.54],[96.3593,2.54]]],[[[96.3498,2.5306],[96.3498,2.5306]]],[[[96.3457,2.5347],[96.3457,2.5347]]],[[[96.3547,2.5225],[96.3547,2.5225]]],[[[96.3458,2.5274],[96.3458,2.5274]]],[[[96.35,2.539],[96.35,2.539]]],[[[96.3447,2.5398],[96.3447,2.5398]]],[[[96.3489,2.5425],[96.3489,2.5425]]],[[[97.5946,2.809],[97.5946,2.809]]],[[[96.3266,2.6383],[96.3266,2.6383]]],[[[96.3907,2.646],[96.3525,2.6571],[96.3654,2.6639],[96.3907,2.646]]],[[[96.1566,2.6632],[96.1566,2.6632]]],[[[96.2182,2.654],[96.2182,2.654]]],[[[96.1473,2.6753],[96.1473,2.6753]]],[[[95.7363,2.7029],[95.7134,2.7116],[95.7432,2.72],[95.7363,2.7029]]],[[[96.1361,2.7211],[96.1361,2.7211]]],[[[96.0122,2.7835],[96.0122,2.7835]]],[[[95.9644,2.8261],[95.9644,2.8261]]],[[[96.1278,2.74],[96.104,2.7449],[96.1278,2.74]]],[[[96.1054,2.7468],[96.1054,2.7468]]],[[[97.2314,2.3272],[97.2314,2.3272]]],[[[97.5364,2.3352],[97.5364,2.3352]]],[[[96.1961,2.3482],[96.2046,2.3586],[96.1961,2.3482]]],[[[96.2353,2.3445],[96.2176,2.3589],[96.2583,2.3727],[96.255,2.3493],[96.2353,2.3445]]],[[[97.565,2.3803],[97.565,2.3803]]],[[[96.2321,2.4145],[96.2321,2.4145]]],[[[96.5057,2.433],[96.51,2.4148],[96.4795,2.4248],[96.5057,2.433]]],[[[96.5028,2.4134],[96.5028,2.4134]]],[[[97.3921,2.3421],[97.3858,2.3634],[97.4143,2.3444],[97.4252,2.3044],[97.3921,2.3421]]],[[[96.4839,2.4378],[96.4839,2.4378]]],[[[96.4059,2.3327],[96.3873,2.349],[96.3652,2.3368],[96.3186,2.353],[96.3356,2.3879],[96.3134,2.3855],[96.3128,2.4197],[96.2282,2.4418],[96.1606,2.5119],[96.1284,2.5202],[96.0753,2.5698],[96.0575,2.5637],[96.0075,2.5908],[95.9963,2.5658],[95.9799,2.5878],[95.9496,2.5702],[95.9177,2.5988],[95.8856,2.6032],[95.8888,2.6196],[95.8616,2.6375],[95.8382,2.6228],[95.8188,2.6463],[95.7957,2.6304],[95.7897,2.6704],[95.7546,2.6999],[95.763,2.7147],[95.7217,2.7414],[95.7335,2.7568],[95.7037,2.7473],[95.6921,2.7726],[95.7185,2.8254],[95.7789,2.8179],[95.7907,2.8306],[95.7956,2.8437],[95.7634,2.8575],[95.784,2.9256],[95.8051,2.9298],[95.802,2.9071],[95.8167,2.9142],[95.8399,2.884],[95.8329,2.9132],[95.8707,2.9147],[95.9034,2.8964],[95.9105,2.8474],[95.8815,2.8729],[95.8639,2.8589],[95.8854,2.8442],[95.8806,2.8259],[95.9084,2.8286],[95.9148,2.8453],[95.9317,2.824],[95.9723,2.8127],[96.0085,2.766],[96.0988,2.7568],[96.0857,2.7548],[96.0842,2.7324],[96.0913,2.75],[96.1319,2.7311],[96.1321,2.7199],[96.1124,2.7301],[96.1126,2.7146],[96.1287,2.701],[96.1468,2.713],[96.1517,2.6889],[96.1191,2.6939],[96.0928,2.6768],[96.1057,2.6367],[96.1237,2.6339],[96.1233,2.6481],[96.1434,2.6545],[96.1439,2.6359],[96.1549,2.6477],[96.1918,2.6172],[96.1631,2.6793],[96.2398,2.6194],[96.2529,2.5857],[96.3498,2.5462],[96.3394,2.5242],[96.3708,2.5123],[96.3691,2.4884],[96.3925,2.4747],[96.3841,2.4564],[96.4072,2.4606],[96.4042,2.5126],[96.4252,2.4774],[96.4277,2.4918],[96.4538,2.4761],[96.4994,2.3647],[96.4423,2.3277],[96.4059,2.3327]]],[[[95.7635,2.8289],[95.7635,2.8289]]],[[[95.7868,2.834],[95.7868,2.834]]],[[[95.7852,2.8367],[95.7852,2.8367]]],[[[95.7737,2.8407],[95.7737,2.8407]]],[[[95.9627,2.8426],[95.9627,2.8426]]],[[[95.9406,2.8514],[95.9406,2.8514]]],[[[95.9302,2.8618],[95.9302,2.8618]]],[[[97.5198,2.8839],[97.5198,2.8839]]],[[[97.5166,2.8882],[97.5166,2.8882]]],[[[95.7642,2.8912],[95.7642,2.8912]]],[[[95.7601,2.9056],[95.7601,2.9056]]],[[[95.7617,2.9315],[95.7617,2.9315]]],[[[98.1234,2.1715],[97.9489,2.2699],[97.9136,2.2703],[97.8826,2.2416],[97.8685,2.2482],[97.8946,2.2766],[97.865,2.2675],[97.8637,2.2466],[97.803,2.2679],[97.7949,2.2391],[97.7754,2.2368],[97.7173,2.3394],[97.7399,2.3208],[97.6611,2.4019],[97.6479,2.6783],[97.5922,2.8789],[97.5364,2.8823],[97.4867,2.9202],[97.4439,2.9246],[97.3697,2.9886],[97.319,3.0548],[97.2993,3.1079],[97.3203,3.099],[97.2975,3.1143],[97.2576,3.2206],[97.1912,3.262],[97.1674,3.2602],[97.0166,3.5214],[96.993,3.5511],[96.9019,3.601],[96.8656,3.6931],[96.7749,3.7387],[96.7244,3.7471],[96.5443,3.7291],[96.4967,3.7495],[96.3875,3.8465],[96.1919,4.1072],[96.1476,4.141],[96.1265,4.1245],[96.0554,4.2052],[96.0238,4.1948],[95.7475,4.5141],[95.6033,4.6278],[95.5677,4.6305],[95.5829,4.6607],[95.562,4.6694],[95.5397,4.656],[95.4977,4.7435],[95.4519,4.7837],[95.4469,4.8068],[95.4132,4.8205],[95.4263,4.8363],[95.3982,4.8717],[95.4024,4.8942],[95.3688,4.949],[95.3812,4.9707],[95.3557,5.004],[95.3666,5.0322],[95.306,5.0812],[95.3206,5.0908],[95.3036,5.1151],[95.2827,5.1084],[95.3107,5.1291],[95.3076,5.1684],[95.2421,5.2223],[95.2535,5.2361],[95.2327,5.2582],[95.2478,5.2649],[95.2401,5.2817],[95.2118,5.275],[95.2185,5.3241],[95.2319,5.3144],[95.2391,5.3253],[95.2215,5.3438],[95.2294,5.3626],[95.2414,5.339],[95.2524,5.3817],[95.2298,5.4328],[95.2408,5.4676],[95.1936,5.5267],[95.2249,5.5758],[95.2366,5.5571],[95.2709,5.5519],[95.4336,5.6568],[95.5175,5.5958],[95.5307,5.6141],[95.6126,5.6276],[95.8795,5.509],[95.9214,5.4108],[96.0769,5.2939],[96.1919,5.2596],[96.2575,5.2632],[96.3989,5.2093],[96.4722,5.2382],[96.5128,5.1996],[96.6289,5.2121],[96.8447,5.2769],[96.8743,5.2497],[96.9829,5.2622],[97.104,5.225],[97.1007,5.2147],[97.1485,5.1928],[97.1506,5.1678],[97.1332,5.1749],[97.146,5.153],[97.1999,5.1412],[97.4977,5.2501],[97.5547,5.2134],[97.5317,5.21],[97.5653,5.1888],[97.5909,5.1445],[97.6524,5.1184],[97.6565,5.0811],[97.6455,5.0925],[97.645,5.0745],[97.8493,4.904],[97.9059,4.8892],[97.9764,4.6739],[97.9654,4.679],[97.9645,4.6644],[98.0177,4.6092],[97.9706,4.5592],[97.9825,4.5344],[97.9982,4.5233],[98.0372,4.5452],[98.035,4.528],[98.0659,4.553],[98.0852,4.5313],[98.0633,4.5098],[98.0782,4.5015],[98.0872,4.5229],[98.1146,4.5233],[98.1578,4.5089],[98.1861,4.4779],[98.2366,4.4612],[98.2312,4.4383],[98.2523,4.4439],[98.2766,4.4248],[98.268,4.4114],[98.2859,4.4169],[98.2733,4.3961],[98.2796,4.3306],[98.2544,4.2894],[98.2144,4.2872],[98.1987,4.3015],[98.1544,4.2903],[98.1464,4.2604],[98.0685,4.2477],[98.0947,4.2075],[98.0556,4.1861],[98.0756,4.1475],[98.0528,4.1338],[98.0469,4.027],[98.026,4.0162],[98.0367,3.9565],[98.0164,3.9698],[97.9635,3.934],[97.952,3.8897],[97.9095,3.9131],[97.9222,3.8452],[97.9092,3.8188],[97.8003,3.7227],[97.8719,3.6121],[97.8683,3.571],[97.9044,3.5569],[97.9216,3.4981],[97.9591,3.4816],[97.9337,3.4445],[97.9481,3.3915],[98.0036,3.3682],[98.0289,3.331],[98.0139,3.2936],[97.953,3.2716],[97.9587,3.2589],[97.8704,3.2496],[97.921,3.2407],[97.9143,3.2313],[97.9435,3.2013],[97.9385,3.1635],[97.9809,3.1189],[97.9754,3.0738],[97.9394,3.0762],[97.9303,3.0631],[97.9469,3.0057],[97.9351,2.9895],[97.9646,2.9732],[97.9487,2.8953],[98.0064,2.8723],[98.0557,2.8187],[98.099,2.8228],[98.1169,2.785],[98.0696,2.7648],[98.104,2.6821],[98.1107,2.6113],[98.0846,2.6017],[98.0812,2.5195],[98.1485,2.4213],[98.1971,2.3119],[98.1788,2.2399],[98.1308,2.1638],[98.1234,2.1715]],[[97.9494,2.9141],[97.9494,2.9141]]]]}},{"type":"Feature","properties":{"NAME_1":"Bali"},"geometry":{"type":"MultiPolygon","coordinates":[[[[115.5257,-8.8045],[115.5257,-8.8045]]],[[[115.5281,-8.7998],[115.5281,-8.7998]]],[[[115.5289,-8.7996],[115.5289,-8.7996]]],[[[115.5282,-8.7991],[115.5282,-8.7991]]],[[[115.581,-8.817],[115.581,-8.817]]],[[[115.5943,-8.8167],[115.5943,-8.8167]]],[[[115.6097,-8.7871],[115.5877,-8.8195],[115.5287,-8.7994],[115.4754,-8.7519],[115.4513,-8.7483],[115.4477,-8.7221],[115.4918,-8.6728],[115.5632,-8.6722],[115.6253,-8.7571],[115.6097,-8.7871]]],[[[115.6297,-8.7805],[115.6297,-8.7805]]],[[[115.5281,-8.7992],[115.5281,-8.7992]]],[[[115.5232,-8.7903],[115.5232,-8.7903]]],[[[115.4921,-8.7732],[115.4921,-8.7732]]],[[[115.6195,-8.7792],[115.6195,-8.7792]]],[[[115.629,-8.7764],[115.629,-8.7764]]],[[[115.6266,-8.7767],[115.6266,-8.7767]]],[[[115.4845,-8.7726],[115.4845,-8.7726]]],[[[115.4873,-8.7706],[115.4873,-8.7706]]],[[[115.4785,-8.759],[115.4785,-8.759]]],[[[115.4728,-8.7546],[115.4728,-8.7546]]],[[[115.4548,-8.7378],[115.4548,-8.7378]]],[[[115.4564,-8.7151],[115.4564,-8.7151]]],[[[115.4517,-8.7502],[115.4517,-8.7502]]],[[[115.4602,-8.6985],[115.4371,-8.7085],[115.4658,-8.6872],[115.4602,-8.6985]]],[[[115.4731,-8.6717],[115.4509,-8.6938],[115.4279,-8.6887],[115.4511,-8.6631],[115.4731,-8.6717]]],[[[115.4212,-8.5762],[115.3588,-8.5791],[115.2685,-8.6548],[115.2641,-8.7061],[115.2246,-8.7225],[115.2447,-8.7252],[115.2371,-8.7375],[115.2491,-8.7284],[115.2394,-8.7435],[115.2293,-8.7352],[115.2297,-8.7525],[115.2179,-8.7471],[115.2242,-8.7256],[115.2119,-8.7469],[115.2064,-8.7294],[115.1862,-8.7417],[115.1968,-8.7826],[115.2203,-8.7872],[115.2239,-8.7695],[115.2402,-8.8027],[115.2178,-8.8326],[115.1673,-8.8493],[115.0889,-8.8381],[115.0885,-8.8147],[115.1675,-8.774],[115.1521,-8.7474],[115.1691,-8.7207],[115.1437,-8.6718],[115.1,-8.6404],[115.0588,-8.5801],[114.8835,-8.45],[114.7335,-8.3958],[114.6324,-8.4076],[114.5815,-8.3983],[114.4485,-8.2188],[114.4333,-8.166],[114.4522,-8.1644],[114.4431,-8.1804],[114.4682,-8.1663],[114.445,-8.1568],[114.4358,-8.098],[114.4938,-8.0957],[114.5232,-8.1548],[114.5559,-8.1312],[114.5684,-8.141],[114.5792,-8.1215],[114.5952,-8.1233],[114.5956,-8.1393],[114.6175,-8.1228],[114.8682,-8.1964],[115.0019,-8.1755],[115.1163,-8.0817],[115.1844,-8.0618],[115.4533,-8.1622],[115.5607,-8.2333],[115.6297,-8.3242],[115.6982,-8.3585],[115.712,-8.3936],[115.6885,-8.4324],[115.6353,-8.4622],[115.6126,-8.5063],[115.5813,-8.5177],[115.5222,-8.5038],[115.5084,-8.5415],[115.4212,-8.5762]]],[[[115.2138,-8.7574],[115.2138,-8.7574]]],[[[115.2327,-8.7228],[115.2327,-8.7228]]],[[[114.6097,-8.1222],[114.6097,-8.1222]]],[[[114.6203,-8.1185],[114.6203,-8.1185]]],[[[114.5922,-8.1186],[114.5922,-8.1186]]],[[[114.6201,-8.1165],[114.6201,-8.1165]]],[[[114.6163,-8.1146],[114.6163,-8.1146]]],[[[114.5245,-8.0929],[114.5023,-8.0944],[114.5245,-8.0929]]]]}},{"type":"Feature","properties":{"NAME_1":"BangkaBelitung"},"geometry":{"type":"MultiPolygon","coordinates":[[[[108.0137,-3.2445],[107.9849,-3.2722],[107.9756,-3.2636],[107.9632,-3.1676],[107.9328,-3.1509],[107.9297,-3.1263],[107.886,-3.1174],[107.8991,-3.0973],[107.8599,-3.0585],[107.8119,-3.0862],[107.8485,-3.1197],[107.8283,-3.1674],[107.7569,-3.1941],[107.7087,-3.1926],[107.6396,-3.2391],[107.6077,-3.2412],[107.5945,-3.2221],[107.5851,-3.1954],[107.6383,-3.1287],[107.5939,-3.1053],[107.5607,-2.9966],[107.5857,-2.9784],[107.6139,-2.9112],[107.5306,-2.9368],[107.5286,-2.921],[107.5977,-2.8583],[107.5988,-2.8147],[107.5811,-2.7966],[107.6304,-2.7485],[107.6415,-2.752],[107.6379,-2.7983],[107.6433,-2.751],[107.6225,-2.7475],[107.6284,-2.7145],[107.6114,-2.7051],[107.6459,-2.6257],[107.6284,-2.5947],[107.658,-2.559],[107.6879,-2.5641],[107.7184,-2.5467],[107.7639,-2.5572],[107.8156,-2.5263],[107.8334,-2.5317],[107.8385,-2.5561],[107.9029,-2.5747],[107.9264,-2.56],[107.9591,-2.5787],[107.9893,-2.5722],[108.0106,-2.5856],[108.0027,-2.6186],[108.0298,-2.6373],[108.0189,-2.667],[108.0388,-2.6408],[108.0417,-2.5988],[108.0861,-2.5985],[108.1531,-2.6517],[108.1627,-2.6849],[108.1711,-2.6688],[108.1918,-2.6796],[108.2708,-2.7518],[108.2944,-2.8774],[108.2535,-2.9123],[108.2472,-2.9559],[108.2089,-3.011],[108.2133,-3.0699],[108.1799,-3.1201],[108.209,-3.1448],[108.1854,-3.1428],[108.1525,-3.1721],[108.0822,-3.1687],[108.0692,-3.1879],[108.0869,-3.2084],[108.0833,-3.2443],[108.0137,-3.2445]],[[107.63542483574246,-3.122888304862028],[107.63542483574246,-3.122888304862028]],[[107.63562871287131,-3.122997524752485],[107.63562871287131,-3.122997524752485]]],[[[107.9614,-3.4162],[107.9614,-3.4162]]],[[[107.7247,-3.3537],[107.7247,-3.3537]]],[[[107.7016,-3.3374],[107.7016,-3.3374]]],[[[107.6902,-3.3307],[107.6902,-3.3307]]],[[[108.46,-3.3254],[108.46,-3.3254]]],[[[108.4029,-3.3191],[108.4029,-3.3191]]],[[[107.21,-3.3162],[107.21,-3.3162]]],[[[108.447,-3.3322],[108.4385,-3.326],[108.447,-3.3322]]],[[[107.2205,-3.307],[107.2205,-3.307]]],[[[108.4653,-3.3072],[108.4653,-3.3072]]],[[[108.4623,-3.3005],[108.4623,-3.3005]]],[[[108.4607,-3.3038],[108.4607,-3.3038]]],[[[108.3949,-3.2955],[108.3803,-3.3013],[108.3954,-3.2832],[108.3949,-3.2955]]],[[[108.4586,-3.3154],[108.4586,-3.3154]]],[[[108.4121,-3.3124],[108.4138,-3.3013],[108.4121,-3.3124]]],[[[106.5145,-3.1299],[106.5145,-3.1299]]],[[[106.5159,-3.1352],[106.5159,-3.1352]]],[[[106.5152,-3.1334],[106.5152,-3.1334]]],[[[107.7328,-3.2729],[107.7328,-3.2729]]],[[[108.3644,-3.2673],[108.3644,-3.2673]]],[[[108.3877,-3.2452],[108.3813,-3.262],[108.3736,-3.2469],[108.3877,-3.2452]]],[[[108.3926,-3.2425],[108.3926,-3.2425]]],[[[108.3597,-3.26],[108.3597,-3.26]]],[[[108.3039,-3.2289],[108.3039,-3.2289]]],[[[107.5948,-3.2269],[107.5948,-3.2269]]],[[[108.0905,-3.2185],[108.0905,-3.2185]]],[[[107.6569,-3.2298],[107.6569,-3.2298]]],[[[108.2219,-3.23],[108.2219,-3.23]]],[[[108.27695384615384,-3.228015384615384],[108.27695384615384,-3.228015384615384]]],[[[108.2905,-3.2276],[108.2905,-3.2276]]],[[[108.2903,-3.2281],[108.2903,-3.2281]]],[[[108.2756,-3.2281],[108.2756,-3.2281]]],[[[108.2895,-3.2243],[108.2895,-3.2243]]],[[[107.7234,-3.2288],[107.7234,-3.2288]]],[[[108.2,-3.2238],[108.1866,-3.2281],[108.2,-3.2238]]],[[[107.4668,-3.1978],[107.4668,-3.1978]]],[[[108.3082,-3.1954],[108.3082,-3.1954]]],[[[108.1314,-3.1814],[108.1314,-3.1814]]],[[[108.1607,-3.1757],[108.1607,-3.1757]]],[[[108.1921,-3.1633],[108.1921,-3.1633]]],[[[108.2442,-3.151],[108.2442,-3.151]]],[[[108.2181,-3.1446],[108.2181,-3.1446]]],[[[108.208,-3.1706],[108.1977,-3.1763],[108.208,-3.1706]]],[[[108.1834,-3.1765],[108.1834,-3.1765]]],[[[108.1911,-3.1726],[108.1809,-3.1731],[108.1911,-3.1726]]],[[[108.0885,-3.211],[108.0885,-3.211]]],[[[108.289,-3.2095],[108.2757,-3.2244],[108.289,-3.2095]]],[[[108.2076,-3.2007],[108.1864,-3.2126],[108.2076,-3.2007]]],[[[108.1858,-3.1891],[108.1858,-3.1891]]],[[[107.7529,-3.2477],[107.7529,-3.2477]]],[[[108.0739,-3.2508],[108.0739,-3.2508]]],[[[107.7649,-3.2508],[107.7649,-3.2508]]],[[[107.5682,-3.2444],[107.5682,-3.2444]]],[[[108.0901,-3.233],[108.0901,-3.233]]],[[[108.2998,-3.2319],[108.2998,-3.2319]]],[[[108.2218,-3.2371],[108.2218,-3.2371]]],[[[107.6082,-3.2448],[107.6082,-3.2448]]],[[[108.3083,-3.2367],[108.3083,-3.2367]]],[[[108.2175,-3.2412],[108.2175,-3.2412]]],[[[107.6749,-3.2407],[107.6749,-3.2407]]],[[[108.2884,-3.2302],[108.2884,-3.2302]]],[[[107.5351,-3.199],[107.5511,-3.2143],[107.5227,-3.2546],[107.5168,-3.1969],[107.5351,-3.199]]],[[[107.8099,-2.5245],[107.8099,-2.5245]]],[[[108.8305,-2.5188],[108.8305,-2.5188]]],[[[108.5277,-2.5119],[108.5277,-2.5119]]],[[[108.847,-2.4971],[108.847,-2.4971]]],[[[108.5466,-2.4951],[108.5369,-2.5133],[108.5466,-2.4951]]],[[[106.4444,-2.2855],[106.4444,-2.2855]]],[[[106.4281,-2.2811],[106.4281,-2.2811]]],[[[106.3248,-2.2668],[106.3248,-2.2668]]],[[[105.7645,-2.3918],[105.7645,-2.3918]]],[[[105.7539,-2.388],[105.7539,-2.388]]],[[[105.7612,-2.3868],[105.7612,-2.3868]]],[[[106.3557,-2.2596],[106.3557,-2.2596]]],[[[106.3949,-2.2568],[106.3949,-2.2568]]],[[[106.35641917436176,-2.258988701792504],[106.35641917436176,-2.258988701792504]]],[[[106.4221,-2.2524],[106.4221,-2.2524]]],[[[106.3726,-2.2536],[106.3613,-2.2563],[106.3726,-2.2536]]],[[[106.3746,-2.2533],[106.3746,-2.2533]]],[[[106.3874,-2.2519],[106.3751,-2.2532],[106.3874,-2.2519]]],[[[105.7922,-2.4008],[105.8031,-2.4078],[105.7908,-2.4229],[105.7922,-2.4008]]],[[[105.7705,-2.3982],[105.7705,-2.3982]]],[[[105.7825,-2.3979],[105.7825,-2.3979]]],[[[108.5633,-2.5559],[108.5633,-2.5559]]],[[[108.5669,-2.5447],[108.5669,-2.5447]]],[[[106.2783,-2.1511],[106.2576,-2.1627],[106.2783,-2.1511]]],[[[106.2995,-2.1545],[106.2995,-2.1545]]],[[[105.8055,-1.804],[105.818,-1.8045],[105.8055,-1.804]]],[[[105.7695,-1.7429],[105.7695,-1.7429]]],[[[105.3833,-1.7235],[105.3837,-1.7343],[105.3833,-1.7235]]],[[[105.7347,-1.6822],[105.7347,-1.6822]]],[[[106.0486,-1.5989],[106.0486,-1.5989]]],[[[105.4518,-1.5695],[105.4518,-1.5695]]],[[[105.5118,-1.5596],[105.5118,-1.5596]]],[[[105.7549,-1.7321],[105.7549,-1.7321]]],[[[108.4914,-2.6795],[108.4914,-2.6795]]],[[[108.4947,-2.6286],[108.4972,-2.6393],[108.4947,-2.6286]]],[[[108.6173,-2.5935],[108.6173,-2.5935]]],[[[108.7674,-2.5744],[108.7674,-2.5744]]],[[[108.7488,-2.5745],[108.7488,-2.5745]]],[[[108.5666,-2.5654],[108.5681,-2.5812],[108.5666,-2.5654]]],[[[108.7315,-2.5822],[108.7396,-2.5985],[108.7315,-2.5822]]],[[[108.7153,-2.5868],[108.7153,-2.5868]]],[[[106.353,-2.9758],[106.353,-2.9758]]],[[[106.697,-2.9613],[106.697,-2.9613]]],[[[106.7127,-2.8849],[106.7127,-2.8849]]],[[[107.0177,-2.874],[107.0177,-2.874]]],[[[107.3407,-2.8605],[107.3407,-2.8605]]],[[[107.0917,-2.8502],[107.0917,-2.8502]]],[[[107.5458,-2.8535],[107.5458,-2.8535]]],[[[107.5439,-2.8586],[107.5439,-2.8586]]],[[[107.5274,-2.849],[107.5274,-2.849]]],[[[107.473,-2.8461],[107.473,-2.8461]]],[[[108.4035,-2.8116],[108.4035,-2.8116]]],[[[108.4102,-2.7974],[108.4102,-2.7974]]],[[[108.3944,-2.8403],[108.3944,-2.8403]]],[[[106.8481,-2.844],[106.8517,-2.8591],[106.8291,-2.8511],[106.8481,-2.844]]],[[[107.5009,-2.8583],[107.4908,-2.8766],[107.4831,-2.8634],[107.5063,-2.8433],[107.5009,-2.8583]]],[[[106.8005,-2.8385],[106.7814,-2.8432],[106.8005,-2.8385]]],[[[107.3603,-2.8058],[107.3603,-2.8058]]],[[[107.3682,-2.805],[107.3682,-2.805]]],[[[107.5747,-2.7953],[107.5747,-2.7953]]],[[[107.5923,-2.8322],[107.5923,-2.8322]]],[[[107.396,-2.8127],[107.396,-2.8127]]],[[[107.476,-2.8329],[107.476,-2.8329]]],[[[107.5036,-2.8219],[107.4848,-2.8428],[107.4781,-2.8249],[107.5036,-2.8219]]],[[[107.5892,-2.8334],[107.5892,-2.8334]]],[[[107.5894,-2.8266],[107.5894,-2.8266]]],[[[107.4215,-2.7944],[107.4325,-2.82],[107.4007,-2.834],[107.3712,-2.8231],[107.4017,-2.8132],[107.3868,-2.7976],[107.4215,-2.7944]]],[[[107.40040769230767,-2.807461538461506],[107.40040769230767,-2.807461538461506]]],[[[108.3676,-2.934],[108.3676,-2.934]]],[[[108.348,-2.9716],[108.348,-2.9716]]],[[[107.5286,-2.9611],[107.5286,-2.9611]]],[[[107.415,-2.9542],[107.415,-2.9542]]],[[[107.4183,-2.9539],[107.4183,-2.9539]]],[[[107.4261,-2.9532],[107.4261,-2.9532]]],[[[107.3539,-2.9217],[107.3539,-2.9217]]],[[[107.3552,-2.9191],[107.3552,-2.9191]]],[[[106.7661,-2.9013],[106.7661,-2.9013]]],[[[107.5187,-2.9501],[107.5187,-2.9501]]],[[[107.4303,-2.9376],[107.4303,-2.9376]]],[[[107.5274,-2.9392],[107.5258,-2.9517],[107.5135,-2.9363],[107.5274,-2.9392]]],[[[107.4797,-2.9358],[107.4872,-2.9194],[107.4797,-2.9358]]],[[[107.4343,-2.9238],[107.4343,-2.9238]]],[[[106.7754,-2.8838],[106.7617,-2.8966],[106.7754,-2.8838]]],[[[106.7388,-2.87],[106.7477,-2.8866],[106.7224,-2.903],[106.7388,-2.87]]],[[[107.4174,-2.9253],[107.4105,-2.9451],[107.3384,-2.8813],[107.3715,-2.8855],[107.3807,-2.8476],[107.4683,-2.8217],[107.4797,-2.8443],[107.4514,-2.8543],[107.4855,-2.8476],[107.4762,-2.8907],[107.4615,-2.8973],[107.4712,-2.9042],[107.4174,-2.9253]]],[[[107.0678,-2.8412],[107.0934,-2.8614],[107.0849,-2.9123],[107.0528,-2.908],[107.0196,-2.8783],[107.055,-2.8197],[107.0678,-2.8412]]],[[[106.514,-3.1166],[106.514,-3.1166]]],[[[106.5124,-3.1159],[106.5124,-3.1159]]],[[[107.8613,-3.1103],[107.8562,-3.127],[107.8399,-3.1039],[107.8613,-3.1103]]],[[[106.6559,-3.1005],[106.6559,-3.1005]]],[[[106.6095,-3.0908],[106.6095,-3.0908]]],[[[106.6222,-3.0889],[106.6222,-3.0889]]],[[[106.6215,-3.0884],[106.6215,-3.0884]]],[[[107.3613,-3.08],[107.3613,-3.08]]],[[[108.3009,-3.0591],[108.297,-3.0684],[108.3009,-3.0591]]],[[[106.8294,-3.0387],[106.8294,-3.0387]]],[[[108.2788,-3.0146],[108.2788,-3.0146]]],[[[107.5088,-3.0346],[107.5088,-3.0346]]],[[[107.5321,-2.983],[107.5258,-3.0053],[107.5163,-2.9718],[107.5321,-2.968],[107.5321,-2.983]]],[[[106.702,-2.9776],[106.7143,-2.9843],[106.7029,-2.9954],[106.702,-2.9776]]],[[[107.1072,-2.9904],[107.1072,-2.9904]]],[[[107.2408,-2.9925],[107.224,-2.9966],[107.2408,-2.9925]]],[[[107.2721,-2.9993],[107.2721,-2.9993]]],[[[107.5034,-2.9982],[107.5034,-2.9982]]],[[[107.5041,-2.9974],[107.5017,-2.9699],[107.5041,-2.9974]]],[[[107.1726,-3.0234],[107.1655,-3.0331],[107.1726,-3.0234]]],[[[107.5029,-3.0144],[107.4987,-2.9983],[107.5029,-3.0144]]],[[[107.3487,-3.0475],[107.3487,-3.0475]]],[[[106.8554,-3.0455],[106.8554,-3.0455]]],[[[107.5652,-3.0531],[107.5652,-3.0531]]],[[[107.3848,-3.0551],[107.3838,-3.0436],[107.3848,-3.0551]]],[[[107.3941,-3.0495],[107.3941,-3.0495]]],[[[107.3961,-3.051],[107.3961,-3.051]]],[[[107.4894,-3.0511],[107.4894,-3.0511]]],[[[107.555,-3.0412],[107.561,-3.0548],[107.555,-3.0412]]],[[[107.1526,-3.0329],[107.1458,-3.0404],[107.1526,-3.0329]]],[[[107.5497,-3.0381],[107.5446,-3.0246],[107.5497,-3.0381]]],[[[107.5043,-3.0355],[107.4916,-3.052],[107.4873,-3.0312],[107.5043,-3.0355]]],[[[108.27,-3.0739],[108.27,-3.0739]]],[[[107.4186,-3.065],[107.4186,-3.065]]],[[[107.4306,-3.068],[107.4306,-3.068]]],[[[108.2755,-3.061],[108.2755,-3.061]]],[[[107.3663,-3.0614],[107.3663,-3.0614]]],[[[107.4185,-3.0626],[107.4185,-3.0626]]],[[[107.4956,-3.0602],[107.4956,-3.0602]]],[[[107.4939,-3.0592],[107.4939,-3.0592]]],[[[107.4193,-3.0602],[107.4193,-3.0602]]],[[[107.3593,-3.06],[107.3593,-3.06]]],[[[108.2622,-3.0461],[108.2724,-3.0562],[108.2398,-3.0753],[108.2432,-3.0494],[108.2622,-3.0461]]],[[[106.6755,-2.9591],[106.6755,-2.9591]]],[[[106.6973,-2.9731],[106.6973,-2.9731]]],[[[106.7031,-2.9672],[106.7031,-2.9672]]],[[[107.5294,-2.9652],[107.5136,-2.9608],[107.5294,-2.9652]]],[[[107.2343,-2.9626],[107.2201,-2.9673],[107.2343,-2.9626]]],[[[106.8333,-3.029],[106.7095,-2.9671],[106.7325,-2.9254],[106.7899,-2.9066],[106.8024,-2.8865],[106.9107,-2.9456],[106.88,-3.0082],[106.8951,-3.0317],[106.8553,-3.04],[106.8333,-3.029]]],[[[107.1327,-2.9793],[107.1327,-2.9793]]],[[[107.5585,-2.9835],[107.5585,-2.9835]]],[[[108.2791,-2.9793],[108.2791,-2.9793]]],[[[107.5564,-2.9803],[107.5564,-2.9803]]],[[[107.4711,-2.9393],[107.4616,-2.9721],[107.4365,-2.9841],[107.4323,-2.9389],[107.4668,-2.9228],[107.4711,-2.9393]]],[[[107.6471,-2.5375],[107.6471,-2.5375]]],[[[107.8457,-2.5349],[107.8457,-2.5349]]],[[[107.6226,-2.5334],[107.6226,-2.5334]]],[[[107.6519,-2.5317],[107.6519,-2.5317]]],[[[107.8372,-2.5344],[107.8372,-2.5344]]],[[[107.6463,-2.5604],[107.6463,-2.5604]]],[[[107.9308,-2.5585],[107.9308,-2.5585]]],[[[107.6194,-2.5551],[107.6194,-2.5551]]],[[[107.6572,-2.5571],[107.6572,-2.5571]]],[[[107.6697,-2.5538],[107.6697,-2.5538]]],[[[107.7052,-2.5539],[107.7052,-2.5539]]],[[[107.9859,-2.5543],[107.9859,-2.5543]]],[[[107.6441,-2.5502],[107.6441,-2.5502]]],[[[107.6557,-2.5526],[107.6557,-2.5526]]],[[[107.6487,-2.5529],[107.6487,-2.5529]]],[[[107.6459,-2.5513],[107.6459,-2.5513]]],[[[107.714,-2.5476],[107.714,-2.5476]]],[[[107.6718,-2.5462],[107.6718,-2.5462]]],[[[107.722,-2.5458],[107.722,-2.5458]]],[[[107.7189,-2.5448],[107.7189,-2.5448]]],[[[107.8706,-2.5393],[107.8555,-2.5448],[107.8706,-2.5393]]],[[[107.7227,-2.5429],[107.7227,-2.5429]]],[[[107.9209,-2.5426],[107.9209,-2.5426]]],[[[107.7962,-2.5434],[107.7962,-2.5434]]],[[[107.9162,-2.5405],[107.9162,-2.5405]]],[[[107.6656,-2.5508],[107.6656,-2.5508]]],[[[107.6725,-2.5501],[107.6725,-2.5501]]],[[[107.7058,-2.5501],[107.7058,-2.5501]]],[[[107.6695,-2.5507],[107.6695,-2.5507]]],[[[107.6493,-2.5495],[107.6493,-2.5495]]],[[[107.6476,-2.5402],[107.6476,-2.5402]]],[[[107.6232,-2.538],[107.6232,-2.538]]],[[[107.6197,-2.5363],[107.6197,-2.5363]]],[[[106.4679,-3.0253],[106.4418,-3.0116],[106.4197,-2.9695],[106.3321,-2.9653],[106.3207,-2.9328],[106.2797,-2.9032],[106.2333,-2.8999],[106.1813,-2.8715],[106.142,-2.8759],[106.0915,-2.837],[105.9501,-2.8211],[105.9534,-2.7825],[105.9191,-2.7437],[105.8866,-2.6443],[105.8908,-2.5882],[105.9384,-2.5303],[105.9338,-2.4748],[105.9115,-2.4437],[105.8352,-2.4132],[105.8037,-2.3679],[105.8264,-2.3113],[105.7878,-2.2519],[105.7899,-2.1737],[105.735,-2.145],[105.745,-2.1283],[105.6139,-2.1215],[105.5195,-2.0773],[105.4607,-2.1049],[105.4378,-2.1358],[105.4083,-2.1205],[105.3782,-2.1318],[105.3336,-2.1203],[105.2748,-2.1454],[105.2048,-2.0714],[105.1559,-2.0703],[105.1316,-2.0856],[105.108,-2.0254],[105.1324,-1.9804],[105.1272,-1.9594],[105.2123,-1.9039],[105.2491,-1.9063],[105.3212,-1.8623],[105.3736,-1.7982],[105.3919,-1.7277],[105.4039,-1.7258],[105.3146,-1.6659],[105.367,-1.6591],[105.354,-1.6476],[105.3619,-1.6247],[105.3781,-1.6349],[105.4017,-1.6006],[105.4343,-1.5979],[105.4728,-1.5646],[105.5397,-1.5669],[105.5719,-1.5482],[105.5692,-1.53],[105.6097,-1.5304],[105.6125,-1.5798],[105.6467,-1.6432],[105.683,-1.6588],[105.7211,-1.6456],[105.6668,-1.7151],[105.6847,-1.7519],[105.6684,-1.7612],[105.694,-1.7838],[105.7748,-1.7676],[105.7841,-1.8057],[105.8111,-1.8142],[105.8261,-1.8033],[105.7542,-1.7276],[105.74,-1.686],[105.757,-1.6774],[105.7534,-1.6517],[105.7669,-1.6508],[105.7331,-1.6316],[105.7415,-1.6129],[105.7032,-1.5281],[105.8147,-1.5315],[105.9162,-1.5019],[105.9128,-1.5404],[105.9515,-1.5597],[105.9807,-1.5509],[106.0488,-1.6002],[106.0545,-1.6194],[106.0329,-1.6144],[106.0232,-1.6323],[106.0286,-1.6819],[106.0733,-1.748],[106.095,-1.7575],[106.0873,-1.7759],[106.1268,-1.8015],[106.1189,-1.8217],[106.1348,-1.8551],[106.1858,-1.8956],[106.1493,-1.9795],[106.1589,-2.0859],[106.2282,-2.2602],[106.2322,-2.3157],[106.2995,-2.4208],[106.3768,-2.4742],[106.4466,-2.4727],[106.4998,-2.5045],[106.8493,-2.5719],[106.8327,-2.5898],[106.8018,-2.5948],[106.8243,-2.5882],[106.8122,-2.578],[106.7731,-2.6077],[106.7597,-2.5996],[106.7077,-2.6431],[106.6615,-2.7158],[106.5931,-2.8992],[106.6039,-2.9595],[106.6754,-2.9753],[106.6948,-3.003],[106.7418,-3.0073],[106.7293,-3.0321],[106.7398,-3.0857],[106.6592,-3.1023],[106.6523,-3.0861],[106.6082,-3.0885],[106.5902,-3.0716],[106.5539,-3.0921],[106.5539,-3.1088],[106.5137,-3.1154],[106.4916,-3.0915],[106.4935,-3.053],[106.4679,-3.0253]]],[[[108.4182,-2.7891],[108.4182,-2.7891]]],[[[107.4281,-2.7883],[107.4281,-2.7883]]],[[[107.5847,-2.7848],[107.5847,-2.7848]]],[[[108.3672,-2.7672],[108.3672,-2.7672]]],[[[107.6321,-2.7461],[107.6321,-2.7461]]],[[[107.6114,-2.7463],[107.6114,-2.7463]]],[[[107.5995,-2.7733],[107.5995,-2.7733]]],[[[107.5953,-2.7713],[107.5953,-2.7713]]],[[[107.6011,-2.7665],[107.6011,-2.7665]]],[[[107.5953,-2.7814],[107.5953,-2.7814]]],[[[107.5657,-2.7802],[107.5657,-2.7802]]],[[[107.5396,-2.7814],[107.5294,-2.7824],[107.5396,-2.7814]]],[[[107.6049,-2.7104],[107.6049,-2.7104]]],[[[108.4319,-2.7095],[108.4319,-2.7095]]],[[[108.4212,-2.6867],[108.4212,-2.6867]]],[[[107.6088,-2.7098],[107.6088,-2.7098]]],[[[108.424,-2.6701],[108.424,-2.6701]]],[[[108.0283,-2.6511],[108.0186,-2.6657],[108.0283,-2.6511]]],[[[108.0278,-2.6502],[108.0278,-2.6502]]],[[[108.0291,-2.6468],[108.0291,-2.6468]]],[[[108.2073,-2.6223],[108.2073,-2.6223]]],[[[107.6238,-2.5881],[107.6238,-2.5881]]],[[[107.6291,-2.5933],[107.6291,-2.5933]]],[[[107.9066,-2.5705],[107.9066,-2.5705]]],[[[108.0361,-2.5725],[108.0361,-2.5725]]],[[[107.6202,-2.569],[107.6202,-2.569]]],[[[107.622,-2.5681],[107.622,-2.5681]]],[[[107.6203,-2.5676],[107.6203,-2.5676]]],[[[107.6278,-2.5666],[107.6278,-2.5666]]],[[[107.6234,-2.579],[107.6234,-2.579]]],[[[107.6258,-2.5738],[107.6258,-2.5738]]],[[[107.6406,-2.5817],[107.6406,-2.5817]]],[[[107.6294,-2.5809],[107.6294,-2.5809]]],[[[107.6175,-2.5866],[107.6175,-2.5866]]],[[[107.6247,-2.5865],[107.6247,-2.5865]]]]}},{"type":"Feature","properties":{"NAME_1":"Banten"},"geometry":{"type":"MultiPolygon","coordinates":[[[[106.3868,-6.9907],[106.31,-6.9958],[106.3016,-6.9789],[106.2394,-6.9559],[106.2381,-6.932],[106.1059,-6.8829],[106.0598,-6.8332],[106.0075,-6.8169],[105.918,-6.816],[105.8862,-6.8459],[105.8695,-6.8329],[105.7741,-6.8505],[105.6712,-6.8361],[105.5633,-6.857],[105.5382,-6.8749],[105.4763,-6.8644],[105.4368,-6.8356],[105.4141,-6.8537],[105.4067,-6.8296],[105.3266,-6.8028],[105.2948,-6.8054],[105.2726,-6.8437],[105.2413,-6.8404],[105.2387,-6.797],[105.2105,-6.7473],[105.263,-6.7615],[105.3301,-6.6961],[105.3258,-6.6695],[105.3699,-6.6466],[105.4007,-6.7178],[105.3898,-6.7424],[105.4301,-6.7676],[105.4443,-6.8234],[105.478,-6.8209],[105.5121,-6.7574],[105.5069,-6.7301],[105.5712,-6.6814],[105.5685,-6.6586],[105.5967,-6.6487],[105.6173,-6.6185],[105.6158,-6.5592],[105.6499,-6.4813],[105.6785,-6.4767],[105.6738,-6.5089],[105.7162,-6.5324],[105.7329,-6.5169],[105.7695,-6.5173],[105.8025,-6.4819],[105.8252,-6.4251],[105.8281,-6.3188],[105.8409,-6.308],[105.825,-6.2378],[105.8806,-6.1089],[105.8831,-6.071],[105.9842,-5.9991],[106.0026,-5.9478],[105.9923,-5.9225],[106.0231,-5.8894],[106.0692,-5.8812],[106.1142,-5.9313],[106.1029,-5.9899],[106.1609,-6.0256],[106.2246,-6.014],[106.2429,-5.9669],[106.2635,-5.9536],[106.3267,-5.9837],[106.3625,-5.9617],[106.364,-5.9785],[106.3891,-5.9772],[106.4066,-6.0206],[106.476,-6.0453],[106.5355,-6.0104],[106.5782,-6.0312],[106.6392,-6.0036],[106.6599,-6.0226],[106.6794,-6.0127],[106.7166,-6.0448],[106.7245,-6.0873],[106.6872,-6.0971],[106.6979,-6.1109],[106.6888,-6.1721],[106.7241,-6.1916],[106.7176,-6.2241],[106.7454,-6.2307],[106.7503,-6.2718],[106.7799,-6.3165],[106.7711,-6.3572],[106.5939,-6.3627],[106.5773,-6.3386],[106.5156,-6.3243],[106.5297,-6.3468],[106.4901,-6.3549],[106.4762,-6.3509],[106.4841,-6.325],[106.4693,-6.3035],[106.4254,-6.3498],[106.4547,-6.4269],[106.4403,-6.45],[106.4011,-6.4528],[106.4126,-6.4831],[106.4035,-6.5166],[106.4304,-6.5905],[106.4294,-6.6821],[106.4666,-6.7509],[106.5263,-6.7679],[106.436,-6.8198],[106.431,-6.8622],[106.3929,-6.9006],[106.3868,-6.9907]]],[[[105.5584,-6.9996],[105.5636,-7.0165],[105.5199,-7.0073],[105.5584,-6.9996]]],[[[105.2626,-6.8528],[105.2626,-6.8528]]],[[[105.2656,-6.8474],[105.2656,-6.8474]]],[[[105.2399,-6.8383],[105.2399,-6.8383]]],[[[105.8197,-6.9507],[105.766,-6.9718],[105.8197,-6.9507]]],[[[105.2391,-6.8215],[105.2391,-6.8215]]],[[[105.4443,-6.8087],[105.4443,-6.8087]]],[[[105.2351,-6.8023],[105.2351,-6.8023]]],[[[105.2272,-6.7946],[105.2272,-6.7946]]],[[[105.2324,-6.7924],[105.2324,-6.7924]]],[[[105.2296,-6.7915],[105.2296,-6.7915]]],[[[105.2282,-6.79],[105.2282,-6.79]]],[[[105.2304,-6.7874],[105.2304,-6.7874]]],[[[105.4355,-6.7706],[105.4355,-6.7706]]],[[[105.4261,-6.7619],[105.4261,-6.7619]]],[[[105.4221,-6.7607],[105.4221,-6.7607]]],[[[105.4186,-6.7592],[105.4186,-6.7592]]],[[[105.419,-6.7548],[105.419,-6.7548]]],[[[105.4301,-6.7562],[105.4301,-6.7562]]],[[[105.2082,-6.7519],[105.2082,-6.7519]]],[[[105.4221,-6.754],[105.4221,-6.754]]],[[[105.2239,-6.7456],[105.2239,-6.7456]]],[[[105.2104,-6.7459],[105.2104,-6.7459]]],[[[105.2126,-6.7445],[105.2126,-6.7445]]],[[[105.2114,-6.7441],[105.2114,-6.7441]]],[[[105.2644,-6.7301],[105.2515,-6.7522],[105.2467,-6.7252],[105.2644,-6.7301]]],[[[105.1777,-6.6886],[105.1777,-6.6886]]],[[[105.1827,-6.6871],[105.1827,-6.6871]]],[[[105.1821,-6.6853],[105.1821,-6.6853]]],[[[105.1783,-6.6827],[105.1783,-6.6827]]],[[[105.1785,-6.6825],[105.1785,-6.6825]]],[[[105.1836,-6.6813],[105.1836,-6.6813]]],[[[105.1836,-6.6808],[105.1836,-6.6808]]],[[[105.1788,-6.6801],[105.1788,-6.6801]]],[[[105.181,-6.6778],[105.181,-6.6778]]],[[[105.5578,-6.6784],[105.5578,-6.6784]]],[[[105.1967,-6.6679],[105.1967,-6.6679]]],[[[105.1962,-6.6683],[105.1962,-6.6683]]],[[[105.5786,-6.6516],[105.5786,-6.6516]]],[[[105.5693,-6.6462],[105.5693,-6.6462]]],[[[105.5805,-6.6428],[105.5805,-6.6428]]],[[[105.1071,-6.621],[105.1071,-6.621]]],[[[105.2677,-6.5294],[105.2499,-6.5598],[105.2605,-6.6001],[105.2432,-6.6354],[105.2178,-6.634],[105.1839,-6.6796],[105.1701,-6.6613],[105.1949,-6.6203],[105.1742,-6.5995],[105.1762,-6.5785],[105.1586,-6.5763],[105.1283,-6.6236],[105.1125,-6.6105],[105.101,-6.6201],[105.1856,-6.5377],[105.2112,-6.5473],[105.2206,-6.5294],[105.2677,-6.5294]]],[[[105.7187,-6.4889],[105.7187,-6.4889]]],[[[106.2794,-6.9802],[106.2794,-6.9802]]],[[[106.262,-6.9717],[106.262,-6.9717]]],[[[106.2615,-6.9714],[106.2615,-6.9714]]],[[[105.8046,-6.3966],[105.8046,-6.3966]]],[[[105.8572,-6.1219],[105.8572,-6.1219]]],[[[105.8557,-6.1207],[105.8557,-6.1207]]],[[[105.8925,-6.0604],[105.8925,-6.0604]]],[[[105.9277,-6.0073],[105.9277,-6.0073]]],[[[105.9979,-5.9413],[105.9979,-5.9413]]],[[[105.9938,-5.9333],[105.9938,-5.9333]]],[[[106.1071,-5.9677],[106.1071,-5.9677]]],[[[106.1066,-5.9662],[106.1066,-5.9662]]],[[[105.9773,-5.9282],[105.9773,-5.9282]]],[[[106.0103,-5.9015],[106.0103,-5.9015]]],[[[106.0596,-5.8794],[106.0596,-5.8794]]],[[[106.1542,-6.0013],[106.1542,-6.0013]]],[[[106.149,-5.9958],[106.149,-5.9958]]],[[[106.1505,-5.9817],[106.1505,-5.9817]]],[[[106.1696,-5.9379],[106.1696,-5.9379]]],[[[106.115,-5.9508],[106.115,-5.9508]]],[[[106.1688,-5.9358],[106.1431,-5.9408],[106.139,-5.922],[106.1688,-5.9358]]],[[[106.0919,-5.9011],[106.0919,-5.9011]]],[[[106.0895,-5.898],[106.0895,-5.898]]],[[[106.1924,-5.9644],[106.1924,-5.9644]]],[[[106.2198,-5.9414],[106.2198,-5.9414]]],[[[106.2737,-5.8075],[106.2949,-5.8122],[106.254,-5.8107],[106.2737,-5.8075]]]]}},{"type":"Feature","properties":{"NAME_1":"Bengkulu"},"geometry":{"type":"MultiPolygon","coordinates":[[[[103.573,-4.923],[103.5327,-4.9161],[103.5274,-4.8924],[103.4974,-4.8738],[103.4182,-4.8675],[103.4049,-4.8201],[103.3771,-4.7992],[103.3276,-4.8077],[103.3101,-4.7824],[103.3171,-4.7572],[103.2238,-4.6562],[103.0366,-4.5342],[102.8999,-4.4893],[102.8771,-4.4306],[102.7948,-4.3537],[102.2972,-3.9803],[102.2651,-3.916],[102.3,-3.8918],[102.3013,-3.8659],[102.2476,-3.7926],[102.261,-3.7613],[102.2226,-3.6673],[102.0788,-3.5543],[101.9259,-3.4787],[101.91,-3.4386],[101.6142,-3.238],[101.5208,-3.1158],[101.4792,-3.0125],[101.4038,-2.9273],[101.3205,-2.7376],[101.1422,-2.6284],[101.0223,-2.4788],[101.1468,-2.3878],[101.237,-2.3424],[101.2377,-2.32],[101.2855,-2.2768],[101.5571,-2.4497],[101.5466,-2.5706],[101.5747,-2.5443],[101.6758,-2.5328],[101.7683,-2.6441],[101.8632,-2.7252],[101.9125,-2.739],[101.9901,-2.7231],[102.068,-2.7679],[102.0725,-2.7956],[102.1303,-2.8364],[102.1332,-2.8761],[102.2252,-2.9285],[102.2569,-3.0368],[102.2836,-3.038],[102.3205,-3.0698],[102.3892,-3.0426],[102.4706,-3.0819],[102.4923,-3.1336],[102.4875,-3.205],[102.5057,-3.2152],[102.4898,-3.2394],[102.4981,-3.263],[102.5604,-3.2937],[102.5908,-3.3312],[102.6365,-3.3528],[102.6753,-3.3222],[102.7438,-3.3156],[102.7752,-3.2827],[102.8131,-3.3366],[102.8687,-3.3459],[102.8948,-3.328],[102.8813,-3.3451],[102.8923,-3.3759],[102.9619,-3.3601],[102.9882,-3.3687],[102.9993,-3.3948],[102.989,-3.5189],[102.9466,-3.5358],[102.9354,-3.5783],[102.9028,-3.6163],[102.86,-3.548],[102.8102,-3.5301],[102.7946,-3.5813],[102.8085,-3.6095],[102.7522,-3.6668],[102.7388,-3.7476],[102.6559,-3.7718],[102.6185,-3.8012],[102.6591,-3.817],[102.69,-3.8616],[102.7757,-3.9158],[102.8164,-3.9815],[102.845,-3.9769],[102.86,-3.9927],[102.9091,-3.9706],[102.9628,-4.0207],[102.9975,-4.0191],[102.9567,-4.056],[102.916,-4.0568],[102.9178,-4.0928],[103.0614,-4.196],[103.0514,-4.22],[103.0756,-4.2624],[103.1809,-4.236],[103.3051,-4.2545],[103.3285,-4.2922],[103.4638,-4.3377],[103.3982,-4.5175],[103.437,-4.5313],[103.4848,-4.5791],[103.581,-4.5499],[103.5906,-4.523],[103.6149,-4.5305],[103.6301,-4.5562],[103.5966,-4.595],[103.6407,-4.5949],[103.6947,-4.6539],[103.7045,-4.6984],[103.6729,-4.7319],[103.7014,-4.7249],[103.7454,-4.7412],[103.7675,-4.7726],[103.602,-4.8678],[103.573,-4.923]]],[[[102.3276,-5.4197],[102.148,-5.3363],[102.1264,-5.293],[102.1619,-5.2761],[102.3759,-5.3697],[102.3671,-5.4172],[102.3788,-5.4405],[102.3527,-5.4425],[102.3276,-5.4197]]]]}},{"type":"Feature","properties":{"NAME_1":"Gorontalo"},"geometry":{"type":"MultiPolygon","coordinates":[[[[123.5491,0.4325],[123.4979,0.3821],[123.4764,0.3166],[123.4586,0.3376],[123.4337,0.3161],[123.3447,0.306],[123.2676,0.3224],[123.1946,0.394],[123.1563,0.4033],[123.1215,0.4565],[123.0628,0.5054],[123.062,0.5233],[123.0472,0.4906],[122.8882,0.4859],[122.8231,0.4984],[122.693,0.4732],[122.6854,0.5038],[122.6505,0.5181],[122.6436,0.4758],[122.5854,0.5107],[122.5945,0.5027],[122.5734,0.4927],[122.5602,0.4993],[122.5676,0.5131],[122.5513,0.5131],[122.5457,0.4898],[122.5441,0.5078],[122.4624,0.5014],[122.447,0.5174],[122.4359,0.4999],[122.4142,0.5017],[122.4022,0.5215],[122.3659,0.5021],[122.3557,0.5104],[122.3523,0.4928],[122.3325,0.5096],[122.3245,0.4924],[122.3177,0.5084],[122.3159,0.49],[122.2811,0.4751],[122.2331,0.487],[122.1529,0.4619],[122.1449,0.4832],[122.1125,0.4984],[122.1106,0.4855],[121.9801,0.4525],[121.8489,0.437],[121.8044,0.4091],[121.7149,0.51],[121.7253,0.5223],[121.6845,0.5132],[121.6341,0.545],[121.6418,0.5253],[121.6225,0.5359],[121.621,0.5229],[121.6189,0.5482],[121.6027,0.5487],[121.6025,0.5277],[121.5334,0.5558],[121.5133,0.5294],[121.5183,0.4955],[121.4468,0.4659],[121.4333,0.4805],[121.4394,0.5011],[121.4096,0.4715],[121.4081,0.4879],[121.3915,0.4782],[121.396,0.4903],[121.3377,0.4733],[121.3517,0.492],[121.3313,0.5227],[121.3473,0.5352],[121.3457,0.5658],[121.3164,0.5784],[121.3038,0.5679],[121.2394,0.6022],[121.2307,0.6432],[121.1967,0.6419],[121.1612,0.6787],[121.1874,0.7221],[121.1864,0.7572],[121.2136,0.7734],[121.2159,0.792],[121.3533,0.7953],[121.3645,0.8068],[121.347,0.8483],[121.359,0.8534],[121.4808,0.8376],[121.5324,0.8527],[121.5369,0.8759],[121.6031,0.8729],[121.8119,0.9502],[121.8515,0.9927],[121.9021,0.9639],[121.9217,0.9278],[121.9758,0.9042],[122.0423,0.9895],[122.1755,1.0363],[122.2223,1.0253],[122.2324,0.9926],[122.2409,1.01],[122.3153,1.0052],[122.3342,1.041],[122.3619,0.9962],[122.394,1.0139],[122.433,0.9934],[122.4523,1.0319],[122.4915,0.9883],[122.6109,0.9442],[122.6244,0.9642],[122.6395,0.9421],[122.6497,0.9488],[122.6867,0.8961],[122.7225,0.8865],[122.7132,0.8674],[122.7394,0.8806],[122.7652,0.8618],[122.7722,0.8796],[122.8018,0.851],[122.7889,0.8497],[122.7961,0.8348],[122.8232,0.8398],[122.8473,0.8014],[122.8596,0.8267],[122.952,0.8941],[122.9501,0.9227],[122.9764,0.9383],[122.9457,0.9381],[122.944,0.9644],[122.9862,0.9679],[122.9975,0.944],[123.047,0.9395],[123.0673,0.9165],[123.0843,0.9303],[123.0878,0.9066],[123.0949,0.9303],[123.1153,0.9257],[123.121,0.8899],[123.2061,0.8568],[123.2714,0.8029],[123.2471,0.717],[123.2744,0.6979],[123.3224,0.6985],[123.3831,0.6401],[123.4862,0.6265],[123.4878,0.6014],[123.5329,0.5779],[123.5279,0.5409],[123.5523,0.5107],[123.523,0.4904],[123.5236,0.463],[123.5491,0.4325]]],[[[122.1205,0.405],[122.1205,0.405]]],[[[122.2268,0.4311],[122.2268,0.4311]]],[[[122.3326,0.459],[122.3326,0.459]]],[[[122.1472,0.4622],[122.1472,0.4622]]],[[[121.9524,0.4166],[121.9524,0.4166]]],[[[121.9714,0.4443],[121.9714,0.4443]]],[[[121.9823,0.4481],[121.9823,0.4481]]],[[[121.977,0.4509],[121.977,0.4509]]],[[[121.4255,0.4126],[121.4255,0.4126]]],[[[121.4417,0.4162],[121.4417,0.4162]]],[[[121.4994,0.4364],[121.4994,0.4364]]],[[[121.5207,0.4397],[121.5207,0.4397]]],[[[121.8498,0.4306],[121.8498,0.4306]]],[[[121.8463,0.4319],[121.8463,0.4319]]],[[[121.8517,0.4367],[121.8517,0.4367]]],[[[121.8541,0.4343],[121.8541,0.4343]]],[[[121.6655,0.4588],[121.6655,0.4588]]],[[[121.5853,0.4839],[121.5853,0.4839]]],[[[121.5604,0.461],[121.5604,0.461]]],[[[121.439,0.4731],[121.439,0.4731]]],[[[121.5296,0.4773],[121.5296,0.4773]]],[[[122.1051,0.4773],[122.1051,0.4773]]],[[[122.1333,0.4781],[122.1333,0.4781]]],[[[122.1279,0.4803],[122.1279,0.4803]]],[[[122.1141,0.4824],[122.1141,0.4824]]],[[[122.1159,0.483],[122.1159,0.483]]],[[[122.1109,0.4832],[122.1109,0.4832]]],[[[121.5623,0.4805],[121.5528,0.4839],[121.5623,0.4805]]],[[[121.4137,0.4836],[121.4137,0.4836]]],[[[121.638,0.4853],[121.638,0.4853]]],[[[121.6275,0.4868],[121.6103,0.4847],[121.6275,0.4868]]],[[[121.7156,0.4863],[121.7156,0.4863]]],[[[121.6382,0.49],[121.6382,0.49]]],[[[121.5106,0.484],[121.5106,0.484]]],[[[121.5208,0.4901],[121.5249,0.4806],[121.5208,0.4901]]],[[[121.5289,0.4911],[121.5289,0.4911]]],[[[121.5271,0.493],[121.5271,0.493]]],[[[121.5312,0.4957],[121.5312,0.4957]]],[[[122.3257,0.4867],[122.3257,0.4867]]],[[[122.117,0.4858],[122.117,0.4858]]],[[[121.53,0.497],[121.53,0.497]]],[[[121.5279,0.4993],[121.5279,0.4993]]],[[[121.6828,0.4934],[121.6928,0.5133],[121.7094,0.4886],[121.6828,0.4934]]],[[[121.5805,0.502],[121.5805,0.502]]],[[[121.6595,0.4998],[121.6595,0.4998]]],[[[121.6679,0.505],[121.6679,0.505]]],[[[121.6315,0.5098],[121.6315,0.5098]]],[[[121.6456,0.5058],[121.6456,0.5058]]],[[[121.6389,0.508],[121.6389,0.508]]],[[[121.5746,0.5077],[121.5746,0.5077]]],[[[121.6584,0.5122],[121.6584,0.5122]]],[[[122.3295,0.4982],[122.3295,0.4982]]],[[[121.557,0.5168],[121.557,0.5168]]],[[[121.5389,0.5209],[121.5389,0.5209]]],[[[121.676,0.5157],[121.676,0.5157]]],[[[121.6202,0.5155],[121.6202,0.5155]]],[[[121.6614,0.5141],[121.6614,0.5141]]],[[[121.6458,0.5266],[121.6458,0.5266]]],[[[121.5238,0.5198],[121.5238,0.5198]]],[[[121.5469,0.5279],[121.5469,0.5279]]],[[[122.3508,0.4664],[122.3508,0.4664]]],[[[122.3654,0.4724],[122.3552,0.4682],[122.3654,0.4724]]],[[[122.3461,0.4776],[122.3461,0.4776]]],[[[122.3541,0.4833],[122.3541,0.4833]]],[[[122.3435,0.4857],[122.3435,0.4857]]],[[[122.3486,0.4909],[122.3486,0.4909]]],[[[122.3493,0.4924],[122.3493,0.4924]]],[[[122.529,0.4886],[122.531,0.5009],[122.529,0.4886]]],[[[122.4456,0.5006],[122.4456,0.5006]]],[[[122.3871,0.4993],[122.3871,0.4993]]],[[[121.5234,0.5322],[121.5234,0.5322]]],[[[121.5359,0.5389],[121.5359,0.5389]]],[[[121.5234,0.5429],[121.5234,0.5429]]],[[[121.528,0.5438],[121.528,0.5438]]],[[[121.5261,0.545],[121.5261,0.545]]],[[[121.6155,0.5429],[121.6155,0.5429]]],[[[122.5295,0.9872],[122.5295,0.9872]]],[[[122.8937,0.8527],[122.8937,0.8527]]],[[[122.8985,0.8561],[122.8985,0.8561]]],[[[122.8957,0.8588],[122.8957,0.8588]]],[[[122.8771,0.8708],[122.8771,0.8708]]],[[[122.8002,0.8664],[122.8002,0.8664]]],[[[122.8038,0.8671],[122.8038,0.8671]]],[[[122.7994,0.8677],[122.7994,0.8677]]],[[[122.7983,0.869],[122.7983,0.869]]],[[[122.8076,0.8745],[122.8076,0.8745]]],[[[122.7202,0.8833],[122.7202,0.8833]]],[[[122.7423,0.8831],[122.7423,0.8831]]],[[[122.8604,0.8982],[122.8917,0.889],[122.8953,0.8539],[122.8783,0.8639],[122.884,0.89],[122.8604,0.8982]]],[[[122.8468,0.9035],[122.8468,0.9035]]],[[[122.8787,0.9263],[122.8787,0.9263]]],[[[122.8616,0.9235],[122.8616,0.9235]]],[[[122.8174,0.8897],[122.8174,0.8897]]],[[[122.8155,0.8917],[122.8155,0.8917]]],[[[122.7721,0.913],[122.8123,0.8909],[122.8067,0.8744],[122.7561,0.9057],[122.7721,0.913]]],[[[122.7403,0.9104],[122.7403,0.9104]]],[[[122.8642,0.9245],[122.8642,0.9245]]],[[[122.8622,0.9364],[122.8622,0.9364]]],[[[122.859,0.935],[122.859,0.935]]],[[[122.8915,0.9647],[122.8915,0.9647]]],[[[122.8896,0.9663],[122.8896,0.9663]]],[[[122.664,1.0026],[122.6646,0.9863],[122.6534,0.9947],[122.664,1.0026]]],[[[122.507,1.0039],[122.507,1.0039]]],[[[122.4398,1.0036],[122.4398,1.0036]]],[[[122.6364,0.995],[122.6364,0.995]]],[[[122.3931,1.0152],[122.3931,1.0152]]],[[[123.0385,0.9449],[123.0385,0.9449]]],[[[122.816,0.8492],[122.816,0.8492]]],[[[122.8072,0.8618],[122.8072,0.8618]]],[[[122.8034,0.8652],[122.8034,0.8652]]],[[[122.9387,0.9536],[122.9387,0.9536]]],[[[122.9379,0.9567],[122.9379,0.9567]]],[[[123.039,0.9505],[123.039,0.9505]]],[[[122.9478,0.9665],[122.9478,0.9665]]],[[[122.9477,0.9735],[122.9477,0.9735]]],[[[122.9446,0.9763],[122.9446,0.9763]]],[[[122.9388,0.9831],[122.9388,0.9831]]],[[[122.935,0.9842],[122.935,0.9842]]]]}},{"type":"Feature","properties":{"NAME_1":"JakartaRaya"},"geometry":{"type":"MultiPolygon","coordinates":[[[[106.8672,-6.3546],[106.8494,-6.3361],[106.8352,-6.355],[106.7931,-6.3635],[106.8092,-6.3149],[106.7768,-6.3153],[106.7443,-6.2289],[106.7176,-6.2241],[106.7241,-6.1916],[106.6888,-6.1721],[106.6979,-6.1109],[106.6875,-6.0969],[106.7254,-6.089],[106.7856,-6.1111],[106.7933,-6.0924],[106.8118,-6.1227],[106.8402,-6.124],[106.8728,-6.1044],[106.8664,-6.1202],[106.8817,-6.0935],[106.8822,-6.1064],[106.9054,-6.0978],[106.9067,-6.1087],[106.969,-6.0907],[106.9662,-6.2069],[106.9439,-6.2523],[106.9044,-6.2621],[106.9218,-6.3034],[106.9162,-6.3629],[106.8835,-6.3702],[106.8672,-6.3546]]],[[[106.8317,-6.0058],[106.8317,-6.0058]]],[[[106.847,-5.9848],[106.847,-5.9848]]],[[[106.845,-5.9549],[106.845,-5.9549]]],[[[106.7356,-6.0379],[106.7356,-6.0379]]],[[[106.7456,-6.0355],[106.7456,-6.0355]]],[[[106.7334,-6.0328],[106.7334,-6.0328]]],[[[106.7091,-5.9752],[106.7091,-5.9752]]],[[[106.694,-5.9711],[106.694,-5.9711]]],[[[106.7451,-6.0255],[106.7451,-6.0255]]],[[[106.7804,-6.0045],[106.7804,-6.0045]]],[[[106.63,-5.9446],[106.63,-5.9446]]],[[[106.5956,-5.9361],[106.5956,-5.9361]]],[[[106.587,-5.9271],[106.587,-5.9271]]],[[[106.5981,-5.8638],[106.5981,-5.8638]]],[[[106.5834,-5.8624],[106.5834,-5.8624]]],[[[106.6314,-5.8547],[106.6097,-5.8636],[106.6314,-5.8547]]],[[[106.6051,-5.8587],[106.6051,-5.8587]]],[[[106.6002,-5.8566],[106.6002,-5.8566]]],[[[106.6139,-5.8539],[106.6139,-5.8539]]],[[[106.6229,-5.8532],[106.6229,-5.8532]]],[[[106.6198,-5.8541],[106.6198,-5.8541]]],[[[106.6218,-5.8529],[106.6218,-5.8529]]],[[[106.5822,-5.7628],[106.5822,-5.7628]]],[[[106.6084,-5.7593],[106.6084,-5.7593]]],[[[106.5827,-5.7526],[106.5827,-5.7526]]],[[[106.6123,-5.7465],[106.6123,-5.7465]]],[[[106.5193,-5.9599],[106.5193,-5.9599]]],[[[106.5493,-5.8142],[106.5493,-5.8142]]],[[[106.5366,-5.804],[106.5366,-5.804]]],[[[106.5285,-5.8033],[106.5163,-5.8024],[106.5285,-5.8033]]],[[[106.5557,-5.8199],[106.5557,-5.8199]]],[[[106.5524,-5.8137],[106.5524,-5.8137]]],[[[106.5545,-5.7709],[106.5545,-5.7709]]],[[[106.5596,-5.7699],[106.5596,-5.7699]]],[[[106.565,-5.7337],[106.565,-5.7337]]],[[[106.572,-5.7294],[106.572,-5.7294]]],[[[106.565,-5.7103],[106.565,-5.7103]]],[[[106.5762,-5.7081],[106.5762,-5.7081]]],[[[106.4969,-5.7953],[106.5116,-5.8026],[106.4783,-5.7932],[106.4969,-5.7953]]],[[[106.5437,-5.7001],[106.5437,-5.7001]]],[[[106.5319,-5.6886],[106.5319,-5.6886]]],[[[106.5477,-5.6234],[106.5477,-5.6234]]],[[[106.6023,-5.7401],[106.6023,-5.7401]]],[[[106.6157,-5.7398],[106.6157,-5.7398]]],[[[106.6007,-5.7338],[106.6007,-5.7338]]],[[[106.5863,-5.7269],[106.5863,-5.7269]]],[[[106.7115,-5.6942],[106.7115,-5.6942]]],[[[106.6792,-5.6895],[106.6792,-5.6895]]],[[[106.5866,-5.679],[106.5866,-5.679]]],[[[106.585,-5.6691],[106.585,-5.6691]]],[[[106.5816,-5.6197],[106.5816,-5.6197]]],[[[106.6028,-5.604],[106.6028,-5.604]]],[[[106.5882,-5.5865],[106.5882,-5.5865]]],[[[106.5966,-5.5797],[106.5966,-5.5797]]],[[[106.5802,-5.5752],[106.5802,-5.5752]]],[[[106.5843,-5.5694],[106.5843,-5.5694]]],[[[106.5627,-5.6845],[106.5627,-5.6845]]],[[[106.5591,-5.6686],[106.5591,-5.6686]]],[[[106.5681,-5.6663],[106.5681,-5.6663]]],[[[106.5683,-5.6606],[106.5683,-5.6606]]],[[[106.57,-5.6543],[106.57,-5.6543]]],[[[106.5811,-5.653],[106.5811,-5.653]]],[[[106.5683,-5.6486],[106.5683,-5.6486]]],[[[106.5634,-5.6443],[106.5634,-5.6443]]],[[[106.5556,-5.641],[106.5556,-5.641]]],[[[106.5837,-5.6354],[106.5837,-5.6354]]],[[[106.5729,-5.6275],[106.5729,-5.6275]]],[[[106.5616,-5.6191],[106.5616,-5.6191]]],[[[106.573,-5.6173],[106.573,-5.6173]]],[[[106.5503,-5.6181],[106.5503,-5.6181]]],[[[106.5733,-5.6108],[106.5733,-5.6108]]],[[[106.567,-5.6059],[106.567,-5.6059]]],[[[106.5435,-5.6045],[106.5435,-5.6045]]],[[[106.5489,-5.5978],[106.5489,-5.5978]]],[[[106.5417,-5.5917],[106.5417,-5.5917]]],[[[106.548,-5.5864],[106.548,-5.5864]]],[[[106.5528,-5.5972],[106.5528,-5.5972]]],[[[106.5615,-5.5935],[106.5615,-5.5935]]],[[[106.5697,-5.5926],[106.5697,-5.5926]]],[[[106.5576,-5.5903],[106.5576,-5.5903]]],[[[106.5513,-5.5897],[106.5513,-5.5897]]],[[[106.5517,-5.5834],[106.5517,-5.5834]]],[[[106.5688,-5.5826],[106.5688,-5.5826]]],[[[106.5588,-5.571],[106.5588,-5.571]]],[[[106.5474,-5.5819],[106.5474,-5.5819]]],[[[106.5405,-5.5716],[106.5405,-5.5716]]],[[[106.5257,-5.5686],[106.5257,-5.5686]]],[[[106.526,-5.5564],[106.526,-5.5564]]],[[[106.5309,-5.5543],[106.5309,-5.5543]]],[[[106.5446,-5.5534],[106.5446,-5.5534]]],[[[106.5189,-5.5492],[106.5189,-5.5492]]],[[[106.5296,-5.5501],[106.5296,-5.5501]]],[[[106.534,-5.5368],[106.534,-5.5368]]],[[[106.5442,-5.5294],[106.5442,-5.5294]]],[[[106.5243,-5.5211],[106.5243,-5.5211]]],[[[106.5382,-5.5124],[106.5382,-5.5124]]],[[[106.5496,-5.5689],[106.5496,-5.5689]]],[[[106.5658,-5.5657],[106.5658,-5.5657]]],[[[106.5798,-5.4924],[106.5798,-5.4924]]],[[[106.5585,-5.4609],[106.5585,-5.4609]]],[[[106.5287,-5.5126],[106.5287,-5.5126]]],[[[106.5189,-5.5125],[106.5189,-5.5125]]],[[[106.5348,-5.5018],[106.5348,-5.5018]]],[[[106.5506,-5.4999],[106.5506,-5.4999]]],[[[106.3843,-5.4962],[106.3843,-5.4962]]],[[[106.3931,-5.4807],[106.3931,-5.4807]]],[[[106.5224,-5.4781],[106.5224,-5.4781]]],[[[106.4374,-5.4649],[106.4374,-5.4649]]],[[[106.5722,-5.4561],[106.5722,-5.4561]]],[[[106.5641,-5.4518],[106.5641,-5.4518]]],[[[106.4387,-5.464],[106.4387,-5.464]]],[[[106.5446,-5.4625],[106.5446,-5.4625]]],[[[106.4904,-5.4214],[106.4904,-5.4214]]],[[[106.4701,-5.4136],[106.4701,-5.4136]]],[[[106.4634,-5.2029],[106.4634,-5.2029]]],[[[106.3832,-5.185],[106.3832,-5.185]]]]}},{"type":"Feature","properties":{"NAME_1":"Jambi"},"geometry":{"type":"MultiPolygon","coordinates":[[[[101.8718,-2.7292],[101.8149,-2.6914],[101.8153,-2.6729],[101.7683,-2.6441],[101.6758,-2.5328],[101.5747,-2.5443],[101.5466,-2.5706],[101.5571,-2.4497],[101.2855,-2.2768],[101.2647,-2.1018],[101.2068,-2.0093],[101.2061,-1.9811],[101.1428,-1.9259],[101.1418,-1.9024],[101.1636,-1.8944],[101.1786,-1.8611],[101.1286,-1.7638],[101.1344,-1.6839],[101.1689,-1.7107],[101.1904,-1.6777],[101.1992,-1.714],[101.2315,-1.7242],[101.2715,-1.6953],[101.3972,-1.6897],[101.4112,-1.6721],[101.4373,-1.6958],[101.4807,-1.6735],[101.5016,-1.6792],[101.5491,-1.5963],[101.671,-1.508],[101.7236,-1.4387],[101.6968,-1.3941],[101.7246,-1.3617],[101.6961,-1.2884],[101.7217,-1.2411],[101.8138,-1.221],[101.8843,-1.1359],[101.8914,-1.1006],[101.8764,-1.0931],[101.8651,-1.1119],[101.8308,-1.1026],[101.822,-0.9958],[101.9072,-0.9506],[101.9279,-0.9052],[101.9591,-0.9097],[102.0063,-0.8826],[102.1197,-0.9218],[102.1534,-0.9091],[102.1921,-0.9548],[102.2776,-0.927],[102.3492,-0.9895],[102.3543,-1.0263],[102.4167,-1.0301],[102.4602,-1.0772],[102.6168,-1.0946],[102.6468,-1.1223],[102.6867,-1.0775],[102.7325,-1.0708],[102.7583,-1.0237],[102.7788,-1.0291],[102.7834,-0.9985],[102.9351,-0.8578],[103.0156,-0.7528],[103.1215,-0.7469],[103.37,-0.7961],[103.4853,-0.7684],[103.4614,-0.736],[103.4428,-0.7407],[103.4557,-0.7333],[103.482,-0.755],[103.4884,-0.7966],[103.5484,-0.8106],[103.5499,-0.8562],[103.593,-0.876],[103.6741,-0.9513],[103.7293,-0.9598],[103.7504,-0.9848],[103.7531,-1.0183],[103.7288,-1.0287],[103.7535,-1.0198],[103.7498,-0.9918],[103.8022,-0.9939],[103.8086,-1.0143],[103.8429,-1.0086],[103.8489,-1.0287],[103.8442,-1.0079],[103.9085,-0.9819],[104.0309,-1.0017],[104.1346,-1.0505],[104.25,-1.0331],[104.2801,-1.043],[104.2684,-1.0623],[104.2803,-1.0428],[104.3336,-1.048],[104.3596,-1.0179],[104.3701,-1.0267],[104.4061,-1.1265],[104.3928,-1.2166],[104.4561,-1.3333],[104.458,-1.4258],[104.44,-1.5158],[104.4699,-1.6271],[104.4974,-1.6729],[104.4527,-1.6332],[104.4076,-1.6254],[104.3585,-1.6429],[104.3467,-1.739],[104.2957,-1.7339],[104.1616,-1.7704],[104.1536,-1.7247],[104.0853,-1.7336],[103.7908,-1.8171],[103.6071,-1.8487],[103.5376,-1.8886],[103.5188,-1.9094],[103.5174,-1.9663],[103.5602,-2],[103.5542,-2.0419],[103.5215,-2.0677],[103.5171,-2.1043],[103.5035,-2.1107],[103.5168,-2.1323],[103.561,-2.1395],[103.5001,-2.1784],[103.4592,-2.1761],[103.4514,-2.2094],[103.4659,-2.2552],[103.4474,-2.3564],[103.4102,-2.3339],[103.3931,-2.2959],[103.3558,-2.2747],[103.3263,-2.2223],[103.2975,-2.2063],[103.2922,-2.1748],[103.2614,-2.1558],[103.2585,-2.134],[103.2092,-2.1415],[103.1844,-2.1686],[103.1787,-2.2103],[103.1798,-2.2496],[103.2062,-2.2766],[103.2125,-2.3171],[103.1426,-2.361],[103.0548,-2.3122],[103.0326,-2.3211],[103.0342,-2.3393],[102.9929,-2.3406],[102.8769,-2.3045],[102.8406,-2.3379],[102.8396,-2.3588],[102.8478,-2.3842],[102.8719,-2.3851],[102.8754,-2.4098],[102.7901,-2.5091],[102.7883,-2.5354],[102.7283,-2.5861],[102.7154,-2.5713],[102.6666,-2.6096],[102.6406,-2.611],[102.5986,-2.6771],[102.5187,-2.6765],[102.5052,-2.6961],[102.4682,-2.7035],[102.4063,-2.6891],[102.3872,-2.647],[102.3278,-2.655],[102.2765,-2.6139],[102.251,-2.6312],[102.2345,-2.6914],[102.1257,-2.7293],[102.0922,-2.7712],[102.0289,-2.7567],[101.9901,-2.7231],[101.9125,-2.739],[101.8718,-2.7292]]],[[[104.409,-0.8595],[104.409,-0.8595]]]]}},{"type":"Feature","properties":{"NAME_1":"JawaBarat"},"geometry":{"type":"MultiPolygon","coordinates":[[[[108.1331,-7.7834],[107.9442,-7.734],[107.8468,-7.7368],[107.8101,-7.6876],[107.6901,-7.6682],[107.6739,-7.6267],[107.6056,-7.5734],[107.4833,-7.5391],[107.4739,-7.5189],[107.3995,-7.4957],[107.248,-7.4892],[106.8842,-7.4302],[106.7957,-7.437],[106.7932,-7.4211],[106.776,-7.441],[106.6294,-7.4099],[106.5625,-7.4175],[106.4356,-7.3597],[106.4076,-7.3676],[106.4049,-7.3821],[106.3994,-7.3234],[106.3819,-7.328],[106.3727,-7.3079],[106.3848,-7.2635],[106.3732,-7.2369],[106.3905,-7.2291],[106.4006,-7.1867],[106.4637,-7.1803],[106.4491,-7.1531],[106.457,-7.1292],[106.518,-7.0925],[106.5455,-7.0551],[106.5436,-6.9882],[106.5162,-6.9673],[106.4414,-6.9525],[106.4126,-6.9755],[106.3931,-6.9713],[106.3929,-6.9006],[106.431,-6.8622],[106.436,-6.8198],[106.5263,-6.7679],[106.4666,-6.7509],[106.4292,-6.681],[106.4304,-6.5905],[106.4035,-6.5166],[106.4126,-6.4831],[106.4011,-6.453],[106.4403,-6.45],[106.4547,-6.4269],[106.4273,-6.3761],[106.4421,-6.3257],[106.4693,-6.3035],[106.4841,-6.325],[106.4762,-6.3509],[106.4901,-6.3549],[106.5297,-6.3468],[106.5127,-6.3293],[106.5269,-6.3246],[106.5773,-6.3386],[106.5937,-6.3627],[106.7192,-6.3621],[106.7711,-6.3572],[106.7787,-6.3172],[106.8089,-6.3145],[106.7947,-6.3649],[106.8352,-6.355],[106.8494,-6.3361],[106.8827,-6.3699],[106.9143,-6.3655],[106.9218,-6.3034],[106.9044,-6.2621],[106.9439,-6.2523],[106.9662,-6.2069],[106.969,-6.0907],[107.0164,-6.079],[106.9894,-6.0496],[107.0155,-6.0338],[106.9845,-6.0109],[107.0078,-5.9982],[107.0167,-5.9709],[107.0094,-5.9428],[106.9907,-5.9371],[107.0312,-5.9138],[107.0998,-5.9349],[107.1329,-5.9768],[107.1641,-5.9879],[107.2859,-5.9588],[107.3406,-5.9695],[107.3998,-6.032],[107.4682,-6.1445],[107.5414,-6.1784],[107.6244,-6.1892],[107.6641,-6.2455],[107.6977,-6.2229],[107.7334,-6.2372],[107.8218,-6.1873],[107.8531,-6.1909],[107.8579,-6.2159],[107.8932,-6.1908],[107.9037,-6.2123],[107.8865,-6.213],[107.8911,-6.2385],[108.1274,-6.3346],[108.2103,-6.2736],[108.1891,-6.2294],[108.2205,-6.25],[108.2403,-6.2434],[108.2316,-6.2367],[108.2998,-6.2488],[108.3349,-6.2748],[108.3407,-6.2463],[108.36,-6.2455],[108.3854,-6.3562],[108.4528,-6.4343],[108.5403,-6.4847],[108.5595,-6.6795],[108.6014,-6.7621],[108.6301,-6.7718],[108.653,-6.7533],[108.6747,-6.7586],[108.6875,-6.802],[108.7499,-6.8158],[108.8061,-6.7856],[108.7964,-6.7421],[108.8119,-6.7365],[108.8338,-6.758],[108.8248,-6.8323],[108.7529,-6.9202],[108.7599,-6.9876],[108.7906,-7.0123],[108.7747,-7.0351],[108.7855,-7.0573],[108.7709,-7.1118],[108.726,-7.1153],[108.6761,-7.1566],[108.6349,-7.1387],[108.5922,-7.1502],[108.5621,-7.1714],[108.5575,-7.193],[108.5812,-7.2065],[108.5856,-7.2422],[108.5559,-7.2882],[108.5585,-7.3351],[108.5992,-7.3506],[108.6477,-7.337],[108.6765,-7.3579],[108.6871,-7.3995],[108.7233,-7.431],[108.7124,-7.4593],[108.7546,-7.5586],[108.7324,-7.6143],[108.8014,-7.6744],[108.7779,-7.6995],[108.7809,-7.6851],[108.7733,-7.697],[108.6805,-7.6807],[108.6593,-7.7017],[108.6765,-7.7171],[108.6698,-7.731],[108.6414,-7.6878],[108.5312,-7.6931],[108.4978,-7.7193],[108.5028,-7.7853],[108.4498,-7.8231],[108.2998,-7.8149],[108.1331,-7.7834]]],[[[108.3669,-6.2686],[108.3669,-6.2686]]],[[[108.6821,-6.7714],[108.6821,-6.7714]]]]}},{"type":"Feature","properties":{"NAME_1":"JawaTengah"},"geometry":{"type":"MultiPolygon","coordinates":[[[[110.0044,-7.8854],[109.6107,-7.7792],[109.4672,-7.7586],[109.4121,-7.7764],[109.3873,-7.7545],[109.388,-7.7226],[109.29,-7.7008],[109.0626,-7.6948],[109.0211,-7.7365],[109.0194,-7.7607],[109.0478,-7.7676],[109.0428,-7.7849],[108.7856,-7.736],[108.8006,-7.7167],[108.7829,-7.7023],[108.8026,-7.6904],[108.7995,-7.6679],[108.7319,-7.6127],[108.7548,-7.5597],[108.7124,-7.4593],[108.7233,-7.431],[108.6871,-7.3995],[108.6605,-7.3412],[108.5834,-7.3498],[108.5585,-7.3351],[108.5559,-7.2882],[108.5856,-7.2422],[108.5812,-7.2065],[108.5576,-7.1918],[108.5922,-7.1502],[108.6349,-7.1387],[108.6761,-7.1566],[108.726,-7.1153],[108.7709,-7.1118],[108.7855,-7.0573],[108.7747,-7.0351],[108.7906,-7.0123],[108.7599,-6.9876],[108.7529,-6.9202],[108.8248,-6.8323],[108.8299,-6.7613],[108.868,-6.8082],[108.9486,-6.8309],[108.9738,-6.8196],[108.9688,-6.8053],[108.9928,-6.809],[109.0353,-6.7684],[109.0463,-6.7832],[109.0629,-6.7654],[109.0634,-6.7897],[109.1022,-6.8399],[109.2903,-6.8743],[109.4357,-6.8427],[109.5049,-6.7862],[109.5193,-6.7907],[109.5226,-6.7749],[109.5728,-6.8365],[109.6937,-6.8561],[109.8677,-6.9147],[109.9819,-6.9242],[110.0978,-6.8984],[110.1716,-6.8446],[110.2188,-6.8605],[110.2508,-6.9097],[110.3033,-6.936],[110.369,-6.9551],[110.4191,-6.9429],[110.4237,-6.9548],[110.4241,-6.9368],[110.4366,-6.9506],[110.4759,-6.9243],[110.5282,-6.8474],[110.5201,-6.8349],[110.5601,-6.8037],[110.5757,-6.7665],[110.5362,-6.753],[110.5601,-6.7515],[110.549,-6.7193],[110.5751,-6.7358],[110.6322,-6.681],[110.6464,-6.6502],[110.6383,-6.6186],[110.6558,-6.5971],[110.644,-6.5845],[110.662,-6.574],[110.6449,-6.5557],[110.6819,-6.5277],[110.6641,-6.5026],[110.6902,-6.4988],[110.7308,-6.4442],[110.8363,-6.4075],[110.9177,-6.4026],[110.9967,-6.4065],[111.0486,-6.426],[111.0584,-6.5054],[111.1194,-6.6273],[111.1471,-6.6557],[111.2348,-6.6961],[111.2899,-6.6872],[111.3806,-6.7028],[111.4606,-6.6643],[111.4649,-6.6412],[111.4923,-6.6206],[111.5626,-6.6394],[111.6914,-6.7538],[111.6844,-6.7706],[111.6631,-6.7708],[111.6583,-6.8206],[111.6191,-6.8219],[111.6079,-6.9023],[111.5733,-6.9241],[111.5721,-6.9524],[111.6233,-6.9869],[111.6134,-7.035],[111.6299,-7.0597],[111.6125,-7.0822],[111.6218,-7.1085],[111.6106,-7.1433],[111.5873,-7.1855],[111.5648,-7.1884],[111.5659,-7.2075],[111.5367,-7.2158],[111.5423,-7.2272],[111.4878,-7.2431],[111.4894,-7.261],[111.4601,-7.2618],[111.4517,-7.2482],[111.4514,-7.2742],[111.4391,-7.2683],[111.442,-7.2895],[111.4237,-7.3087],[111.4573,-7.3212],[111.4462,-7.3374],[111.4625,-7.3458],[111.4419,-7.3518],[111.46,-7.3536],[111.4634,-7.3741],[111.3449,-7.3353],[111.3447,-7.3191],[111.2862,-7.2891],[111.2442,-7.2855],[111.2083,-7.2449],[111.1777,-7.2644],[111.1501,-7.2604],[111.137,-7.2975],[111.1553,-7.3133],[111.1455,-7.3683],[111.1186,-7.4193],[111.1526,-7.4994],[111.1531,-7.5628],[111.1945,-7.6204],[111.1819,-7.7123],[111.2386,-7.7511],[111.2745,-7.7349],[111.2901,-7.7429],[111.2807,-7.7891],[111.3193,-7.8544],[111.2978,-7.862],[111.2673,-7.945],[111.2402,-7.9473],[111.2165,-7.926],[111.1924,-7.9394],[111.1829,-7.9188],[111.1439,-7.9333],[111.147,-7.9663],[111.1234,-7.9725],[111.1363,-8.0183],[111.1272,-8.0642],[111.093,-8.0652],[111.093,-8.0309],[111.077,-8.0247],[111.0717,-8.064],[111.0356,-8.0807],[110.9938,-8.0824],[110.9525,-8.0629],[110.9084,-8.1252],[110.9087,-8.2109],[110.8323,-8.2037],[110.8186,-8.1443],[110.7987,-8.1627],[110.7861,-8.1506],[110.7785,-8.0676],[110.7542,-8.0258],[110.7857,-7.8167],[110.7645,-7.8099],[110.7577,-7.8277],[110.7239,-7.7944],[110.6912,-7.8084],[110.6707,-7.8033],[110.6708,-7.7862],[110.658,-7.8048],[110.6075,-7.7966],[110.5858,-7.8086],[110.5829,-7.7897],[110.5621,-7.7822],[110.5312,-7.7983],[110.4918,-7.7669],[110.4461,-7.5418],[110.3041,-7.6549],[110.2724,-7.7069],[110.2634,-7.6458],[110.1416,-7.6451],[110.1179,-7.6683],[110.1379,-7.6934],[110.1298,-7.7472],[110.0623,-7.8144],[110.0424,-7.8849],[110.0302,-7.8967],[110.0044,-7.8854]]],[[[108.8831,-7.7486],[108.8831,-7.7486]]],[[[108.883,-7.748],[108.883,-7.748]]],[[[108.785,-7.7072],[108.785,-7.7072]]],[[[108.7847,-7.7069],[108.7847,-7.7069]]],[[[110.9192,-6.3826],[110.9192,-6.3826]]],[[[111.3071,-6.6738],[111.3071,-6.6738]]],[[[111.2988,-6.673],[111.2988,-6.673]]],[[[111.3036,-6.6718],[111.3036,-6.6718]]],[[[111.2994,-6.6677],[111.2994,-6.6677]]],[[[111.3149,-6.664],[111.3149,-6.664]]],[[[111.3012,-6.6584],[111.3012,-6.6584]]],[[[111.3066,-6.6589],[111.3066,-6.6589]]],[[[111.3169,-6.6552],[111.3169,-6.6552]]],[[[111.2543,-6.6669],[111.2543,-6.6669]]],[[[111.2588,-6.6662],[111.2588,-6.6662]]],[[[111.2859,-6.6343],[111.2859,-6.6343]]],[[[110.1929,-5.8116],[110.1808,-5.818],[110.1929,-5.8116]]],[[[110.163,-5.7994],[110.163,-5.7994]]],[[[110.1899,-5.7394],[110.1899,-5.7394]]],[[[110.4889,-5.8558],[110.4889,-5.8558]]],[[[110.5079,-5.8207],[110.5079,-5.8207]]],[[[110.5588,-5.8],[110.5588,-5.8]]],[[[110.5073,-5.8099],[110.5073,-5.8099]]],[[[110.5103,-5.8013],[110.5103,-5.8013]]],[[[110.5112,-5.7846],[110.5112,-5.7846]]],[[[110.6298,-6.5739],[110.6298,-6.5739]]],[[[110.5822,-5.8606],[110.5822,-5.8606]]],[[[110.6063,-5.8431],[110.6002,-5.8668],[110.6063,-5.8431]]],[[[110.5854,-5.8447],[110.5854,-5.8447]]],[[[110.3419,-5.8907],[110.3419,-5.8907]]],[[[110.3528,-5.8795],[110.3528,-5.8795]]],[[[110.3783,-5.831],[110.3783,-5.831]]],[[[110.4055,-5.893],[110.4055,-5.893]]],[[[110.432,-5.8884],[110.432,-5.8884]]],[[[110.468,-5.8315],[110.4775,-5.8542],[110.4472,-5.8626],[110.4485,-5.8895],[110.4309,-5.8821],[110.4316,-5.8592],[110.4104,-5.8397],[110.4757,-5.819],[110.4724,-5.7977],[110.4764,-5.8143],[110.4611,-5.8005],[110.45,-5.8092],[110.4834,-5.7698],[110.4749,-5.7944],[110.4949,-5.8178],[110.4848,-5.8369],[110.468,-5.8315]]],[[[110.2299,-5.8629],[110.2299,-5.8629]]],[[[110.239,-5.8482],[110.239,-5.8482]]],[[[110.2335,-5.7699],[110.2335,-5.7699]]],[[[110.2516,-5.7352],[110.2455,-5.7627],[110.2311,-5.7379],[110.2516,-5.7352]]],[[[110.4562,-5.7987],[110.4562,-5.7987]]],[[[110.412,-5.7362],[110.4074,-5.7463],[110.412,-5.7362]]],[[[110.3723,-5.8069],[110.3723,-5.8069]]],[[[110.3468,-5.7967],[110.3468,-5.7967]]],[[[110.4021,-5.732],[110.4021,-5.732]]]]}},{"type":"Feature","properties":{"NAME_1":"JawaTimur"},"geometry":{"type":"MultiPolygon","coordinates":[[[[110.9176,-8.2191],[110.9176,-8.2191]]],[[[114.4294,-8.0446],[114.4294,-8.0446]]],[[[110.9174,-8.2223],[110.9174,-8.2223]]],[[[110.9167,-8.2217],[110.9167,-8.2217]]],[[[110.9168,-8.2212],[110.9168,-8.2212]]],[[[113.2175,-7.7246],[113.2175,-7.7246]]],[[[113.2182,-7.7225],[113.2182,-7.7225]]],[[[113.256,-7.6811],[113.2428,-7.6804],[113.256,-7.6811]]],[[[113.2082,-7.3076],[113.2247,-7.311],[113.2082,-7.3076]]],[[[115.869,-7.1567],[115.869,-7.1567]]],[[[112.6653,-7.1925],[112.6653,-7.1925]]],[[[113.7278,-7.252],[113.7278,-7.252]]],[[[113.7016,-7.2425],[113.7016,-7.2425]]],[[[113.6732,-7.2417],[113.6732,-7.2417]]],[[[113.667,-7.2478],[113.667,-7.2478]]],[[[113.5095,-7.2458],[113.4991,-7.2416],[113.5095,-7.2458]]],[[[114.6835,-7.1632],[114.6566,-7.1712],[114.6835,-7.1632]]],[[[115.8684,-7.2051],[115.8275,-7.2078],[115.7413,-7.1551],[115.7642,-7.1313],[115.7754,-7.152],[115.7828,-7.1115],[115.8089,-7.1559],[115.8852,-7.1666],[115.8924,-7.152],[115.8799,-7.1619],[115.8705,-7.1338],[115.8881,-7.1224],[115.8922,-7.1404],[115.8913,-7.1121],[115.9068,-7.1047],[115.8947,-7.1934],[115.8684,-7.2051]]],[[[115.8546,-7.1483],[115.8546,-7.1483]]],[[[115.8419,-7.1523],[115.8419,-7.1523]]],[[[114.6845,-7.1521],[114.6845,-7.1521]]],[[[114.0467,-7.2016],[114.0467,-7.2016]]],[[[113.7926,-7.2162],[113.8125,-7.2208],[113.7943,-7.2362],[113.7491,-7.2179],[113.7545,-7.2061],[113.7926,-7.2162]]],[[[113.8864,-7.1909],[113.9258,-7.1742],[113.9557,-7.2319],[113.9283,-7.2035],[113.8867,-7.2118],[113.8864,-7.1909]]],[[[114.6158,-7.1664],[114.6039,-7.1726],[114.6158,-7.1664]]],[[[114.4997,-7.1436],[114.5102,-7.1568],[114.4763,-7.1507],[114.4997,-7.1436]]],[[[115.8546,-7.1468],[115.8546,-7.1468]]],[[[115.842,-7.144],[115.842,-7.144]]],[[[115.8351,-7.1402],[115.8351,-7.1402]]],[[[115.8104,-7.0377],[115.8104,-7.0377]]],[[[115.5995,-7.0492],[115.5995,-7.0492]]],[[[115.5334,-7.0341],[115.5334,-7.0341]]],[[[115.6902,-7.0276],[115.6902,-7.0276]]],[[[115.5036,-7.0161],[115.5036,-7.0161]]],[[[115.5023,-7.0142],[115.5023,-7.0142]]],[[[115.7563,-7.1151],[115.7563,-7.1151]]],[[[114.7708,-7.1241],[114.7708,-7.1241]]],[[[115.767,-7.1216],[115.767,-7.1216]]],[[[115.7624,-7.1176],[115.7624,-7.1176]]],[[[114.063,-7.1044],[113.9847,-7.1057],[113.9412,-7.0895],[113.9363,-7.0687],[113.9513,-7.0552],[113.9752,-7.0719],[114.0461,-7.0744],[114.063,-7.1044]]],[[[114.3782,-7.1224],[114.4042,-7.1655],[114.384,-7.1818],[114.3134,-7.1589],[114.2713,-7.0971],[114.2948,-7.0659],[114.3329,-7.0586],[114.3707,-7.0896],[114.3782,-7.1224]]],[[[115.7622,-7.1162],[115.7622,-7.1162]]],[[[115.7583,-7.1039],[115.7583,-7.1039]]],[[[115.7646,-7.0978],[115.749,-7.1059],[115.7554,-7.0883],[115.7646,-7.0978]]],[[[114.6869,-7.099],[114.6761,-7.0998],[114.6869,-7.099]]],[[[114.7957,-7.1084],[114.7957,-7.1084]]],[[[114.6962,-7.1076],[114.6962,-7.1076]]],[[[115.1934,-7.0911],[115.1983,-7.0817],[115.1934,-7.0911]]],[[[115.1033,-7.0879],[115.1033,-7.0879]]],[[[114.503,-7.1383],[114.503,-7.1383]]],[[[114.4994,-7.1355],[114.4994,-7.1355]]],[[[115.771,-7.1407],[115.771,-7.1407]]],[[[115.7651,-7.1293],[115.7651,-7.1293]]],[[[115.7601,-7.1301],[115.7601,-7.1301]]],[[[114.5959,-7.1657],[114.5149,-7.1405],[114.5769,-7.1307],[114.6133,-7.1415],[114.6148,-7.1572],[114.5959,-7.1657]]],[[[115.7596,-7.1343],[115.7596,-7.1343]]],[[[115.7599,-7.1333],[115.7599,-7.1333]]],[[[114.5836,-7.1322],[114.5836,-7.1322]]],[[[114.7698,-7.1349],[114.7698,-7.1349]]],[[[115.7599,-7.1319],[115.7599,-7.1319]]],[[[115.7599,-7.1316],[115.7599,-7.1316]]],[[[115.7602,-7.1309],[115.7602,-7.1309]]],[[[115.7694,-7.1313],[115.7625,-7.1231],[115.7694,-7.1313]]],[[[114.7836,-7.1224],[114.775,-7.1353],[114.7836,-7.1224]]],[[[114.6439,-7.0828],[114.6439,-7.0828]]],[[[114.5721,-7.0784],[114.5721,-7.0784]]],[[[115.8029,-7.0555],[115.8029,-7.0555]]],[[[115.7055,-7.0608],[115.7056,-7.0761],[115.6837,-7.0656],[115.7055,-7.0608]]],[[[115.5938,-7.0568],[115.5938,-7.0568]]],[[[115.6647,-7.0498],[115.6747,-7.0646],[115.6512,-7.0654],[115.6487,-7.0475],[115.6647,-7.0498]]],[[[115.6351,-7.0521],[115.6193,-7.0668],[115.618,-7.0497],[115.5961,-7.0562],[115.5954,-7.0429],[115.6316,-7.0365],[115.6351,-7.0521]]],[[[116.2562,-6.9288],[116.2647,-6.9453],[116.2356,-6.9461],[116.2651,-6.9349],[116.2562,-6.9288]]],[[[115.6551,-6.7219],[115.6551,-6.7219]]],[[[115.634,-6.6752],[115.634,-6.6752]]],[[[115.7151,-6.6338],[115.7151,-6.6338]]],[[[115.5136,-6.6062],[115.5136,-6.6062]]],[[[115.5468,-6.5624],[115.5468,-6.5624]]],[[[115.748,-6.4858],[115.748,-6.4858]]],[[[112.746,-5.8062],[112.746,-5.8062]]],[[[112.7702,-5.7997],[112.7702,-5.7997]]],[[[112.5852,-5.766],[112.5852,-5.766]]],[[[112.5449,-5.7489],[112.5449,-5.7489]]],[[[112.6013,-5.7452],[112.6037,-5.7565],[112.6013,-5.7452]]],[[[112.6963,-5.7152],[112.6963,-5.7152]]],[[[112.6147,-5.7275],[112.6147,-5.7275]]],[[[112.7073,-5.7155],[112.7073,-5.7155]]],[[[112.5603,-5.7951],[112.5603,-5.7951]]],[[[112.6287,-5.8461],[112.6203,-5.8676],[112.6214,-5.8521],[112.5766,-5.8435],[112.5842,-5.8293],[112.5685,-5.8076],[112.5884,-5.7729],[112.6859,-5.7155],[112.7267,-5.7358],[112.742,-5.7868],[112.7323,-5.8292],[112.686,-5.8522],[112.6891,-5.8653],[112.6823,-5.85],[112.6287,-5.8461]]],[[[114.4312,-5.5467],[114.4519,-5.5473],[114.4549,-5.5658],[114.4223,-5.5907],[114.394,-5.5679],[114.3932,-5.5427],[114.4125,-5.5323],[114.417,-5.5513],[114.4312,-5.5467]]],[[[114.4194,-5.4311],[114.4367,-5.4603],[114.4139,-5.4512],[114.4194,-5.4311]]],[[[114.5982,-5.1068],[114.5982,-5.1068]]],[[[114.6075,-5.0628],[114.5956,-5.1012],[114.5878,-5.067],[114.609,-5.0489],[114.6075,-5.0628]]],[[[112.7124,-5.7128],[112.7124,-5.7128]]],[[[112.7033,-5.7136],[112.7033,-5.7136]]],[[[115.3158,-7.0123],[115.3008,-7.0088],[115.3158,-7.0123]]],[[[115.5552,-7.0145],[115.5415,-7.0279],[115.5436,-7.01],[115.5552,-7.0145]]],[[[115.7043,-7.0081],[115.7043,-7.0081]]],[[[115.6919,-7.0123],[115.6919,-7.0123]]],[[[114.184,-6.99],[114.1795,-7.005],[114.1609,-6.9985],[114.1746,-6.9649],[114.184,-6.99]]],[[[115.4647,-6.9851],[115.4763,-7.0059],[115.4257,-6.9846],[115.4625,-6.9722],[115.4647,-6.9851]]],[[[115.2611,-6.9743],[115.2616,-6.9851],[115.2444,-6.9705],[115.2611,-6.9743]]],[[[115.295,-6.9768],[115.295,-6.9768]]],[[[115.4112,-6.9837],[115.4156,-6.9599],[115.4112,-6.9837]]],[[[115.6614,-7.0093],[115.6614,-7.0093]]],[[[115.5883,-7.0016],[115.5883,-7.0016]]],[[[115.5391,-7.009],[115.5391,-7.009]]],[[[115.5978,-7.0082],[115.5978,-7.0082]]],[[[115.5449,-6.9957],[115.5338,-7.0334],[115.5043,-7.0143],[115.5429,-6.9815],[115.5449,-6.9957]]],[[[115.6056,-7.0048],[115.6056,-7.0048]]],[[[115.5835,-6.9961],[115.5835,-6.9961]]],[[[115.5873,-6.9931],[115.5873,-6.9931]]],[[[115.5952,-6.9482],[115.6729,-6.9922],[115.6843,-7.0158],[115.589,-6.996],[115.5907,-6.9812],[115.5643,-6.9632],[115.5754,-6.965],[115.577,-6.944],[115.5952,-6.9482]]],[[[113.1496,-7.2175],[113.0746,-7.225],[112.8649,-7.1627],[112.7692,-7.1629],[112.7599,-7.1514],[112.721,-7.1754],[112.6911,-7.154],[112.7062,-7.0982],[112.6858,-7.0955],[112.6734,-7.0735],[112.6807,-7.0347],[112.7229,-7.0387],[112.7741,-6.998],[112.8283,-6.9307],[112.8235,-6.9101],[112.841,-6.9164],[112.8493,-6.8967],[113.0339,-6.8795],[113.1158,-6.8948],[113.5047,-6.8975],[113.798,-6.8853],[113.9145,-6.8638],[114.0898,-6.9279],[114.1248,-6.9774],[114.0437,-7.0075],[113.9893,-7.0085],[113.963,-7.0421],[113.9264,-7.0187],[113.9208,-7.031],[113.9475,-7.0532],[113.9067,-7.0471],[113.8705,-7.0945],[113.8886,-7.1043],[113.8917,-7.1331],[113.683,-7.1087],[113.654,-7.1278],[113.6068,-7.1258],[113.5737,-7.1613],[113.552,-7.2338],[113.5152,-7.2525],[113.5021,-7.229],[113.4699,-7.221],[113.3268,-7.2135],[113.1698,-7.2275],[113.1562,-7.2063],[113.1496,-7.2175]]],[[[115.7482,-6.9284],[115.7482,-6.9284]]],[[[112.4851,-6.9007],[112.4851,-6.9007]]],[[[112.068,-6.8873],[112.068,-6.8873]]],[[[114.5139,-6.8723],[114.5065,-6.8955],[114.5139,-6.8723]]],[[[115.2368,-6.8734],[115.2368,-6.8734]]],[[[114.4336,-6.8427],[114.4311,-6.8585],[114.4298,-6.8318],[114.4336,-6.8427]]],[[[115.2165,-6.8437],[115.2165,-6.8437]]],[[[115.3838,-6.9324],[115.3838,-6.9324]]],[[[115.3722,-6.9283],[115.3722,-6.9283]]],[[[115.4054,-6.927],[115.4054,-6.927]]],[[[115.7592,-6.9676],[115.748,-6.9711],[115.7592,-6.9676]]],[[[115.7095,-6.9669],[115.7095,-6.9669]]],[[[115.2518,-6.9647],[115.2518,-6.9647]]],[[[115.308,-6.9608],[115.308,-6.9608]]],[[[115.3223,-6.9702],[115.3223,-6.9702]]],[[[115.9179,-6.9505],[115.9357,-6.9613],[115.9018,-6.9602],[115.9179,-6.9505]]],[[[115.3657,-6.9447],[115.3657,-6.9447]]],[[[115.4581,-6.9484],[115.4581,-6.9484]]],[[[115.4768,-6.9423],[115.4768,-6.9423]]],[[[115.5014,-6.9513],[115.5014,-6.9513]]],[[[115.5003,-6.9507],[115.5003,-6.9507]]],[[[115.7919,-6.9413],[115.7937,-6.9589],[115.7786,-6.9626],[115.7919,-6.9413]]],[[[115.501,-6.9508],[115.501,-6.9508]]],[[[115.5055,-6.9507],[115.5055,-6.9507]]],[[[115.8784,-6.9417],[115.8686,-6.9614],[115.8784,-6.9417]]],[[[115.5215,-6.9482],[115.5088,-6.9479],[115.5215,-6.9482]]],[[[115.6345,-6.94],[115.6345,-6.94]]],[[[115.5561,-6.9663],[115.5561,-6.9663]]],[[[115.4379,-6.957],[115.4379,-6.957]]],[[[115.5257,-6.9582],[115.5257,-6.9582]]],[[[115.5069,-6.9595],[115.5069,-6.9595]]],[[[115.5198,-6.9606],[115.5198,-6.9606]]],[[[115.4969,-6.9642],[115.4969,-6.9642]]],[[[115.4648,-6.9623],[115.4648,-6.9623]]],[[[115.4157,-6.95],[115.4157,-6.95]]],[[[115.4981,-6.9549],[115.4981,-6.9549]]],[[[115.5044,-6.9527],[115.5044,-6.9527]]],[[[115.4919,-6.9435],[115.4988,-6.9536],[115.4919,-6.9435]]],[[[115.796,-6.9363],[115.796,-6.9363]]],[[[115.3853,-6.9398],[115.3853,-6.9398]]],[[[115.3599,-6.935],[115.3599,-6.935]]],[[[115.3412,-6.9464],[115.3512,-6.9367],[115.3625,-6.9555],[115.3766,-6.9514],[115.3927,-6.971],[115.3754,-6.9736],[115.4043,-6.9887],[115.3338,-6.9959],[115.3155,-6.9699],[115.3262,-6.9619],[115.3035,-6.9484],[115.3099,-6.9779],[115.2865,-6.9703],[115.301,-6.9886],[115.2932,-7.0129],[115.265,-6.9914],[115.2562,-6.9549],[115.2743,-6.949],[115.2698,-6.9355],[115.2478,-6.9483],[115.2406,-6.9334],[115.2358,-6.9446],[115.2038,-6.9387],[115.2071,-6.8899],[115.2399,-6.8863],[115.2536,-6.8625],[115.2279,-6.8379],[115.2629,-6.8269],[115.4058,-6.8371],[115.5195,-6.882],[115.5764,-6.9326],[115.5487,-6.9663],[115.5194,-6.9453],[115.498,-6.9492],[115.4756,-6.9237],[115.4538,-6.932],[115.462,-6.9222],[115.4491,-6.9116],[115.4341,-6.9481],[115.4313,-6.9178],[115.4124,-6.9429],[115.3973,-6.9079],[115.3811,-6.924],[115.3764,-6.9001],[115.3695,-6.9294],[115.3341,-6.9204],[115.3412,-6.9464]]],[[[111.538,-8.3253],[111.538,-8.3253]]],[[[112.1863,-8.3246],[112.1863,-8.3246]]],[[[111.4627,-8.3236],[111.4627,-8.3236]]],[[[111.4373,-8.3236],[111.4373,-8.3236]]],[[[112.1497,-8.3219],[112.1497,-8.3219]]],[[[111.4564,-8.3194],[111.4564,-8.3194]]],[[[111.4883,-8.3176],[111.4883,-8.3176]]],[[[111.4562,-8.3215],[111.4562,-8.3215]]],[[[111.468,-8.3211],[111.468,-8.3211]]],[[[111.481,-8.3163],[111.481,-8.3163]]],[[[111.5386,-8.3141],[111.5386,-8.3141]]],[[[111.5455,-8.3138],[111.5455,-8.3138]]],[[[111.5436,-8.3134],[111.5436,-8.3134]]],[[[111.5457,-8.3144],[111.5457,-8.3144]]],[[[111.5398,-8.3143],[111.5398,-8.3143]]],[[[111.5406,-8.3136],[111.5406,-8.3136]]],[[[111.547,-8.3103],[111.547,-8.3103]]],[[[111.4453,-8.3072],[111.4453,-8.3072]]],[[[111.4432,-8.297],[111.4432,-8.297]]],[[[111.4414,-8.2959],[111.4414,-8.2959]]],[[[111.4433,-8.2902],[111.4433,-8.2902]]],[[[111.8642,-8.2784],[111.8642,-8.2784]]],[[[111.4153,-8.2774],[111.4153,-8.2774]]],[[[111.4522,-8.3171],[111.4522,-8.3171]]],[[[111.5366,-8.3169],[111.5366,-8.3169]]],[[[111.3903,-8.2773],[111.3903,-8.2773]]],[[[111.8628,-8.2756],[111.8628,-8.2756]]],[[[111.375,-8.2741],[111.375,-8.2741]]],[[[111.4356,-8.2725],[111.4356,-8.2725]]],[[[111.2264,-8.2678],[111.2264,-8.2678]]],[[[111.4196,-8.2621],[111.4196,-8.2621]]],[[[111.4234,-8.2617],[111.4234,-8.2617]]],[[[111.1292,-8.2599],[111.1292,-8.2599]]],[[[111.1237,-8.2602],[111.1237,-8.2602]]],[[[111.001,-8.2557],[111.001,-8.2557]]],[[[111.4372,-8.272],[111.4372,-8.272]]],[[[111.2265,-8.2698],[111.2265,-8.2698]]],[[[111.4411,-8.2696],[111.4411,-8.2696]]],[[[110.9937,-8.2552],[110.9937,-8.2552]]],[[[110.9964,-8.2535],[110.9964,-8.2535]]],[[[110.9945,-8.2543],[110.9945,-8.2543]]],[[[110.9926,-8.2529],[110.9926,-8.2529]]],[[[110.9964,-8.2527],[110.9964,-8.2527]]],[[[110.992,-8.2524],[110.992,-8.2524]]],[[[110.9753,-8.2428],[110.9753,-8.2428]]],[[[110.9753,-8.2418],[110.9753,-8.2418]]],[[[110.9775,-8.2416],[110.9775,-8.2416]]],[[[110.9755,-8.2415],[110.9755,-8.2415]]],[[[110.9726,-8.2409],[110.9726,-8.2409]]],[[[110.9716,-8.2408],[110.9716,-8.2408]]],[[[110.9701,-8.2379],[110.9701,-8.2379]]],[[[110.9601,-8.2358],[110.9601,-8.2358]]],[[[110.977,-8.243],[110.977,-8.243]]],[[[110.997,-8.2554],[110.997,-8.2554]]],[[[111.0023,-8.2552],[111.0023,-8.2552]]],[[[111.4158,-8.2775],[111.4158,-8.2775]]],[[[110.9627,-8.2356],[110.9627,-8.2356]]],[[[114.2041,-8.657],[114.2041,-8.657]]],[[[114.0501,-8.6476],[114.0501,-8.6476]]],[[[114.0571,-8.6395],[114.0571,-8.6395]]],[[[114.0526,-8.6379],[114.0526,-8.6379]]],[[[114.0286,-8.6483],[114.0286,-8.6483]]],[[[114.0506,-8.6471],[114.0506,-8.6471]]],[[[114.0258,-8.6471],[114.0258,-8.6471]]],[[[114.0247,-8.6464],[114.0247,-8.6464]]],[[[114.0331,-8.6349],[114.0331,-8.6349]]],[[[114.0333,-8.6342],[114.0333,-8.6342]]],[[[114.0836,-8.6349],[114.0836,-8.6349]]],[[[114.0636,-8.6287],[114.0636,-8.6287]]],[[[114.1118,-8.6192],[114.1118,-8.6192]]],[[[113.9955,-8.6176],[113.9955,-8.6176]]],[[[113.9903,-8.6149],[113.9903,-8.6149]]],[[[113.914,-8.5854],[113.914,-8.5854]]],[[[113.8945,-8.5824],[113.8945,-8.5824]]],[[[113.896,-8.5799],[113.896,-8.5799]]],[[[113.9229,-8.5748],[113.9229,-8.5748]]],[[[113.8115,-8.5616],[113.8115,-8.5616]]],[[[113.818,-8.5625],[113.818,-8.5625]]],[[[113.8668,-8.5623],[113.8668,-8.5623]]],[[[113.8585,-8.5612],[113.8585,-8.5612]]],[[[113.8568,-8.5604],[113.8568,-8.5604]]],[[[113.8008,-8.5604],[113.8008,-8.5604]]],[[[113.8172,-8.5599],[113.8172,-8.5599]]],[[[113.8136,-8.56],[113.8136,-8.56]]],[[[113.8156,-8.5601],[113.8156,-8.5601]]],[[[114.0249,-8.6073],[114.0249,-8.6073]]],[[[114.0244,-8.6064],[114.0244,-8.6064]]],[[[113.8082,-8.5579],[113.8082,-8.5579]]],[[[113.8063,-8.5547],[113.8063,-8.5547]]],[[[113.8068,-8.5572],[113.8068,-8.5572]]],[[[113.8033,-8.5537],[113.8033,-8.5537]]],[[[113.8043,-8.5521],[113.8043,-8.5521]]],[[[113.8011,-8.5505],[113.8011,-8.5505]]],[[[113.7436,-8.5462],[113.7436,-8.5462]]],[[[113.7444,-8.5445],[113.7444,-8.5445]]],[[[113.835,-8.54],[113.835,-8.54]]],[[[113.8237,-8.5431],[113.8237,-8.5431]]],[[[113.8219,-8.5436],[113.8219,-8.5436]]],[[[113.8305,-8.5352],[113.8305,-8.5352]]],[[[113.836,-8.5338],[113.836,-8.5338]]],[[[113.7093,-8.5341],[113.7093,-8.5341]]],[[[113.703,-8.5324],[113.703,-8.5324]]],[[[113.8082,-8.5293],[113.8082,-8.5293]]],[[[113.8076,-8.5282],[113.8076,-8.5282]]],[[[113.807,-8.5258],[113.807,-8.5258]]],[[[113.8071,-8.5233],[113.8071,-8.5233]]],[[[113.7557,-8.5223],[113.7557,-8.5223]]],[[[113.7548,-8.521],[113.7548,-8.521]]],[[[113.8039,-8.518],[113.8039,-8.518]]],[[[113.7904,-8.5133],[113.7904,-8.5133]]],[[[113.7136,-8.504],[113.7136,-8.504]]],[[[113.6649,-8.5005],[113.6649,-8.5005]]],[[[113.8174,-8.5587],[113.8174,-8.5587]]],[[[113.8167,-8.5587],[113.8167,-8.5587]]],[[[113.8069,-8.5584],[113.8069,-8.5584]]],[[[113.6243,-8.4856],[113.6243,-8.4856]]],[[[113.6241,-8.4723],[113.6241,-8.4723]]],[[[113.6234,-8.4718],[113.6234,-8.4718]]],[[[113.6239,-8.4696],[113.6239,-8.4696]]],[[[113.6243,-8.4862],[113.6243,-8.4862]]],[[[113.6233,-8.482],[113.6233,-8.482]]],[[[113.6448,-8.4966],[113.6448,-8.4966]]],[[[113.6175,-8.499],[113.6175,-8.499]]],[[[113.6453,-8.4964],[113.6453,-8.4964]]],[[[113.605,-8.4429],[113.605,-8.4429]]],[[[113.592,-8.4427],[113.592,-8.4427]]],[[[113.5897,-8.4431],[113.5897,-8.4431]]],[[[113.5889,-8.4429],[113.5889,-8.4429]]],[[[113.5905,-8.4428],[113.5905,-8.4428]]],[[[113.58,-8.4423],[113.58,-8.4423]]],[[[113.5898,-8.4419],[113.5898,-8.4419]]],[[[113.5777,-8.4414],[113.5777,-8.4414]]],[[[113.5492,-8.4397],[113.5492,-8.4397]]],[[[113.5488,-8.4395],[113.5488,-8.4395]]],[[[113.5494,-8.4387],[113.5494,-8.4387]]],[[[113.5507,-8.4376],[113.5507,-8.4376]]],[[[113.5522,-8.437],[113.5522,-8.437]]],[[[113.5545,-8.4367],[113.5545,-8.4367]]],[[[113.556,-8.4359],[113.556,-8.4359]]],[[[113.558,-8.435],[113.558,-8.435]]],[[[112.7339,-8.4338],[112.7339,-8.4338]]],[[[113.557,-8.4345],[113.557,-8.4345]]],[[[113.5475,-8.4326],[113.5475,-8.4326]]],[[[113.5479,-8.4336],[113.5479,-8.4336]]],[[[113.3027,-8.4485],[113.3903,-8.4539],[113.4199,-8.4697],[113.3987,-8.4966],[113.2934,-8.5082],[113.2624,-8.4867],[113.2904,-8.4457],[113.3027,-8.4485]]],[[[112.7057,-8.4641],[112.7057,-8.4641]]],[[[112.7045,-8.4636],[112.7045,-8.4636]]],[[[112.701,-8.463],[112.701,-8.463]]],[[[112.6987,-8.4614],[112.6987,-8.4614]]],[[[112.6919,-8.4611],[112.6919,-8.4611]]],[[[112.6969,-8.4611],[112.6969,-8.4611]]],[[[112.6726,-8.4599],[112.6726,-8.4599]]],[[[112.6915,-8.4606],[112.6915,-8.4606]]],[[[112.6768,-8.459],[112.6768,-8.459]]],[[[112.6775,-8.4584],[112.6775,-8.4584]]],[[[112.6797,-8.457],[112.6797,-8.457]]],[[[112.6815,-8.4559],[112.6815,-8.4559]]],[[[112.679,-8.4559],[112.679,-8.4559]]],[[[112.6807,-8.4577],[112.6807,-8.4577]]],[[[112.6951,-8.4597],[112.6951,-8.4597]]],[[[112.6927,-8.4596],[112.6927,-8.4596]]],[[[112.6725,-8.4496],[112.6725,-8.4496]]],[[[112.6773,-8.4525],[112.6773,-8.4525]]],[[[112.6787,-8.452],[112.6787,-8.452]]],[[[112.6764,-8.4551],[112.6764,-8.4551]]],[[[112.6785,-8.4537],[112.6785,-8.4537]]],[[[112.6785,-8.4549],[112.6785,-8.4549]]],[[[112.6779,-8.4533],[112.6779,-8.4533]]],[[[113.5824,-8.4448],[113.5824,-8.4448]]],[[[113.5799,-8.4446],[113.5799,-8.4446]]],[[[113.6608,-8.5003],[113.6608,-8.5003]]],[[[113.6615,-8.5002],[113.6615,-8.5002]]],[[[113.6158,-8.5003],[113.6158,-8.5003]]],[[[113.6177,-8.4995],[113.6177,-8.4995]]],[[[113.6144,-8.4992],[113.6144,-8.4992]]],[[[113.6159,-8.4996],[113.6159,-8.4996]]],[[[113.6625,-8.4992],[113.6625,-8.4992]]],[[[113.6166,-8.4993],[113.6166,-8.4993]]],[[[113.5301,-8.4296],[113.5301,-8.4296]]],[[[112.7338,-8.427],[112.7338,-8.427]]],[[[113.5042,-8.4238],[113.5042,-8.4238]]],[[[112.7388,-8.4181],[112.7388,-8.4181]]],[[[112.7488,-8.4162],[112.7488,-8.4162]]],[[[112.7459,-8.4177],[112.7459,-8.4177]]],[[[113.4803,-8.414],[113.4803,-8.414]]],[[[113.4786,-8.4107],[113.4786,-8.4107]]],[[[112.8107,-8.4029],[112.8107,-8.4029]]],[[[112.8095,-8.4003],[112.8095,-8.4003]]],[[[112.7539,-8.4236],[112.7539,-8.4236]]],[[[113.4743,-8.3976],[113.4743,-8.3976]]],[[[113.4742,-8.3964],[113.4742,-8.3964]]],[[[112.8184,-8.3963],[112.8184,-8.3963]]],[[[112.8371,-8.3753],[112.8371,-8.3753]]],[[[112.8252,-8.3735],[112.8252,-8.3735]]],[[[112.827,-8.373],[112.827,-8.373]]],[[[111.652,-8.3788],[111.652,-8.3788]]],[[[111.6681,-8.3779],[111.6681,-8.3779]]],[[[111.6516,-8.3772],[111.6516,-8.3772]]],[[[112.837,-8.3828],[112.837,-8.3828]]],[[[112.8385,-8.3832],[112.8385,-8.3832]]],[[[112.8374,-8.383],[112.8374,-8.383]]],[[[111.5129,-8.3694],[111.5129,-8.3694]]],[[[111.67,-8.3696],[111.67,-8.3696]]],[[[111.6717,-8.3695],[111.6717,-8.3695]]],[[[111.6693,-8.3688],[111.6693,-8.3688]]],[[[111.6546,-8.3664],[111.6546,-8.3664]]],[[[111.6514,-8.3661],[111.6514,-8.3661]]],[[[111.6683,-8.3598],[111.6683,-8.3598]]],[[[111.6591,-8.3574],[111.6591,-8.3574]]],[[[111.6587,-8.3575],[111.6587,-8.3575]]],[[[111.6305,-8.3565],[111.6305,-8.3565]]],[[[111.6301,-8.3559],[111.6301,-8.3559]]],[[[111.6248,-8.3574],[111.6248,-8.3574]]],[[[111.4869,-8.3648],[111.4869,-8.3648]]],[[[111.4835,-8.3638],[111.4835,-8.3638]]],[[[111.4873,-8.3624],[111.4873,-8.3624]]],[[[111.6267,-8.3542],[111.6267,-8.3542]]],[[[112.2407,-8.3521],[112.2407,-8.3521]]],[[[112.3478,-8.3521],[112.3478,-8.3521]]],[[[112.2386,-8.3523],[112.2386,-8.3523]]],[[[111.6241,-8.349],[111.6241,-8.349]]],[[[112.3469,-8.347],[112.3469,-8.347]]],[[[111.6243,-8.3487],[111.6243,-8.3487]]],[[[112.2418,-8.3487],[112.2418,-8.3487]]],[[[112.2416,-8.3508],[112.2416,-8.3508]]],[[[112.2371,-8.3505],[112.2371,-8.3505]]],[[[112.3458,-8.3508],[112.3458,-8.3508]]],[[[112.241,-8.3504],[112.241,-8.3504]]],[[[112.2381,-8.351],[112.2381,-8.351]]],[[[112.24,-8.3488],[112.24,-8.3488]]],[[[111.6298,-8.3552],[111.6298,-8.3552]]],[[[111.6283,-8.3549],[111.6283,-8.3549]]],[[[111.6272,-8.3544],[111.6272,-8.3544]]],[[[112.2373,-8.3461],[112.2373,-8.3461]]],[[[112.319,-8.3441],[112.319,-8.3441]]],[[[112.2199,-8.3437],[112.2199,-8.3437]]],[[[112.3083,-8.3414],[112.3083,-8.3414]]],[[[112.3104,-8.3406],[112.3104,-8.3406]]],[[[112.3033,-8.3388],[112.3033,-8.3388]]],[[[112.2283,-8.3454],[112.2283,-8.3454]]],[[[112.2239,-8.3435],[112.2239,-8.3435]]],[[[111.5693,-8.3379],[111.5693,-8.3379]]],[[[111.5632,-8.3371],[111.5632,-8.3371]]],[[[111.5631,-8.3386],[111.5631,-8.3386]]],[[[111.5678,-8.3382],[111.5678,-8.3382]]],[[[111.5695,-8.3367],[111.5695,-8.3367]]],[[[111.5682,-8.3364],[111.5682,-8.3364]]],[[[111.5164,-8.3355],[111.5164,-8.3355]]],[[[112.293,-8.3336],[112.293,-8.3336]]],[[[111.535,-8.3327],[111.535,-8.3327]]],[[[111.5745,-8.3336],[111.5745,-8.3336]]],[[[112.2069,-8.3299],[112.2069,-8.3299]]],[[[112.2053,-8.3293],[112.2053,-8.3293]]],[[[111.4619,-8.3293],[111.4619,-8.3293]]],[[[111.4633,-8.3277],[111.4633,-8.3277]]],[[[112.2028,-8.3269],[112.2028,-8.3269]]],[[[111.509,-8.3272],[111.509,-8.3272]]],[[[111.4635,-8.3285],[111.4635,-8.3285]]],[[[112.1806,-8.3274],[112.1806,-8.3274]]],[[[111.4768,-8.33],[111.4768,-8.33]]],[[[111.5759,-8.3303],[111.5759,-8.3303]]],[[[111.5777,-8.3306],[111.5777,-8.3306]]],[[[111.4779,-8.3294],[111.4779,-8.3294]]],[[[111.5168,-8.3343],[111.5168,-8.3343]]],[[[111.5719,-8.3343],[111.5719,-8.3343]]],[[[113.5352,-8.4322],[113.5352,-8.4322]]],[[[113.537,-8.4334],[113.537,-8.4334]]],[[[112.7065,-8.4316],[112.7072,-8.4637],[112.6801,-8.4562],[112.6815,-8.4401],[112.7065,-8.4316]]],[[[113.54,-8.4323],[113.54,-8.4323]]],[[[113.5357,-8.4305],[113.5357,-8.4305]]],[[[113.5406,-8.4305],[113.5406,-8.4305]]],[[[113.5441,-8.4297],[113.5441,-8.4297]]],[[[113.5403,-8.4299],[113.5403,-8.4299]]],[[[111.5077,-8.327],[111.5077,-8.327]]],[[[112.1798,-8.3272],[112.1798,-8.3272]]],[[[111.415721875,-8.27405625],[111.415721875,-8.27405625]]],[[[111.41572333333333,-8.2741],[111.3773,-8.2765],[111.3672,-8.2608],[111.3255,-8.2734],[111.3018,-8.2572],[111.2842,-8.2732],[111.2786,-8.2546],[111.2575,-8.249],[111.1535,-8.2851],[111.1321,-8.2731],[111.137,-8.262],[111.0938,-8.2474],[111.096,-8.2226],[111.0773,-8.2231],[111.0633,-8.2522],[110.9991,-8.2549],[110.9825,-8.2359],[110.9161,-8.2175],[110.8994,-8.1869],[110.9085,-8.125],[110.9525,-8.0629],[110.9938,-8.0824],[111.0356,-8.0807],[111.0717,-8.064],[111.077,-8.0247],[111.093,-8.0309],[111.093,-8.0652],[111.1272,-8.0642],[111.1363,-8.0183],[111.1234,-7.9725],[111.147,-7.9663],[111.1439,-7.9333],[111.1829,-7.9188],[111.1924,-7.9394],[111.2165,-7.926],[111.2402,-7.9473],[111.2673,-7.945],[111.2978,-7.862],[111.3193,-7.8544],[111.2807,-7.7891],[111.2901,-7.7429],[111.2745,-7.7349],[111.2386,-7.7511],[111.1819,-7.7123],[111.1945,-7.6204],[111.1531,-7.5628],[111.1526,-7.4994],[111.1186,-7.4193],[111.1455,-7.3683],[111.1553,-7.3133],[111.137,-7.2975],[111.1501,-7.2604],[111.1777,-7.2644],[111.2083,-7.2449],[111.2442,-7.2855],[111.2862,-7.2891],[111.3447,-7.3191],[111.3449,-7.3353],[111.4634,-7.3741],[111.46,-7.3536],[111.4419,-7.3518],[111.4625,-7.3458],[111.4462,-7.3374],[111.4573,-7.3212],[111.4237,-7.3087],[111.442,-7.2895],[111.4391,-7.2683],[111.4514,-7.2742],[111.4517,-7.2482],[111.4601,-7.2618],[111.4894,-7.261],[111.4878,-7.2431],[111.5423,-7.2272],[111.5367,-7.2158],[111.5659,-7.2075],[111.5648,-7.1884],[111.5873,-7.1855],[111.6106,-7.1433],[111.6218,-7.1085],[111.6125,-7.0822],[111.6299,-7.0597],[111.6134,-7.035],[111.6233,-6.9869],[111.5721,-6.9524],[111.5733,-6.9241],[111.6079,-6.9023],[111.6191,-6.8219],[111.6583,-6.8206],[111.6631,-6.7708],[111.6844,-6.7706],[111.6915,-6.7537],[111.8336,-6.8005],[111.9726,-6.7674],[112.0471,-6.8819],[112.1254,-6.9024],[112.1709,-6.8995],[112.2245,-6.8726],[112.2686,-6.8799],[112.3583,-6.8636],[112.3869,-6.8765],[112.4178,-6.8624],[112.4818,-6.9026],[112.5454,-6.909],[112.5551,-6.8875],[112.5342,-6.8728],[112.5502,-6.8451],[112.5732,-6.8947],[112.5971,-6.9047],[112.5975,-6.9554],[112.6525,-7.0214],[112.6341,-7.1006],[112.6123,-7.1004],[112.6285,-7.1063],[112.6282,-7.1353],[112.6613,-7.156],[112.6682,-7.2199],[112.7065,-7.2248],[112.7174,-7.1991],[112.7257,-7.2098],[112.7236,-7.198],[112.7648,-7.1963],[112.8065,-7.2557],[112.8363,-7.2673],[112.8464,-7.3076],[112.8253,-7.3391],[112.8421,-7.3321],[112.8375,-7.4716],[112.8129,-7.4797],[112.8722,-7.5309],[112.8684,-7.5691],[112.8375,-7.5684],[112.9034,-7.6264],[112.9482,-7.6207],[112.9858,-7.6568],[113.0416,-7.6531],[113.1068,-7.7206],[113.1509,-7.7413],[113.1727,-7.7267],[113.1862,-7.7483],[113.2289,-7.725],[113.2242,-7.7378],[113.255,-7.7426],[113.2824,-7.7838],[113.305,-7.768],[113.3456,-7.771],[113.382,-7.7362],[113.4388,-7.7342],[113.488,-7.6977],[113.6657,-7.737],[113.7131,-7.7078],[113.761,-7.7381],[113.7929,-7.7296],[113.8412,-7.6845],[113.9305,-7.7007],[113.9395,-7.6771],[113.9543,-7.6791],[114.0323,-7.6061],[114.0443,-7.6132],[114.0382,-7.6045],[114.1067,-7.7065],[114.2078,-7.7181],[114.2405,-7.6981],[114.2938,-7.7478],[114.3287,-7.7583],[114.3741,-7.7489],[114.4485,-7.7963],[114.468,-7.8348],[114.4644,-7.8867],[114.4215,-7.9217],[114.4346,-8.0339],[114.3984,-8.1216],[114.3824,-8.2],[114.3905,-8.235],[114.3661,-8.2802],[114.34,-8.4233],[114.3635,-8.4841],[114.3502,-8.5254],[114.3757,-8.5329],[114.389,-8.4478],[114.4094,-8.5098],[114.4079,-8.5691],[114.4398,-8.6315],[114.4579,-8.6385],[114.4809,-8.618],[114.5146,-8.6502],[114.5693,-8.66],[114.604,-8.7243],[114.5868,-8.7633],[114.5336,-8.7804],[114.3452,-8.7429],[114.3718,-8.7176],[114.3732,-8.678],[114.3065,-8.6188],[114.2336,-8.6023],[114.2097,-8.6453],[114.0948,-8.6156],[114.0845,-8.6296],[114.0598,-8.6267],[114.0489,-8.6467],[114.0152,-8.5903],[113.9961,-8.594],[113.9961,-8.6106],[113.9899,-8.5992],[113.9565,-8.614],[113.9471,-8.5999],[113.9687,-8.5841],[113.946,-8.5592],[113.9089,-8.5802],[113.8757,-8.5575],[113.836,-8.5542],[113.8307,-8.5276],[113.8074,-8.5566],[113.8125,-8.5031],[113.7961,-8.4898],[113.7122,-8.5286],[113.713,-8.4831],[113.6899,-8.5056],[113.6836,-8.4914],[113.6461,-8.495],[113.6382,-8.455],[113.6006,-8.436],[113.5828,-8.4444],[113.57,-8.4255],[113.5529,-8.4365],[113.4849,-8.4164],[113.4592,-8.3794],[113.3883,-8.4004],[113.3287,-8.3221],[113.2213,-8.2817],[113.077,-8.286],[112.9794,-8.3252],[112.914,-8.399],[112.9001,-8.3793],[112.8986,-8.3995],[112.872,-8.4088],[112.8638,-8.393],[112.8476,-8.4058],[112.8482,-8.3776],[112.8397,-8.3861],[112.8314,-8.369],[112.8129,-8.4018],[112.7925,-8.4046],[112.7734,-8.3858],[112.7566,-8.4217],[112.7089,-8.4178],[112.6517,-8.4488],[112.5573,-8.4029],[112.4433,-8.3984],[112.3893,-8.3701],[112.3726,-8.3757],[112.3646,-8.3523],[112.3303,-8.3314],[112.3163,-8.3425],[112.2861,-8.3321],[112.2634,-8.3505],[112.2208,-8.3428],[112.2192,-8.327],[112.1544,-8.3289],[112.1429,-8.3157],[112.0342,-8.3197],[111.9497,-8.2776],[111.9378,-8.3064],[111.8991,-8.3046],[111.8398,-8.2588],[111.8426,-8.2822],[111.7746,-8.2579],[111.7691,-8.3169],[111.7821,-8.3263],[111.7492,-8.3437],[111.7474,-8.3076],[111.7298,-8.2879],[111.7128,-8.2913],[111.7131,-8.3225],[111.6884,-8.3348],[111.7266,-8.3715],[111.7046,-8.3669],[111.7019,-8.3836],[111.6673,-8.356],[111.6525,-8.3667],[111.6381,-8.3477],[111.6254,-8.3539],[111.6228,-8.3219],[111.6049,-8.3397],[111.5985,-8.3224],[111.5697,-8.3343],[111.5723,-8.3166],[111.5552,-8.3067],[111.5327,-8.3159],[111.5337,-8.333],[111.482,-8.3198],[111.4784,-8.306],[111.4615,-8.3232],[111.4449,-8.3023],[111.4476,-8.2692],[111.4259,-8.2574],[111.41572333333333,-8.2741]],[[112.7509,-8.4172],[112.7509,-8.4172]],[[111.6309,-8.3364],[111.6309,-8.3364]]]]}},{"type":"Feature","properties":{"NAME_1":"KalimantanBarat"},"geometry":{"type":"MultiPolygon","coordinates":[[[[110.2029,-3.0649],[110.2029,-3.0649]]],[[[109.3243,-0.5762],[109.3341,-0.5742],[109.3243,-0.5762]]],[[[109.3098,-0.6128],[109.3098,-0.6128]]],[[[109.3114,-0.6095],[109.3114,-0.6095]]],[[[109.3826,-0.6094],[109.3826,-0.6094]]],[[[109.3032,-0.5972],[109.2813,-0.6132],[109.3032,-0.5972]]],[[[109.2606,-0.9415],[109.2606,-0.9415]]],[[[109.5883,-0.7403],[109.6261,-0.7509],[109.6354,-0.7912],[109.567,-0.7575],[109.5747,-0.7333],[109.5883,-0.7403]]],[[[109.5605,-0.7457],[109.5605,-0.7457]]],[[[109.493455,-0.69938],[109.493455,-0.69938]]],[[[109.493455,-0.69938],[109.493455,-0.69938]]],[[[109.6955,-0.7175],[109.6697,-0.7521],[109.6078,-0.7453],[109.6059,-0.7342],[109.6422,-0.7324],[109.6476,-0.7193],[109.6955,-0.7175]]],[[[109.571,-0.735],[109.5511,-0.7325],[109.5687,-0.7123],[109.571,-0.735]]],[[[109.5781,-0.7179],[109.6066,-0.7263],[109.6054,-0.7442],[109.5781,-0.7179]]],[[[109.6619,-0.7006],[109.6883,-0.7127],[109.6298,-0.7321],[109.5787,-0.7165],[109.6619,-0.7006]]],[[[109.5306,-0.7019],[109.5592,-0.7161],[109.5417,-0.7315],[109.4686,-0.7319],[109.4447,-0.7084],[109.4621,-0.7209],[109.4919,-0.6997],[109.5306,-0.7019]]],[[[109.6667,-0.6833],[109.6719,-0.6982],[109.552,-0.7072],[109.6562,-0.6718],[109.6667,-0.6833]]],[[[109.4899,-0.6858],[109.4974,-0.6947],[109.4899,-0.6858]]],[[[109.3813,-0.6567],[109.4055,-0.6747],[109.365,-0.6755],[109.3494,-0.6539],[109.3813,-0.6567]]],[[[109.4533,-0.6719],[109.49334519572953,-0.699302491103203],[109.483,-0.7166],[109.4581,-0.7188],[109.4119,-0.6745],[109.4533,-0.6719]]],[[[109.4906,-0.627],[109.5476,-0.656],[109.5836,-0.653],[109.5832,-0.686],[109.5461,-0.7032],[109.4994,-0.6943],[109.4274,-0.6425],[109.4906,-0.627]]],[[[109.3671,-0.6189],[109.4768,-0.6857],[109.3601,-0.6533],[109.3512,-0.6348],[109.3671,-0.6189]]],[[[109.1705,-1.2644],[109.1705,-1.2644]]],[[[109.9383,-1.2488],[109.9383,-1.2488]]],[[[109.284,-1.2121],[109.284,-1.2121]]],[[[109.2726,-1.209],[109.2741,-1.1991],[109.2726,-1.209]]],[[[109.2985,-1.2298],[109.2985,-1.2298]]],[[[109.2076,-1.2384],[109.2076,-1.2384]]],[[[109.2034,-1.2328],[109.2034,-1.2328]]],[[[109.2528,-1.2361],[109.2528,-1.2361]]],[[[109.2964,-1.2345],[109.2964,-1.2345]]],[[[109.2657,-1.1867],[109.2695,-1.2163],[109.2423,-1.2436],[109.2174,-1.237],[109.2274,-1.2002],[109.2657,-1.1867]]],[[[109.2998,-1.0569],[109.2998,-1.0569]]],[[[109.8166,-1.0916],[109.8166,-1.0916]]],[[[109.4532,-1.0211],[109.4532,-1.0211]]],[[[109.7579,-1.0124],[109.7579,-1.0124]]],[[[109.6753,-1.0037],[109.6753,-1.0037]]],[[[109.6743,-1.0034],[109.6743,-1.0034]]],[[[109.385,-0.9611],[109.385,-0.9611]]],[[[109.3882,-0.9593],[109.3882,-0.9593]]],[[[109.3614,-0.946],[109.3614,-0.946]]],[[[109.6696,-1.0024],[109.6696,-1.0024]]],[[[109.6685,-1.0004],[109.6685,-1.0004]]],[[[109.6685,-0.9991],[109.6685,-0.9991]]],[[[109.4026,-1.2221],[109.4026,-1.2221]]],[[[109.9059,-1.2037],[109.9059,-1.2037]]],[[[109.252,-0.9464],[109.252,-0.9464]]],[[[109.275,-0.873],[109.2377,-0.8017],[109.2492,-0.6606],[109.3097,-0.703],[109.4035,-0.7104],[109.4665,-0.7544],[109.5528,-0.7435],[109.5612,-0.7633],[109.6767,-0.832],[109.711,-0.8319],[109.7182,-0.8723],[109.7484,-0.8721],[109.736,-0.8813],[109.7461,-0.8993],[109.7205,-0.9134],[109.7215,-0.9735],[109.6824,-1.0138],[109.6494,-0.9985],[109.6397,-0.9763],[109.6129,-0.9721],[109.5922,-0.9059],[109.5524,-0.885],[109.436,-0.8526],[109.4155,-0.8688],[109.4327,-0.8963],[109.3992,-0.9332],[109.314,-0.9101],[109.275,-0.873]]],[[[108.7096,0.7861],[108.7273,0.7321],[108.709,0.7391],[108.6914,0.7987],[108.7096,0.8019],[108.7096,0.7861]]],[[[108.792,0.832],[108.7765,0.8226],[108.778,0.8388],[108.792,0.832]]],[[[108.7631,0.7345],[108.7624,0.7644],[108.7631,0.7345]]],[[[108.7957,0.7521],[108.786,0.7445],[108.7957,0.7521]]],[[[109.1352,-0.2035],[109.1933,-0.2187],[109.1325,-0.2358],[109.0836,-0.2696],[109.0944,-0.3293],[109.0553,-0.2699],[109.0584,-0.2154],[109.1352,-0.2035]]],[[[109.0688,-0.1953],[109.0688,-0.1953]]],[[[109.0858,-0.1695],[109.0858,-0.1695]]],[[[109.1191,-0.1121],[109.1233,-0.103],[109.1191,-0.1121]]],[[[109.1759,-0.0967],[109.1705,-0.088],[109.1759,-0.0967]]],[[[109.1152,-0.1704],[109.1732,-0.2014],[109.0879,-0.1904],[109.0994,-0.1692],[109.1152,-0.1704]]],[[[109.0929,-0.1705],[109.0823,-0.1737],[109.0929,-0.1705]]],[[[109.1338,-0.1486],[109.1607,-0.1853],[109.1266,-0.1671],[109.1338,-0.1486]]],[[[109.1245,-0.1443],[109.1235,-0.1682],[109.0892,-0.1509],[109.1101,-0.118],[109.1245,-0.1443]]],[[[109.1734,-0.108],[109.1869,-0.1375],[109.1766,-0.1943],[109.1247,-0.1168],[109.1612,-0.0581],[109.1734,-0.108]]],[[[109.2441,0.0228],[109.2534,0.0163],[109.2441,0.0228]]],[[[109.2289,0.0303],[109.2289,0.0303]]],[[[109.2388,0.0216],[109.2321,0.0295],[109.2388,0.0216]]],[[[109.2064,0.0445],[109.239,0.0189],[109.1788,0.0363],[109.1802,0.0478],[109.2003,0.0398],[109.1905,0.0513],[109.2064,0.0445]]],[[[108.8591,0.5015],[108.8584,0.4752],[108.8382,0.4994],[108.8574,0.5168],[108.8591,0.5015]]],[[[108.8661,0.7078],[108.8661,0.7078]]],[[[110.225,-3.0414],[110.225,-3.0414]]],[[[110.0918,-2.88],[110.0918,-2.88]]],[[[110.0797,-2.8417],[110.0797,-2.8417]]],[[[110.0834,-2.8357],[110.0834,-2.8357]]],[[[110.0923,-2.8932],[110.0923,-2.8932]]],[[[110.092,-2.8907],[110.092,-2.8907]]],[[[110.175,-2.8551],[110.2005,-2.8931],[110.1923,-2.9122],[110.1619,-2.9144],[110.1315,-2.8906],[110.175,-2.8551]]],[[[110.1146,-2.6769],[110.1293,-2.7416],[110.0837,-2.7607],[110.0444,-2.7482],[110.0978,-2.6743],[110.1146,-2.6769]]],[[[110.1209,-2.6706],[110.1209,-2.6706]]],[[[110.1134,-2.6697],[110.1134,-2.6697]]],[[[110.099,-2.669],[110.099,-2.669]]],[[[110.1186,-2.6652],[110.1186,-2.6652]]],[[[110.1293,-2.6278],[110.1159,-2.6329],[110.1293,-2.6278]]],[[[110.1508,-2.6291],[110.1508,-2.6291]]],[[[110.1445,-2.6248],[110.1445,-2.6248]]],[[[110.0653,-2.3737],[110.0653,-2.3737]]],[[[110.0711,-2.3699],[110.0711,-2.3699]]],[[[109.9889,-2.2578],[109.9889,-2.2578]]],[[[109.9906,-2.2549],[109.9906,-2.2549]]],[[[110.0842,-2.1711],[110.0842,-2.1711]]],[[[110.0783,-2.1689],[110.0783,-2.1689]]],[[[109.92,-1.8223],[109.92,-1.8223]]],[[[109.9227,-1.819],[109.9227,-1.819]]],[[[109.938,-1.7737],[109.938,-1.7737]]],[[[109.935,-1.7717],[109.935,-1.7717]]],[[[109.9348,-1.7704],[109.9348,-1.7704]]],[[[109.9314,-1.7642],[109.9314,-1.7642]]],[[[109.9294,-1.7629],[109.9294,-1.7629]]],[[[109.3331,-1.7422],[109.3331,-1.7422]]],[[[109.2968,-1.7268],[109.2968,-1.7268]]],[[[109.2935,-1.7147],[109.2935,-1.7147]]],[[[108.7726,-1.7012],[108.7873,-1.7109],[108.7181,-1.7272],[108.6778,-1.7189],[108.6854,-1.7029],[108.7726,-1.7012]]],[[[108.7636,-1.6238],[108.7636,-1.6238]]],[[[108.7878,-1.6136],[108.7878,-1.6136]]],[[[109.1567,-1.5985],[109.1567,-1.5985]]],[[[109.0966,-1.696],[109.0966,-1.696]]],[[[109.1136,-1.6965],[109.1136,-1.6965]]],[[[109.3341,-1.5236],[109.3341,-1.5236]]],[[[109.3457,-1.518],[109.3457,-1.518]]],[[[109.1895,-1.5935],[109.1895,-1.5935]]],[[[108.7507,-1.5904],[108.7507,-1.5904]]],[[[108.9206,-1.549],[108.9387,-1.5491],[108.9834,-1.6009],[108.9696,-1.6267],[108.8775,-1.6744],[108.8335,-1.6676],[108.8186,-1.6491],[108.8399,-1.6327],[108.8289,-1.5895],[108.8402,-1.5859],[108.7983,-1.5931],[108.8078,-1.5808],[108.7918,-1.5781],[108.835,-1.553],[108.846,-1.5697],[108.8757,-1.5648],[108.8974,-1.5338],[108.9206,-1.549]]],[[[108.7621,-1.5868],[108.7621,-1.5868]]],[[[109.2035,-1.5867],[109.2035,-1.5867]]],[[[108.7414,-1.578],[108.7307,-1.5697],[108.7414,-1.578]]],[[[108.7771,-1.5792],[108.7636,-1.5912],[108.7771,-1.5792]]],[[[109.1587,-1.5742],[109.1587,-1.5742]]],[[[108.7839,-1.5786],[108.7839,-1.5786]]],[[[109.1555,-1.5761],[109.1555,-1.5761]]],[[[108.7814,-1.566],[108.7814,-1.566]]],[[[108.7818,-1.5593],[108.7818,-1.5593]]],[[[108.826,-1.5574],[108.826,-1.5574]]],[[[108.7524,-1.5525],[108.7524,-1.5525]]],[[[108.8066,-1.5597],[108.7965,-1.5599],[108.8066,-1.5597]]],[[[108.7778,-1.5545],[108.7778,-1.5545]]],[[[109.0444,-1.4801],[109.0534,-1.5004],[109.0444,-1.4801]]],[[[109.3781,-1.4796],[109.3781,-1.4796]]],[[[109.3533,-1.5007],[109.3533,-1.5007]]],[[[109.3893,-1.4909],[109.3803,-1.5046],[109.3893,-1.4909]]],[[[110.0529,-1.4328],[110.0529,-1.4328]]],[[[110.0245,-1.4367],[110.0245,-1.4367]]],[[[110.0161,-1.4286],[110.0161,-1.4286]]],[[[109.3842,-1.4778],[109.3842,-1.4778]]],[[[109.2202,-1.4092],[109.2202,-1.4092]]],[[[109.8867,-1.3681],[109.8867,-1.3681]]],[[[109.9025,-1.3445],[109.9025,-1.3445]]],[[[109.1163,-1.3426],[109.1163,-1.3426]]],[[[109.2288,-1.4129],[109.2288,-1.4129]]],[[[110.0079,-1.426],[110.0079,-1.426]]],[[[110.0332,-1.3217],[110.0332,-1.3217]]],[[[109.1101,-1.3151],[109.1101,-1.3151]]],[[[110.0289,-1.3099],[110.0289,-1.3099]]],[[[108.8802,-1.2886],[108.8802,-1.2886]]],[[[108.8898,-1.2837],[108.8898,-1.2837]]],[[[109.1353,-1.2783],[109.1262,-1.2858],[109.1353,-1.2783]]],[[[108.9009,-1.2875],[108.9009,-1.2875]]],[[[109.1489,-1.2901],[109.1635,-1.2927],[109.1364,-1.3303],[109.1489,-1.2901]]],[[[110.014,-1.3008],[110.014,-1.3008]]],[[[109.3112,-1.2892],[109.3112,-1.2892]]],[[[109.136,-1.2919],[109.1138,-1.3131],[109.136,-1.2919]]],[[[109.1614,-1.266],[109.1749,-1.2961],[109.1531,-1.2754],[109.1614,-1.266]]],[[[108.8696,-1.2737],[108.8696,-1.2737]]],[[[109.1904,-1.2731],[109.1904,-1.2731]]],[[[109.9511,-1.2662],[109.9511,-1.2662]]],[[[109.6463,-1.0115],[109.6846,-1.0193],[109.7167,-0.989],[109.7617,-1.0047],[109.7778,-1.1475],[109.6901,-1.1925],[109.6875,-1.2168],[109.5905,-1.2467],[109.5011,-1.3094],[109.4307,-1.2934],[109.3818,-1.2594],[109.426,-1.2056],[109.458,-1.0032],[109.488,-0.9731],[109.5538,-1.0032],[109.5965,-0.9807],[109.6372,-0.9861],[109.6463,-1.0115]]],[[[110.8539,-2.8896],[110.7882,-2.9131],[110.7552,-2.9424],[110.7271,-3.0022],[110.6574,-3.0414],[110.6333,-3.0302],[110.6111,-2.9909],[110.648,-2.9887],[110.6234,-2.8903],[110.5647,-2.8376],[110.415,-2.899],[110.3063,-2.996],[110.26,-2.9612],[110.2242,-2.886],[110.2594,-2.828],[110.2594,-2.7628],[110.2187,-2.7392],[110.2337,-2.6971],[110.2146,-2.6482],[110.1491,-2.6211],[110.1903,-2.5688],[110.182,-2.4568],[110.1491,-2.4288],[110.145,-2.3253],[110.1225,-2.2748],[110.0918,-2.2419],[110.062,-2.2452],[110.0917,-2.2246],[110.0839,-2.1873],[110.1155,-2.1284],[110.1217,-2.0296],[110.0762,-1.9394],[109.9232,-1.8567],[109.9008,-1.8277],[109.9286,-1.8303],[109.909,-1.8052],[109.9121,-1.7736],[109.943,-1.7774],[109.9409,-1.7623],[109.9753,-1.7494],[110.0332,-1.6634],[110.0363,-1.5227],[110.0745,-1.4047],[110.0576,-1.3374],[110.0151,-1.2851],[109.9624,-1.277],[109.939,-1.2514],[109.9486,-1.2425],[109.9353,-1.2195],[109.9078,-1.209],[109.9466,-1.125],[109.8557,-1.0905],[109.8193,-1.0913],[109.8036,-1.0487],[109.768,-1.0332],[109.7634,-0.9939],[109.7324,-0.9874],[109.7271,-0.9225],[109.758,-0.9033],[109.7392,-0.8835],[109.75,-0.867],[109.7188,-0.8691],[109.7136,-0.828],[109.6792,-0.8292],[109.6356,-0.796],[109.6319,-0.7515],[109.6709,-0.7543],[109.6962,-0.7202],[109.6674,-0.7004],[109.6575,-0.6712],[109.596,-0.6936],[109.5845,-0.6507],[109.5465,-0.6519],[109.4754,-0.6161],[109.4147,-0.6311],[109.3742,-0.5846],[109.3266,-0.5869],[109.3332,-0.5716],[109.3179,-0.5933],[109.2514,-0.605],[109.2019,-0.5521],[109.1876,-0.5521],[109.1839,-0.5701],[109.1473,-0.5663],[109.1164,-0.5141],[109.0993,-0.3494],[109.1651,-0.3697],[109.1151,-0.3436],[109.0897,-0.2746],[109.1328,-0.2382],[109.1985,-0.2206],[109.289,-0.2826],[109.1818,-0.1963],[109.1877,-0.091],[109.1592,-0.0403],[109.1709,0.0337],[109.315,-0.003],[109.3717,-0.0629],[109.3455,-0.0237],[109.3838,-0.0239],[109.3443,-0.0209],[109.1795,0.0724],[109.1342,0.1357],[109.1272,0.1901],[109.0934,0.2431],[109.0217,0.293],[108.9194,0.3231],[108.9125,0.3373],[108.9398,0.3669],[108.9462,0.4063],[108.9389,0.4484],[108.9082,0.4785],[108.9277,0.6235],[108.9044,0.6842],[108.874,0.7086],[108.8812,0.771],[108.8529,0.7867],[108.8422,0.814],[108.8933,0.8709],[108.9113,0.8627],[108.934,0.8805],[108.973,0.95],[108.974,1.0276],[108.9049,1.1713],[108.9712,1.176],[108.9626,1.2154],[109.045,1.3542],[109.0369,1.4488],[109.0507,1.5092],[109.1182,1.5786],[109.2196,1.632],[109.2585,1.6695],[109.3015,1.768],[109.2952,1.7829],[109.3371,1.8323],[109.3448,1.8734],[109.3238,1.9266],[109.3463,1.944],[109.4342,1.9514],[109.4543,1.9781],[109.5875,1.991],[109.6439,2.081],[109.6241,1.9959],[109.5897,1.9708],[109.5518,1.9668],[109.5636,1.9446],[109.5397,1.9049],[109.5531,1.8578],[109.5801,1.838],[109.5846,1.791],[109.6354,1.8051],[109.6829,1.785],[109.6568,1.6704],[109.6611,1.6187],[109.7952,1.4986],[109.8006,1.4695],[109.8363,1.4824],[109.8304,1.4244],[109.9239,1.4219],[109.9592,1.3943],[109.9786,1.2986],[110.0615,1.2591],[110.0652,1.2393],[110.0413,1.2047],[110.0817,1.2157],[110.0963,1.1975],[110.1446,1.1996],[110.1892,1.1785],[110.2078,1.1185],[110.24,1.1119],[110.2611,1.0528],[110.2778,1.0474],[110.2753,0.9977],[110.3093,1.0037],[110.3616,0.9833],[110.3933,0.9936],[110.4061,0.9521],[110.4363,0.9452],[110.4376,0.9169],[110.4823,0.881],[110.5768,0.8537],[110.6302,0.869],[110.6445,0.8976],[110.6603,0.871],[110.6763,0.8782],[110.6939,0.8609],[110.7177,0.906],[110.757,0.8992],[110.7729,0.9321],[110.7975,0.906],[110.7765,0.8911],[110.8083,0.8595],[110.8012,0.944],[110.8536,0.9514],[110.9045,1.025],[111.1459,1.0508],[111.2296,1.085],[111.4112,1.0091],[111.4807,1.0355],[111.5123,1.0105],[111.5352,0.9606],[111.5485,0.9852],[111.5892,0.9936],[111.6686,1.0467],[111.7279,1.0109],[111.7658,1.0222],[111.785,1.0018],[111.799,1.0185],[111.8683,1.0051],[111.8778,1.0464],[111.9455,1.1217],[112.1524,1.152],[112.1436,1.1809],[112.1745,1.3019],[112.2229,1.3831],[112.1991,1.4102],[112.2087,1.4493],[112.3228,1.5035],[112.4291,1.5249],[112.4861,1.5761],[112.6501,1.5693],[112.6815,1.5524],[112.777,1.5618],[112.8014,1.5397],[112.8399,1.5376],[112.8876,1.5875],[112.9259,1.5683],[113.0251,1.565],[113.0565,1.5542],[113.0618,1.5308],[113.0304,1.4931],[113.0326,1.4738],[112.9763,1.4483],[112.9735,1.4081],[113.0121,1.4072],[113.1002,1.4393],[113.1324,1.3942],[113.1722,1.3793],[113.2639,1.3918],[113.3214,1.3771],[113.424,1.2834],[113.5417,1.3196],[113.5808,1.3019],[113.6368,1.2177],[113.8009,1.2978],[113.8273,1.3327],[113.8214,1.3709],[113.934,1.4173],[113.9788,1.4529],[114.1373,1.464],[114.1977,1.4212],[114.1982,1.4073],[114.1484,1.3802],[114.1541,1.3103],[114.1423,1.2954],[114.1616,1.2639],[114.1277,1.225],[114.1418,1.2005],[114.1175,1.1554],[114.0953,1.1492],[114.0852,1.165],[114.0447,1.1324],[114.0311,1.1489],[113.9852,1.1443],[113.9409,1.064],[113.8931,1.0483],[113.8954,1.0204],[113.9216,0.9919],[113.8805,0.9261],[113.878,0.8962],[113.9269,0.8459],[113.9245,0.8213],[113.8914,0.7862],[113.8949,0.7369],[113.8439,0.7029],[113.843,0.662],[113.8143,0.6419],[113.7746,0.5646],[113.6729,0.5023],[113.6587,0.4406],[113.5883,0.4071],[113.452,0.2714],[113.352,0.2784],[113.273,0.2404],[113.3408,0.1674],[113.4198,0.123],[113.4105,0.0525],[113.4421,0.0116],[113.4165,-0.0473],[113.4399,-0.0709],[113.4202,-0.1152],[113.3973,-0.1226],[113.4211,-0.139],[113.4101,-0.1608],[113.3866,-0.1656],[113.3523,-0.2213],[113.2877,-0.2404],[113.207,-0.338],[113.2631,-0.3902],[113.2669,-0.418],[113.2199,-0.5026],[113.2015,-0.4994],[113.1851,-0.4655],[113.1579,-0.4699],[113.1421,-0.4431],[113.1097,-0.4865],[113.0616,-0.4989],[112.9899,-0.4857],[112.9766,-0.5099],[112.8937,-0.5309],[112.8504,-0.5691],[112.751,-0.5681],[112.7435,-0.6205],[112.7044,-0.6212],[112.6903,-0.6497],[112.6288,-0.6537],[112.5909,-0.688],[112.4883,-0.692],[112.4758,-0.7307],[112.4552,-0.7204],[112.4489,-0.6807],[112.4308,-0.6715],[112.3662,-0.7134],[112.3305,-0.7044],[112.3059,-0.7339],[112.2437,-0.6348],[112.1981,-0.6146],[112.146,-0.6823],[112.1588,-0.7273],[112.0234,-0.7025],[112.0146,-0.7223],[112.0323,-0.7928],[111.9517,-0.816],[111.9096,-0.7724],[111.9018,-0.8308],[111.9207,-0.8694],[111.878,-0.863],[111.8487,-0.9064],[111.7285,-0.9242],[111.7169,-0.9446],[111.6236,-0.9856],[111.6209,-1.0491],[111.5535,-1.0991],[111.5702,-1.1457],[111.5542,-1.1672],[111.5727,-1.1857],[111.5682,-1.203],[111.4065,-1.2416],[111.3971,-1.2764],[111.3715,-1.285],[111.3246,-1.3652],[111.2784,-1.4059],[111.1479,-1.4415],[111.129,-1.4734],[111.1187,-1.5528],[111.0754,-1.5595],[111.0598,-1.5355],[111.0133,-1.5625],[110.9793,-1.5392],[110.9522,-1.5791],[110.8997,-1.5917],[110.8538,-1.6364],[110.8551,-1.6738],[110.8865,-1.6815],[110.9166,-1.7203],[110.9429,-1.7104],[110.9745,-1.6691],[111.0047,-1.6994],[111.0139,-1.7777],[110.9781,-1.8377],[110.9744,-1.8779],[110.996,-1.9091],[110.9798,-1.9503],[111.018,-1.9561],[111.0532,-1.9896],[111.0575,-2.0136],[111.0897,-2.0148],[111.0573,-2.0718],[111.0788,-2.1612],[111.0318,-2.2422],[111.0702,-2.3008],[111.1032,-2.4241],[111.1363,-2.6113],[111.1186,-2.6526],[111.1648,-2.6722],[111.172,-2.6898],[111.1463,-2.7415],[111.0121,-2.7945],[110.9666,-2.8579],[110.8539,-2.8896]]]]}},{"type":"Feature","properties":{"NAME_1":"KalimantanSelatan"},"geometry":{"type":"MultiPolygon","coordinates":[[[[116.1536,-2.9907],[116.1769,-2.9985],[116.1693,-3.0375],[116.1551,-3.0297],[116.1609,-3.007],[116.1365,-3.0028],[116.1363,-2.9767],[116.1536,-2.9907]],[[116.16725396825396,-3.001474603174602],[116.16725396825396,-3.001474603174602]],[[116.16736952380953,-3.001519047619049],[116.16736952380953,-3.001519047619049]]],[[[116.0996,-4.0677],[116.091,-4.0865],[116.095,-4.0714],[116.0837,-4.0709],[116.098,-4.0562],[116.073,-4.0494],[116.0714,-4.0346],[116.0493,-4.0629],[116.0395,-4.0237],[116.0557,-4.0087],[116.0687,-3.9375],[116.1051,-3.9431],[116.0752,-3.9394],[116.0795,-3.9179],[116.0577,-3.9059],[116.0806,-3.8195],[116.0243,-3.7298],[116.0025,-3.6385],[116.0454,-3.5479],[116.0394,-3.4813],[116.0828,-3.4084],[116.0974,-3.4275],[116.0851,-3.4241],[116.0916,-3.4098],[116.0777,-3.4158],[116.1037,-3.3547],[116.1237,-3.3932],[116.1112,-3.3812],[116.1204,-3.3665],[116.0984,-3.3506],[116.1305,-3.3525],[116.1058,-3.3408],[116.115,-3.3066],[116.1543,-3.2881],[116.162,-3.2986],[116.1578,-3.2859],[116.1666,-3.2939],[116.2582,-3.209],[116.2815,-3.2143],[116.2504,-3.3785],[116.3084,-3.451],[116.314,-3.5026],[116.2708,-3.5052],[116.2909,-3.5097],[116.2391,-3.543],[116.2739,-3.5282],[116.2727,-3.5533],[116.3062,-3.5902],[116.2887,-3.6129],[116.3054,-3.6825],[116.3049,-3.7216],[116.29,-3.7276],[116.3393,-3.728],[116.2723,-3.8166],[116.2952,-3.8631],[116.3169,-3.8632],[116.311,-3.9162],[116.2744,-3.9073],[116.2438,-3.9427],[116.2271,-3.9337],[116.231,-3.9449],[116.2033,-3.9602],[116.2107,-3.9857],[116.1723,-3.9984],[116.1448,-4.0358],[116.1079,-4.0365],[116.0996,-4.0677]],[[116.12739740932642,-3.341509844559593],[116.12739740932642,-3.341509844559593]],[[116.12740757180157,-3.341503916449089],[116.12740757180157,-3.341503916449089]]],[[[114.7184,-4.1671],[114.6681,-4.1801],[114.619,-4.1619],[114.6251,-4.0671],[114.6387,-4.0513],[114.6036,-3.8216],[114.6208,-3.674],[114.5714,-3.575],[114.5132,-3.5441],[114.524,-3.4542],[114.5105,-3.4014],[114.538,-3.3485],[114.4969,-3.4142],[114.5126,-3.4607],[114.509,-3.5447],[114.4852,-3.5002],[114.4306,-3.5015],[114.3489,-3.4618],[114.3589,-3.3864],[114.3463,-3.3513],[114.3716,-3.3204],[114.3835,-3.2675],[114.4502,-3.21],[114.4294,-3.1743],[114.5458,-3.0678],[114.4962,-3.015],[114.5462,-2.9474],[114.5241,-2.9268],[114.5416,-2.9239],[114.5678,-2.8664],[114.6177,-2.8834],[114.5989,-2.8152],[114.6662,-2.7993],[114.6797,-2.7382],[114.7604,-2.7213],[114.7907,-2.67],[114.8,-2.5867],[114.9129,-2.4604],[114.9935,-2.4092],[115.0443,-2.3495],[115.2479,-2.2119],[115.2412,-2.1964],[115.2646,-2.2249],[115.2911,-2.2239],[115.3215,-2.0721],[115.3454,-2.0823],[115.4083,-2.0585],[115.371,-2.0093],[115.3977,-1.9664],[115.4089,-1.9784],[115.4343,-1.9687],[115.4429,-1.9456],[115.4218,-1.9333],[115.42,-1.8922],[115.3195,-1.8923],[115.3,-1.8246],[115.3135,-1.8247],[115.3493,-1.6399],[115.4136,-1.4246],[115.4454,-1.4288],[115.4955,-1.4024],[115.5568,-1.3956],[115.6704,-1.3328],[115.7139,-1.3366],[115.7493,-1.315],[115.7417,-1.3564],[115.6939,-1.4168],[115.6887,-1.4489],[115.6593,-1.4704],[115.6553,-1.5122],[115.6314,-1.5303],[115.6457,-1.5592],[115.6297,-1.576],[115.6394,-1.6092],[115.6678,-1.6292],[115.6655,-1.7071],[115.7069,-1.7326],[115.681,-1.7947],[115.691,-1.8042],[115.7081,-1.7882],[115.7267,-1.8036],[115.7275,-1.9246],[115.6969,-1.9772],[115.7177,-1.9955],[115.7194,-1.9813],[115.7476,-1.9951],[115.7248,-2.0287],[115.7512,-2.0491],[115.8071,-2.044],[115.8366,-2.0592],[115.8101,-2.0973],[115.7994,-2.1876],[115.8361,-2.2866],[115.8546,-2.2942],[115.8345,-2.3174],[115.8502,-2.3878],[115.8869,-2.3745],[115.8914,-2.3347],[115.9836,-2.3125],[116.2514,-2.3168],[116.5486,-2.4021],[116.5322,-2.5383],[116.4821,-2.5725],[116.4724,-2.5077],[116.3532,-2.4758],[116.3376,-2.4353],[116.3154,-2.4544],[116.2719,-2.4228],[116.2488,-2.4358],[116.241,-2.4167],[116.2495,-2.437],[116.2729,-2.4236],[116.316,-2.4553],[116.339,-2.4367],[116.3495,-2.475],[116.4087,-2.4922],[116.4088,-2.5186],[116.3612,-2.5246],[116.3311,-2.4947],[116.3521,-2.5169],[116.3365,-2.5335],[116.3012,-2.5235],[116.3087,-2.5065],[116.3007,-2.5199],[116.2896,-2.51],[116.2982,-2.5216],[116.2803,-2.5363],[116.2811,-2.5196],[116.2593,-2.5375],[116.2625,-2.5177],[116.2577,-2.5372],[116.2448,-2.5153],[116.2326,-2.5284],[116.1552,-2.5178],[116.2014,-2.5213],[116.1999,-2.5356],[116.2448,-2.5289],[116.2671,-2.54],[116.2565,-2.5525],[116.3043,-2.5372],[116.2908,-2.594],[116.2637,-2.59],[116.2891,-2.5955],[116.2876,-2.6155],[116.2625,-2.6016],[116.269,-2.6121],[116.2546,-2.6106],[116.2732,-2.6155],[116.2731,-2.6375],[116.2343,-2.6146],[116.1759,-2.6287],[116.2374,-2.6171],[116.2466,-2.6245],[116.2335,-2.6329],[116.2475,-2.6289],[116.2354,-2.6511],[116.2409,-2.636],[116.261,-2.6508],[116.2517,-2.6668],[116.2135,-2.6651],[116.2271,-2.6805],[116.1985,-2.709],[116.2292,-2.6806],[116.235,-2.6976],[116.231,-2.6707],[116.2452,-2.6829],[116.2423,-2.6678],[116.314,-2.6084],[116.3206,-2.6321],[116.3411,-2.6304],[116.3482,-2.6207],[116.3209,-2.6313],[116.3161,-2.6083],[116.3562,-2.5497],[116.3912,-2.5843],[116.4155,-2.5779],[116.3651,-2.6727],[116.3645,-2.8775],[116.2691,-3.0028],[116.2121,-3.0004],[116.2107,-2.9342],[116.1906,-2.9261],[116.2017,-2.8968],[116.1861,-2.9023],[116.2011,-2.8588],[116.1938,-2.8951],[116.1821,-2.8951],[116.1945,-2.9191],[116.1556,-2.9002],[116.1508,-2.858],[116.1667,-2.8525],[116.1486,-2.8517],[116.163,-2.8308],[116.1458,-2.8444],[116.1526,-2.8229],[116.1438,-2.8376],[116.1348,-2.8261],[116.1415,-2.7742],[116.1293,-2.8177],[116.1068,-2.8037],[116.1197,-2.8287],[116.1011,-2.8227],[116.1315,-2.8407],[116.1311,-2.8663],[116.063,-2.8447],[116.0843,-2.8605],[116.0744,-2.8649],[116.1313,-2.8852],[116.105,-2.917],[116.103,-2.8885],[116.0855,-2.9134],[116.0745,-2.8987],[116.0703,-2.9193],[116.0966,-2.9051],[116.1213,-2.9635],[116.0645,-2.9388],[116.1145,-2.9722],[116.0878,-2.9871],[116.062,-2.959],[116.0433,-2.9642],[116.0847,-2.989],[116.0529,-3.0126],[116.0907,-2.9952],[116.0598,-3.0316],[116.0442,-3.0284],[116.0406,-3.0502],[116.0534,-3.0334],[116.0628,-3.043],[116.0834,-3.0067],[116.0709,-3.0366],[116.0809,-3.0198],[116.0855,-3.0295],[116.0938,-2.9993],[116.0985,-3.0266],[116.1018,-3.0089],[116.1563,-3.0146],[116.1576,-3.0419],[116.1369,-3.0425],[116.1585,-3.0355],[116.1751,-3.0771],[116.1865,-3.0791],[116.1764,-3.0629],[116.2154,-3.0809],[116.2163,-3.0972],[116.2008,-3.1003],[116.2362,-3.094],[116.2689,-3.1094],[116.2758,-3.1288],[116.2079,-3.128],[116.1805,-3.1608],[116.1322,-3.1374],[116.1071,-3.1412],[116.1095,-3.0935],[116.1153,-3.1233],[116.0907,-3.1161],[116.1097,-3.1282],[116.0959,-3.1461],[116.0381,-3.1132],[116.0902,-3.1472],[116.0623,-3.1458],[116.0575,-3.1594],[116.0459,-3.1479],[116.0764,-3.1677],[116.0701,-3.206],[116.0295,-3.1968],[116.0702,-3.2067],[116.0921,-3.154],[116.1198,-3.1483],[116.1262,-3.1684],[116.1211,-3.1488],[116.1344,-3.1675],[116.1355,-3.1512],[116.168,-3.1656],[116.1832,-3.2306],[116.1765,-3.2516],[116.1608,-3.2432],[116.1462,-3.2656],[116.0989,-3.2816],[116.0837,-3.2637],[116.0517,-3.3507],[116.0291,-3.384],[116.001,-3.3876],[116.0235,-3.3964],[116.0065,-3.4477],[116.0152,-3.4843],[115.9927,-3.5222],[115.9964,-3.5678],[115.9695,-3.6094],[115.8348,-3.6323],[115.7166,-3.7328],[115.6397,-3.7511],[115.0238,-4.0061],[114.7184,-4.1671]],[[116.1464,-2.79533846153846],[116.1464,-2.79533846153846]],[[116.14650911764706,-2.795388823529411],[116.14650911764706,-2.795388823529411]],[[116.0703,-2.9193],[116.0703,-2.9193]],[[116.07569342105263,-3.179480263157903],[116.07569342105263,-3.179480263157903]],[[116.07568554421769,-3.179511054421764],[116.07568554421769,-3.179511054421764]],[[116.0765,-2.903],[116.0765,-2.903]]],[[[115.6746,-4.7292],[115.6657,-4.7448],[115.6746,-4.7292]]],[[[115.7252,-4.7033],[115.7255,-4.687],[115.774,-4.662],[115.7252,-4.7033]]],[[[115.7765,-4.6633],[115.7765,-4.6633]]],[[[115.6826,-4.6373],[115.6826,-4.6373]]],[[[115.7813,-4.6606],[115.7813,-4.6606]]],[[[115.7714,-4.6578],[115.7714,-4.6578]]],[[[115.7836,-4.6567],[115.7868,-4.6472],[115.7836,-4.6567]]],[[[115.8036,-4.35],[115.8036,-4.35]]],[[[115.8066,-4.3432],[115.8066,-4.3432]]],[[[115.7719,-4.3347],[115.7719,-4.3347]]],[[[115.6909,-4.6413],[115.6909,-4.6413]]],[[[115.6963,-4.6259],[115.7098,-4.6207],[115.6949,-4.6412],[115.6963,-4.6259]]],[[[115.7927,-4.3122],[115.7927,-4.3122]]],[[[116.1192,-4.2262],[116.1192,-4.2262]]],[[[115.8017,-4.3356],[115.8017,-4.3356]]],[[[115.7974,-4.3335],[115.7974,-4.3335]]],[[[115.775,-4.3435],[115.775,-4.3435]]],[[[115.806,-4.3379],[115.806,-4.3379]]],[[[115.7776,-4.3332],[115.7927,-4.3255],[115.7879,-4.3395],[115.7776,-4.3332]]],[[[116.2612,-2.6439],[116.2612,-2.6439]]],[[[116.1763,-2.6285],[116.1763,-2.6285]]],[[[116.1947,-2.6249],[116.1947,-2.6249]]],[[[116.2142,-2.6255],[116.1968,-2.6178],[116.2142,-2.6255]]],[[[116.2727,-2.6211],[116.2727,-2.6211]]],[[[116.2847,-2.6199],[116.2847,-2.6199]]],[[[116.3129,-2.5729],[116.3223,-2.5601],[116.3198,-2.5881],[116.2882,-2.6145],[116.2909,-2.5853],[116.308,-2.5905],[116.2964,-2.5752],[116.3113,-2.5358],[116.3229,-2.5531],[116.3129,-2.5729]]],[[[116.131,-2.8326],[116.131,-2.8326]]],[[[116.0773,-2.8541],[116.0773,-2.8541]]],[[[116.1283,-2.8305],[116.1283,-2.8305]]],[[[116.1167,-2.8139],[116.1167,-2.8139]]],[[[116.121,-2.826],[116.121,-2.826]]],[[[116.1209,-2.8221],[116.1081,-2.815],[116.1209,-2.8221]]],[[[116.3593,-2.5506],[116.3593,-2.5506]]],[[[116.0543,-3.0111],[116.0543,-3.0111]]],[[[116.1796,-3.0553],[116.1731,-3.0359],[116.1867,-3.0424],[116.1796,-3.0553]]],[[[116.0604,-3.0392],[116.0604,-3.0392]]],[[[116.069,-2.9985],[116.069,-2.9985]]],[[[116.1098,-2.9949],[116.108,-3.0087],[116.094,-2.9982],[116.1098,-2.9949]]],[[[116.0791,-2.9112],[116.0791,-2.9112]]],[[[116.1175,-2.8682],[116.1175,-2.8682]]],[[[116.1541,-2.9017],[116.1761,-2.9366],[116.1876,-2.9271],[116.2033,-2.9427],[116.1793,-2.9498],[116.1484,-2.9352],[116.1541,-2.9017]]],[[[116.1805,-2.9179],[116.1805,-2.9179]]],[[[116.0816,-2.8559],[116.0816,-2.8559]]],[[[116.0898,-2.8578],[116.0898,-2.8578]]],[[[116.1044,-2.8614],[116.1044,-2.8614]]],[[[116.0853,-2.8595],[116.0853,-2.8595]]],[[[116.0984,-2.861],[116.0984,-2.861]]],[[[116.1006,-2.8584],[116.1006,-2.8584]]],[[[116.0942,-2.8587],[116.0845,-2.8555],[116.0942,-2.8587]]],[[[116.1105,-2.8663],[116.1105,-2.8663]]],[[[116.1002,-2.863],[116.1002,-2.863]]],[[[116.132,-2.9946],[116.1261,-3.0047],[116.1422,-3.0118],[116.1104,-3.0071],[116.132,-2.9946]]],[[[116.099,-2.9877],[116.099,-2.9877]]],[[[116.1333,-2.9928],[116.1236,-2.9873],[116.1345,-2.9742],[116.1333,-2.9928]]],[[[116.101,-2.9842],[116.101,-2.9842]]],[[[116.0819,-2.8557],[116.0819,-2.8557]]],[[[114.5148,-3.4429],[114.5124,-3.42],[114.5148,-3.4429]]],[[[114.5024,-3.3993],[114.506,-3.4318],[114.5024,-3.3993]]],[[[116.0843,-3.1463],[116.0782,-3.1626],[116.0689,-3.1504],[116.0843,-3.1463]]],[[[116.2816,-3.0813],[116.272,-3.0895],[116.2816,-3.0813]]],[[[116.2464,-3.0747],[116.2464,-3.0747]]],[[[116.2476,-3.0747],[116.2476,-3.0747]]],[[[116.2781,-3.0709],[116.2781,-3.0709]]],[[[116.2665,-3.0973],[116.2665,-3.0973]]],[[[116.27250997547014,-2.531808994276367],[116.2733,-2.5423],[116.27250997547014,-2.531808994276367]]],[[[116.1961,-4.0901],[116.1961,-4.0901]]],[[[114.5207,-3.4585],[114.5207,-3.4585]]],[[[116.305,-3.6402],[116.305,-3.6402]]],[[[116.3448,-3.5972],[116.3372,-3.6181],[116.3324,-3.5918],[116.3448,-3.5972]]],[[[116.3088,-3.5932],[116.3088,-3.5932]]],[[[116.3066,-3.5916],[116.3066,-3.5916]]],[[[116.4017,-3.6027],[116.3825,-3.6501],[116.3632,-3.6515],[116.3526,-3.5676],[116.3124,-3.5557],[116.3459,-3.4508],[116.3921,-3.4101],[116.4095,-3.3605],[116.4318,-3.3677],[116.435,-3.421],[116.4017,-3.6027]]],[[[116.0165,-3.4377],[116.0411,-3.4217],[116.0281,-3.4583],[116.0165,-3.4377]]],[[[116.3173,-3.7844],[116.3173,-3.7844]]],[[[116.3367,-3.7229],[116.3367,-3.7229]]],[[[116.3437,-3.7062],[116.3437,-3.7062]]],[[[116.3483,-3.7018],[116.3483,-3.7018]]],[[[116.3812,-3.6724],[116.3812,-3.6724]]],[[[116.3835,-3.6562],[116.3835,-3.6562]]],[[[116.2952,-3.8452],[116.2952,-3.8452]]],[[[116.3192,-3.8308],[116.3192,-3.8308]]],[[[116.3184,-3.8302],[116.3184,-3.8302]]],[[[116.3218,-3.8215],[116.3145,-3.8448],[116.298,-3.8467],[116.3218,-3.8215]]],[[[116.3228,-3.8269],[116.3228,-3.8269]]],[[[116.3189,-3.8287],[116.3189,-3.8287]]],[[[116.3194,-3.8287],[116.3194,-3.8287]]],[[[116.323,-3.8258],[116.323,-3.8258]]],[[[116.323,-3.8166],[116.323,-3.8166]]],[[[116.2104,-4.0987],[116.2045,-4.0866],[116.2104,-4.0987]]],[[[116.049,-4.0875],[116.0442,-4.099],[116.0419,-4.0773],[116.049,-4.0875]]],[[[116.0453,-4.071],[116.0453,-4.071]]],[[[116.1808,-4.0508],[116.1637,-4.0579],[116.1808,-4.0508]]],[[[116.208,-4.0271],[116.2075,-4.0392],[116.1979,-4.026],[116.208,-4.0271]]],[[[116.2907,-3.9213],[116.2907,-3.9213]]],[[[116.314,-3.8967],[116.314,-3.8967]]],[[[116.3098,-3.8827],[116.3098,-3.8827]]],[[[116.312,-3.8829],[116.312,-3.8829]]],[[[116.3062,-3.9193],[116.3062,-3.9193]]],[[[116.3086,-3.9185],[116.3086,-3.9185]]],[[[116.039,-3.4366],[116.039,-3.4366]]],[[[116.0419,-3.388],[116.0419,-3.388]]],[[[116.3854,-3.374],[116.3854,-3.374]]],[[[116.3701,-3.3667],[116.3701,-3.3667]]],[[[116.0315,-3.386],[116.0456,-3.3583],[116.029,-3.4066],[116.0315,-3.386]]],[[[116.1634,-3.2838],[116.1634,-3.2838]]],[[[116.0582,-3.3626],[116.0726,-3.3506],[116.0607,-3.3849],[116.0582,-3.3626]]]]}},{"type":"Feature","properties":{"NAME_1":"KalimantanTengah"},"geometry":{"type":"MultiPolygon","coordinates":[[[[111.7932,-3.5258],[111.7686,-3.5049],[111.8052,-3.4504],[111.819,-3.3853],[111.7974,-3.2008],[111.8223,-3.0312],[111.7179,-2.8474],[111.6696,-2.8942],[111.6869,-2.9197],[111.707,-2.9052],[111.6912,-2.9418],[111.6319,-2.9603],[111.5484,-3.0234],[111.4879,-2.9441],[111.3549,-2.9072],[111.1263,-3.0217],[110.9813,-3.0664],[110.951,-3.0634],[110.8126,-2.9798],[110.7322,-2.9873],[110.7938,-2.9093],[110.9666,-2.8579],[111.0121,-2.7945],[111.1463,-2.7415],[111.172,-2.6898],[111.1648,-2.6722],[111.1186,-2.6526],[111.1363,-2.6113],[111.1032,-2.4241],[111.0702,-2.3008],[111.0318,-2.2422],[111.0788,-2.1612],[111.0573,-2.0718],[111.0897,-2.0148],[111.0575,-2.0136],[111.0532,-1.9896],[111.018,-1.9561],[110.9798,-1.9503],[110.996,-1.9091],[110.9744,-1.8779],[110.9781,-1.8377],[111.0139,-1.7777],[111.0047,-1.6994],[110.9745,-1.6691],[110.9429,-1.7104],[110.9166,-1.7203],[110.8865,-1.6815],[110.8551,-1.6738],[110.8538,-1.6364],[110.8997,-1.5917],[110.9522,-1.5791],[110.9793,-1.5392],[111.0133,-1.5625],[111.0598,-1.5355],[111.0754,-1.5595],[111.1187,-1.5528],[111.129,-1.4734],[111.1479,-1.4415],[111.2784,-1.4059],[111.3246,-1.3652],[111.3715,-1.285],[111.3971,-1.2764],[111.4065,-1.2416],[111.5682,-1.203],[111.5727,-1.1857],[111.5542,-1.1672],[111.5702,-1.1457],[111.5535,-1.0991],[111.6209,-1.0491],[111.6236,-0.9856],[111.7169,-0.9446],[111.7285,-0.9242],[111.8487,-0.9064],[111.878,-0.863],[111.9207,-0.8694],[111.9018,-0.8308],[111.9096,-0.7724],[111.9517,-0.816],[112.0323,-0.7928],[112.0146,-0.7223],[112.0234,-0.7025],[112.1588,-0.7273],[112.146,-0.6823],[112.1981,-0.6146],[112.2437,-0.6348],[112.3059,-0.7339],[112.3305,-0.7044],[112.3662,-0.7134],[112.4308,-0.6715],[112.4489,-0.6807],[112.4552,-0.7204],[112.4758,-0.7307],[112.4883,-0.692],[112.5909,-0.688],[112.6288,-0.6537],[112.6903,-0.6497],[112.7044,-0.6212],[112.7435,-0.6205],[112.751,-0.5681],[112.8504,-0.5691],[112.8937,-0.5309],[112.9766,-0.5099],[112.9899,-0.4857],[113.0616,-0.4989],[113.1097,-0.4865],[113.1421,-0.4431],[113.1579,-0.4699],[113.1851,-0.4655],[113.2185,-0.5039],[113.2669,-0.418],[113.2631,-0.3902],[113.207,-0.338],[113.2877,-0.2404],[113.3523,-0.2213],[113.3866,-0.1656],[113.4101,-0.1608],[113.4211,-0.139],[113.3973,-0.1226],[113.4202,-0.1152],[113.4399,-0.0709],[113.4165,-0.0473],[113.4421,0.0116],[113.4105,0.0525],[113.4198,0.123],[113.3408,0.1674],[113.273,0.2404],[113.352,0.2784],[113.452,0.2714],[113.5883,0.4071],[113.6587,0.4406],[113.6729,0.5023],[113.7746,0.5646],[113.8143,0.6419],[113.8464,0.6642],[113.8801,0.6604],[113.8893,0.6412],[113.9775,0.6674],[114.0044,0.652],[114.0638,0.6914],[114.1116,0.697],[114.1518,0.6702],[114.1718,0.6215],[114.1475,0.5876],[114.1849,0.5721],[114.1942,0.5412],[114.2246,0.5298],[114.3155,0.5413],[114.409,0.4953],[114.4314,0.5048],[114.4249,0.5413],[114.4573,0.5695],[114.5184,0.5647],[114.5413,0.5967],[114.5393,0.6301],[114.5887,0.6261],[114.6046,0.6468],[114.6162,0.6404],[114.6576,0.7042],[114.7013,0.7283],[114.6962,0.7089],[114.7144,0.7052],[114.7624,0.7419],[114.7794,0.7311],[114.8233,0.7518],[114.8457,0.7153],[114.8767,0.6994],[114.8651,0.739],[114.9057,0.7714],[114.9091,0.7933],[114.944,0.775],[114.9836,0.7385],[115.0099,0.6145],[115.0404,0.554],[115.1353,0.4298],[115.1328,0.3874],[115.0479,0.3006],[115.0187,0.3266],[114.9534,0.3129],[114.9436,0.3308],[114.9017,0.3112],[114.8609,0.2331],[114.832,0.224],[114.8264,0.1964],[114.8009,0.1759],[114.8111,0.1587],[114.7928,0.0886],[114.8948,0.0386],[114.9336,-0.1889],[114.987,-0.1729],[114.9918,-0.186],[115.043,-0.1908],[115.0812,-0.1532],[115.1483,-0.1371],[115.155,-0.1039],[115.1938,-0.077],[115.3015,-0.0341],[115.3191,-0.0981],[115.2659,-0.1531],[115.2687,-0.1897],[115.238,-0.241],[115.2522,-0.2937],[115.2271,-0.306],[115.2381,-0.3792],[115.2601,-0.3932],[115.2447,-0.4481],[115.3053,-0.5049],[115.3241,-0.5574],[115.3538,-0.5823],[115.3807,-0.8037],[115.4027,-0.8274],[115.5052,-0.8557],[115.5658,-0.9331],[115.6593,-1.0004],[115.6731,-1.058],[115.6961,-1.0561],[115.7422,-1.0898],[115.7567,-1.1349],[115.7996,-1.1124],[115.847,-1.1573],[115.7716,-1.229],[115.754,-1.315],[115.7139,-1.3366],[115.6704,-1.3328],[115.5568,-1.3956],[115.4955,-1.4024],[115.4454,-1.4288],[115.4136,-1.4246],[115.3493,-1.6399],[115.3135,-1.8247],[115.3,-1.8246],[115.3195,-1.8923],[115.4192,-1.8916],[115.4218,-1.9333],[115.4428,-1.948],[115.4278,-1.9729],[115.3955,-1.9679],[115.371,-2.0093],[115.4074,-2.0596],[115.3454,-2.0823],[115.3204,-2.074],[115.2911,-2.2239],[115.2646,-2.2249],[115.2412,-2.1964],[115.2479,-2.2119],[115.0443,-2.3495],[114.9935,-2.4092],[114.9129,-2.4604],[114.8,-2.5867],[114.7907,-2.67],[114.7604,-2.7213],[114.6797,-2.7382],[114.6662,-2.7993],[114.5989,-2.8152],[114.6177,-2.8834],[114.5678,-2.8664],[114.5416,-2.9239],[114.5241,-2.9268],[114.5462,-2.9474],[114.4962,-3.015],[114.5458,-3.0678],[114.4294,-3.1743],[114.4502,-3.21],[114.3835,-3.2675],[114.3716,-3.3204],[114.3463,-3.3513],[114.3589,-3.3864],[114.3489,-3.4618],[114.3141,-3.4523],[114.2583,-3.4037],[114.2531,-3.3686],[114.1806,-3.3928],[114.1323,-3.3802],[114.0778,-3.3459],[114.0746,-3.312],[114.0529,-3.3108],[114.0447,-3.3467],[113.9568,-3.3679],[113.8209,-3.4498],[113.7266,-3.4674],[113.627,-3.4642],[113.5815,-3.4423],[113.6317,-3.3226],[113.6282,-3.2515],[113.6014,-3.1654],[113.5375,-3.1624],[113.4492,-3.189],[113.4298,-3.2345],[113.3654,-3.2712],[113.3322,-3.249],[113.3201,-3.2128],[113.3428,-3.2797],[113.1984,-3.1182],[113.186,-3.0852],[113.09,-3.0357],[113.0569,-3.0056],[113.0451,-2.9707],[112.9416,-3.1148],[112.9524,-3.1368],[112.9933,-3.1563],[113.0434,-3.1281],[112.9219,-3.2387],[112.6801,-3.3651],[112.6363,-3.4076],[112.5669,-3.4311],[112.5616,-3.447],[112.456,-3.396],[112.4105,-3.3471],[112.3374,-3.3159],[112.2593,-3.3128],[112.0892,-3.3994],[111.9035,-3.5396],[111.7932,-3.5258]]],[[[113.3302,-3.2264],[113.3282,-3.2393],[113.3302,-3.2264]]],[[[113.405,-3.27],[113.3661,-3.3022],[113.3734,-3.2625],[113.397,-3.25],[113.405,-3.27]]]]}},{"type":"Feature","properties":{"NAME_1":"KalimantanTimur"},"geometry":{"type":"MultiPolygon","coordinates":[[[[117.8559,1.9753],[117.8621,1.9661],[117.8395,1.9512],[117.8073,1.9864],[117.834,2.0093],[117.8559,1.9753]],[[117.84031768397034,1.95608516828294],[117.84031768397034,1.95608516828294]]],[[[117.8149,2.091],[117.8019,2.088],[117.8124,2.0754],[117.7951,2.08],[117.7819,2.062],[117.7939,2.0787],[117.8227,2.0784],[117.8015,2.0419],[117.7529,2.0567],[117.7566,2.072],[117.7795,2.0724],[117.7762,2.0967],[117.7956,2.1097],[117.8271,2.1061],[117.8149,2.091]],[[117.8064,2.0903],[117.8064,2.0903]]],[[[117.3469,-0.6914],[117.3643,-0.7068],[117.3397,-0.7201],[117.3573,-0.7093],[117.3803,-0.7247],[117.3744,-0.7433],[117.3814,-0.7256],[117.3891,-0.7373],[117.3657,-0.7568],[117.3628,-0.7292],[117.3491,-0.7313],[117.3595,-0.7417],[117.3475,-0.7625],[117.3713,-0.7495],[117.3692,-0.7942],[117.388,-0.7769],[117.397,-0.8015],[117.3876,-0.8177],[117.3836,-0.7962],[117.3741,-0.8103],[117.3876,-0.8185],[117.3983,-0.8035],[117.4109,-0.8398],[117.3908,-0.8365],[117.3911,-0.8228],[117.3904,-0.8359],[117.4075,-0.8563],[117.4035,-0.8379],[117.4343,-0.8446],[117.4422,-0.8892],[117.4247,-0.8535],[117.4126,-0.865],[117.4232,-0.8807],[117.4084,-0.8831],[117.3338,-0.7582],[117.3268,-0.7073],[117.3416,-0.6947],[117.329,-0.6912],[117.3242,-0.7177],[117.3008,-0.6133],[117.3221,-0.6325],[117.3204,-0.6553],[117.3381,-0.6582],[117.3225,-0.6775],[117.3396,-0.6716],[117.3469,-0.6914]],[[117.41358,-0.866372],[117.41358,-0.866372]],[[117.4135,-0.86658],[117.4135,-0.86658]]],[[[117.5089,-0.663],[117.5198,-0.6569],[117.5261,-0.6869],[117.4729,-0.6859],[117.4869,-0.6612],[117.4987,-0.6754],[117.4866,-0.6825],[117.5,-0.6756],[117.4841,-0.6496],[117.5089,-0.663]],[[117.47904384384384,-0.67302042042042],[117.47904384384384,-0.67302042042042]],[[117.4790881533101,-0.67302961672474],[117.4790881533101,-0.67302961672474]]],[[[117.4912,-0.6272],[117.5123,-0.6499],[117.5001,-0.6615],[117.48644562910562,-0.64128691258211],[117.4775,-0.6649],[117.4587,-0.6315],[117.4912,-0.6272]],[[117.48644562910562,-0.64128691258211],[117.48644562910562,-0.64128691258211]]],[[[117.4439,-0.636],[117.4647,-0.6437],[117.4689,-0.6817],[117.4366,-0.6501],[117.4543,-0.645],[117.425,-0.6565],[117.3724,-0.6061],[117.3444,-0.6131],[117.3356,-0.5979],[117.3439,-0.6133],[117.3738,-0.6078],[117.3729,-0.6205],[117.3492,-0.6235],[117.3645,-0.6166],[117.3621,-0.6311],[117.3842,-0.6236],[117.3646,-0.6523],[117.2847,-0.583],[117.3634,-0.5871],[117.3468,-0.5976],[117.377,-0.5852],[117.3717,-0.5981],[117.385,-0.5921],[117.3881,-0.6088],[117.4159,-0.6146],[117.3953,-0.6236],[117.3685,-0.5995],[117.3829,-0.6173],[117.4439,-0.636]],[[117.43708976377953,-0.64337165354332],[117.43708976377953,-0.64337165354332]],[[117.43718063829787,-0.64328510638298],[117.43718063829787,-0.64328510638298]],[[117.42505833333334,-0.63645416666665],[117.42505833333334,-0.63645416666665]],[[117.4247421847247,-0.63709862344583],[117.4247421847247,-0.63709862344583]]],[[[117.4386,-0.5562],[117.4182,-0.5614],[117.4172,-0.5334],[117.4364,-0.521],[117.4366,-0.5318],[117.462,-0.5],[117.4708,-0.5147],[117.4671,-0.5006],[117.4981,-0.4715],[117.5538,-0.4425],[117.5609,-0.4612],[117.5349,-0.4711],[117.5919,-0.4651],[117.5892,-0.484],[117.5576,-0.4793],[117.5864,-0.4839],[117.5762,-0.4925],[117.5383,-0.4999],[117.5508,-0.4739],[117.5121,-0.5077],[117.4889,-0.4901],[117.4707,-0.5226],[117.4952,-0.5122],[117.4855,-0.5009],[117.5086,-0.5074],[117.4224,-0.5433],[117.4386,-0.5562]],[[117.46858213256483,-0.51376167146974],[117.46858213256483,-0.51376167146974]],[[117.468025,-0.51352596153848],[117.4439,-0.5312],[117.468025,-0.51352596153848]],[[117.53095479452055,-0.48828630136986],[117.53095479452055,-0.48828630136986]],[[117.53098266666667,-0.48827933333333],[117.53098266666667,-0.48827933333333]]],[[[117.5078,-0.403],[117.5104,-0.4187],[117.4955,-0.412],[117.4777,-0.4282],[117.5075,-0.4204],[117.5,-0.4309],[117.4713,-0.434],[117.4865,-0.4339],[117.4813,-0.4432],[117.5025,-0.424],[117.5088,-0.4342],[117.4859,-0.442],[117.4424,-0.5006],[117.4743,-0.411],[117.5426,-0.3475],[117.56,-0.3703],[117.5346,-0.3876],[117.531,-0.3731],[117.5462,-0.3661],[117.5354,-0.3642],[117.5325,-0.3938],[117.4893,-0.4059],[117.5078,-0.403]],[[117.46849914529913,-0.46868717948717],[117.46849914529913,-0.46868717948717]],[[117.46849492385788,-0.46869441624365],[117.46849492385788,-0.46869441624365]]],[[[116.2136,-2.3192],[115.9836,-2.3125],[115.8914,-2.3347],[115.8869,-2.3745],[115.8502,-2.3878],[115.8345,-2.3174],[115.8546,-2.2942],[115.8361,-2.2866],[115.7994,-2.1876],[115.8101,-2.0973],[115.8366,-2.0592],[115.8071,-2.044],[115.7512,-2.0491],[115.7248,-2.0287],[115.7476,-1.9951],[115.7194,-1.9813],[115.7177,-1.9955],[115.6969,-1.9772],[115.7275,-1.9246],[115.7267,-1.8036],[115.7081,-1.7882],[115.691,-1.8042],[115.681,-1.7947],[115.7069,-1.7326],[115.6655,-1.7071],[115.6678,-1.6292],[115.6394,-1.6092],[115.6297,-1.576],[115.6456,-1.5602],[115.6313,-1.5312],[115.6553,-1.5122],[115.6593,-1.4704],[115.6887,-1.4489],[115.6939,-1.4168],[115.7426,-1.3546],[115.7716,-1.229],[115.847,-1.1573],[115.7996,-1.1124],[115.7567,-1.1349],[115.7422,-1.0898],[115.6961,-1.0561],[115.6731,-1.058],[115.6593,-1.0004],[115.5658,-0.9331],[115.5052,-0.8557],[115.4027,-0.8274],[115.3807,-0.8037],[115.3538,-0.5823],[115.3241,-0.5574],[115.3053,-0.5049],[115.2447,-0.4481],[115.2601,-0.3932],[115.2381,-0.3792],[115.2271,-0.306],[115.2522,-0.2937],[115.238,-0.241],[115.2687,-0.1897],[115.2659,-0.1531],[115.3191,-0.0981],[115.3015,-0.0341],[115.1938,-0.077],[115.155,-0.1039],[115.1483,-0.1371],[115.0812,-0.1532],[115.043,-0.1908],[114.9918,-0.186],[114.987,-0.1729],[114.9336,-0.1889],[114.8948,0.0386],[114.7928,0.0886],[114.8111,0.1587],[114.8009,0.1759],[114.8264,0.1964],[114.832,0.224],[114.8609,0.2331],[114.9017,0.3112],[114.9436,0.3308],[114.9534,0.3129],[115.0187,0.3266],[115.0479,0.3006],[115.1317,0.3835],[115.1353,0.4298],[115.0923,0.4722],[115.0111,0.6111],[114.9812,0.7425],[114.9091,0.7933],[114.9057,0.7714],[114.8651,0.739],[114.8767,0.6994],[114.8457,0.7153],[114.8233,0.7518],[114.7794,0.7311],[114.7624,0.7419],[114.7144,0.7052],[114.6962,0.7089],[114.7013,0.7283],[114.6576,0.7042],[114.6162,0.6404],[114.6046,0.6468],[114.5887,0.6261],[114.5393,0.6301],[114.5413,0.5967],[114.5184,0.5647],[114.4573,0.5695],[114.4249,0.5413],[114.4324,0.5068],[114.4111,0.4956],[114.3155,0.5413],[114.2101,0.5327],[114.1813,0.5756],[114.1487,0.5846],[114.171,0.6307],[114.1481,0.6749],[114.1116,0.697],[114.0638,0.6914],[114.0044,0.652],[113.9775,0.6674],[113.8893,0.6412],[113.8801,0.6604],[113.843,0.662],[113.8439,0.7029],[113.8949,0.7369],[113.8914,0.7862],[113.9283,0.8406],[113.878,0.8962],[113.8805,0.9261],[113.9216,0.9919],[113.8915,1.045],[113.9076,1.0624],[113.9409,1.064],[113.9852,1.1443],[114.0311,1.1489],[114.0447,1.1324],[114.0852,1.165],[114.0953,1.1492],[114.1175,1.1554],[114.1418,1.2005],[114.1277,1.225],[114.1616,1.2639],[114.1423,1.2954],[114.1541,1.3103],[114.151,1.3852],[114.223,1.4168],[114.2389,1.4461],[114.2864,1.4517],[114.3962,1.5127],[114.563,1.4315],[114.5727,1.3898],[114.5996,1.3945],[114.6099,1.367],[114.6967,1.3566],[114.7256,1.3105],[114.7174,1.2728],[114.7578,1.2548],[114.8453,1.1694],[114.8851,1.2122],[114.9362,1.1786],[114.9851,1.1892],[115.0156,1.1208],[115.0836,1.116],[115.1229,1.1294],[115.1735,1.116],[115.1855,1.0677],[115.2003,1.0619],[115.2657,1.0437],[115.2996,1.0648],[115.3645,1.0659],[115.4182,1.144],[115.4069,1.1848],[115.4303,1.224],[115.586,1.2791],[115.6461,1.2841],[115.7126,1.2657],[115.7723,1.3592],[115.8357,1.3758],[115.858,1.4071],[115.8557,1.4377],[115.9552,1.4924],[115.9698,1.5304],[116.0098,1.5282],[116.0394,1.557],[116.0359,1.6089],[116.0655,1.6293],[116.071,1.6532],[116.1282,1.6625],[116.1857,1.8448],[116.1749,1.8973],[116.1954,1.9858],[116.2298,2.0134],[116.2216,2.0951],[116.2925,2.1054],[116.2925,2.1243],[116.3107,2.122],[116.3502,2.1662],[116.2896,2.2352],[116.3345,2.2893],[116.417,2.3039],[116.4573,2.2793],[116.4759,2.2887],[116.476,2.3166],[116.5058,2.3479],[116.4882,2.3974],[116.4962,2.4558],[116.5646,2.4527],[116.6181,2.4171],[116.6331,2.4484],[116.7328,2.5295],[116.796,2.3789],[116.8226,2.3986],[116.8458,2.4606],[116.9418,2.5074],[117.0237,2.5212],[117.07,2.5907],[117.1122,2.5993],[117.2435,2.5766],[117.3032,2.6046],[117.4008,2.6066],[117.4986,2.523],[117.572,2.5016],[117.6128,2.52],[117.7469,2.3268],[117.8116,2.3264],[117.8638,2.3929],[117.9067,2.3979],[117.9327,2.3841],[117.9587,2.4269],[117.9983,2.4327],[117.9918,2.4191],[118.0198,2.3895],[118.0177,2.3718],[117.9851,2.3711],[118.0304,2.3561],[118.0452,2.3767],[118.094,2.3077],[118.0782,2.2495],[118.0189,2.196],[117.9438,2.1802],[117.9047,2.2098],[117.8934,2.1947],[117.8163,2.2013],[117.6829,2.1781],[117.7233,2.1381],[117.7261,2.0827],[117.71,2.0789],[117.7189,2.0598],[117.696,2.0545],[117.7013,2.036],[117.7163,2.026],[117.7397,2.045],[117.7669,2.013],[117.8242,2.0099],[117.8064,1.9847],[117.8331,1.91],[117.8898,1.8728],[117.9177,1.8125],[117.9667,1.7894],[118.0481,1.7834],[118.0659,1.7587],[118.0529,1.7296],[118.1319,1.6356],[118.2467,1.5583],[118.3872,1.4955],[118.3761,1.483],[118.4097,1.4867],[118.4201,1.4477],[118.3755,1.4235],[118.4224,1.4342],[118.4291,1.413],[118.4017,1.4042],[118.433,1.3989],[118.4446,1.3718],[118.46,1.3994],[118.4703,1.3943],[118.462,1.3586],[118.4804,1.3849],[118.4871,1.3608],[118.5123,1.3761],[118.5149,1.353],[118.5776,1.3542],[118.7652,1.1996],[118.7691,1.1663],[118.7213,1.1544],[118.7751,1.1556],[118.7946,1.1272],[118.7771,1.1336],[118.8305,1.0984],[118.8418,1.0482],[118.8715,1.0675],[118.9179,1.0649],[118.9807,1.038],[118.9887,0.987],[118.8955,0.877],[118.8494,0.8742],[118.7959,0.8024],[118.7254,0.8239],[118.7077,0.8146],[118.7047,0.8365],[118.6703,0.8596],[118.6227,0.8448],[118.589,0.8104],[118.5248,0.8135],[118.4444,0.8415],[118.3689,0.8031],[118.3412,0.8149],[118.342,0.837],[118.3206,0.85],[118.0638,0.903],[118.0503,0.9424],[118.0079,0.9616],[117.9843,1.0592],[117.9249,1.1046],[117.8914,1.106],[117.8845,1.086],[117.9319,1.0537],[117.9715,0.9804],[117.9783,0.9292],[118.0188,0.8656],[118.0295,0.7824],[117.9719,0.774],[117.9267,0.805],[117.9138,0.836],[117.7579,0.7616],[117.713,0.7004],[117.7115,0.628],[117.6746,0.618],[117.6613,0.5646],[117.6052,0.4895],[117.6087,0.4265],[117.5849,0.4055],[117.5513,0.4235],[117.565,0.4199],[117.5671,0.393],[117.5531,0.3367],[117.5415,0.3185],[117.5222,0.323],[117.5342,0.2886],[117.5143,0.278],[117.5301,0.2603],[117.5168,0.2451],[117.5285,0.2222],[117.507,0.2161],[117.5174,0.197],[117.4856,0.1883],[117.5046,0.1756],[117.4852,0.1797],[117.4877,0.1644],[117.4707,0.1641],[117.4884,0.1464],[117.5074,0.156],[117.5229,0.1255],[117.5063,0.1072],[117.4785,0.1102],[117.5012,0.1007],[117.4777,0.1036],[117.4832,0.0812],[117.457,0.1002],[117.4796,0.0762],[117.468,0.0439],[117.4864,0.062],[117.5118,0.0568],[117.4876,0.0265],[117.5145,0.0331],[117.5038,0.0048],[117.5178,-0.0299],[117.4576,-0.0547],[117.4361,-0.0167],[117.3736,0.0102],[117.4359,-0.0174],[117.4557,-0.0546],[117.5173,-0.0317],[117.4811,-0.0701],[117.4711,-0.1096],[117.4467,-0.0877],[117.4697,-0.1155],[117.4438,-0.2022],[117.424,-0.221],[117.4391,-0.1996],[117.427,-0.1753],[117.454,-0.1406],[117.4458,-0.1237],[117.4519,-0.1472],[117.4242,-0.1822],[117.4379,-0.2023],[117.4158,-0.2221],[117.4647,-0.3704],[117.4268,-0.3994],[117.4379,-0.4216],[117.4247,-0.4349],[117.4503,-0.4457],[117.4215,-0.4626],[117.4388,-0.4695],[117.4313,-0.4922],[117.4037,-0.4919],[117.4372,-0.4841],[117.4322,-0.5111],[117.4103,-0.5022],[117.3878,-0.5398],[117.4046,-0.5341],[117.4007,-0.5164],[117.4023,-0.5327],[117.4144,-0.5277],[117.4029,-0.5312],[117.4084,-0.5078],[117.4286,-0.517],[117.3501,-0.5798],[117.3091,-0.5647],[117.281,-0.5775],[117.2392,-0.5667],[117.283,-0.5899],[117.3018,-0.6455],[117.2892,-0.6904],[117.2246,-0.7382],[117.2817,-0.7909],[117.2645,-0.8075],[117.2722,-0.7859],[117.25,-0.7976],[117.2638,-0.7963],[117.2572,-0.8047],[117.1805,-0.7825],[117.2533,-0.8113],[117.2475,-0.9095],[117.1663,-0.9577],[117.0647,-1.1062],[117.0219,-1.1403],[116.9936,-1.2101],[116.8834,-1.277],[116.8109,-1.2828],[116.8123,-1.2394],[116.792,-1.2358],[116.7597,-1.3619],[116.6123,-1.4139],[116.5487,-1.4538],[116.53,-1.5095],[116.5607,-1.5967],[116.5421,-1.622],[116.3572,-1.6815],[116.2808,-1.7339],[116.2526,-1.7801],[116.2123,-1.7801],[116.2623,-1.8102],[116.3335,-1.7754],[116.366,-1.7813],[116.3692,-1.7602],[116.4525,-1.7672],[116.4521,-1.8153],[116.4265,-1.8635],[116.4578,-1.9045],[116.4597,-2.0524],[116.3611,-2.1107],[116.455,-2.1334],[116.4977,-2.1064],[116.518,-2.1213],[116.5249,-2.1518],[116.4095,-2.2121],[116.5049,-2.1667],[116.5499,-2.1718],[116.5374,-2.2007],[116.4975,-2.2234],[116.5045,-2.2324],[116.5742,-2.1886],[116.5636,-2.1612],[116.5883,-2.1745],[116.5805,-2.3193],[116.5564,-2.4087],[116.2514,-2.3168],[116.2136,-2.3192]],[[117.37379658344284,0.01077818659658],[117.37379658344284,0.01077818659658]],[[117.37389674556212,0.01107278106507],[117.3683,0.0214],[117.37389674556212,0.01107278106507]],[[117.4094515151515,-0.52128181818182],[117.4094515151515,-0.52128181818182]],[[117.40950590405905,-0.52129040590406],[117.40950590405905,-0.52129040590406]]],[[[117.4853,0.116],[117.4853,0.116]]],[[[117.5132,0.0497],[117.5132,0.0497]]],[[[117.5122,0.0632],[117.5314,0.0649],[117.5122,0.0632]]],[[[117.4937,0.0699],[117.4937,0.0699]]],[[[117.5085,0.0647],[117.5085,0.0647]]],[[[117.498,0.1523],[117.498,0.1523]]],[[[117.4982,0.1525],[117.4982,0.1525]]],[[[118.022,0.736],[118.0062,0.7142],[117.9988,0.7386],[118.022,0.736]]],[[[118.4872,0.7651],[118.4872,0.7651]]],[[[118.0383,0.7783],[118.0461,0.7711],[118.0383,0.7783]]],[[[118.027,0.8799],[118.018,0.8953],[118.027,0.8799]]],[[[117.992,0.9248],[117.9981,0.9378],[118.0079,0.9275],[118.0085,0.9001],[117.992,0.9248]]],[[[118.0028,0.9741],[118.0039,0.9618],[117.9986,0.9902],[118.0028,0.9741]]],[[[117.9811,0.9731],[117.9367,1.0569],[117.9746,1.0231],[117.9811,0.9731]]],[[[117.5505,-0.403],[117.5505,-0.403]]],[[[117.3919,0.0043],[117.3919,0.0043]]],[[[117.5466,-0.4211],[117.5285,-0.4358],[117.5514,-0.409],[117.5466,-0.4211]]],[[[117.4988,-0.4022],[117.4988,-0.4022]]],[[[117.5492,-0.4041],[117.5492,-0.4041]]],[[[117.4995,-0.4013],[117.4995,-0.4013]]],[[[117.4995,-0.4001],[117.4995,-0.4001]]],[[[117.5474,-0.3499],[117.5295,-0.3468],[117.5474,-0.3499]]],[[[117.4666,-0.4063],[117.4513,-0.4406],[117.4255,-0.4328],[117.4391,-0.424],[117.4365,-0.3818],[117.4619,-0.3872],[117.4604,-0.3476],[117.4918,-0.3291],[117.4666,-0.4063]]],[[[117.4995,-0.374],[117.4859,-0.387],[117.4978,-0.3518],[117.5137,-0.348],[117.4995,-0.374]]],[[[117.3932,0.0059],[117.3932,0.0059]]],[[[117.918,1.0915],[117.9071,1.108],[117.918,1.0915]]],[[[118.836,1.1168],[118.8469,1.1145],[118.836,1.1168]]],[[[118.5608,1.3731],[118.5608,1.3731]]],[[[118.5244,1.3641],[118.5244,1.3641]]],[[[118.5521,1.367],[118.5521,1.367]]],[[[118.5555,1.3628],[118.5555,1.3628]]],[[[118.5448,1.3667],[118.5448,1.3667]]],[[[118.4415,1.378],[118.4415,1.378]]],[[[118.4921,1.3714],[118.4921,1.3714]]],[[[118.4645,1.3744],[118.4645,1.3744]]],[[[118.3938,1.4271],[118.3938,1.4271]]],[[[118.3845,1.5006],[118.3845,1.5006]]],[[[118.4697,1.4635],[118.4612,1.451],[118.4697,1.4635]]],[[[118.4258,1.401],[118.4258,1.401]]],[[[118.4244,1.4044],[118.4244,1.4044]]],[[[118.9048,1.5284],[118.9048,1.5284]]],[[[118.6209,1.5307],[118.6209,1.5307]]],[[[118.9449,1.5688],[118.9449,1.5688]]],[[[118.9604,1.7587],[118.9604,1.7587]]],[[[118.9488,1.7666],[118.9488,1.7666]]],[[[118.9887,1.7814],[118.9887,1.7814]]],[[[118.9203,1.7862],[118.9203,1.7862]]],[[[118.9343,1.7794],[118.9448,1.7709],[118.9343,1.7794]]],[[[118.4359,1.3804],[118.4359,1.3804]]],[[[118.5331,1.3839],[118.5331,1.3839]]],[[[118.453,1.3875],[118.453,1.3875]]],[[[118.4515,1.3918],[118.4422,1.3816],[118.4386,1.3946],[118.4515,1.3918]]],[[[118.5405,1.3934],[118.5288,1.3952],[118.5405,1.3934]]],[[[118.4463,1.3976],[118.4463,1.3976]]],[[[118.4817,1.4525],[118.499,1.441],[118.4873,1.4356],[118.4971,1.4092],[118.53,1.386],[118.5006,1.3808],[118.4735,1.4016],[118.4663,1.425],[118.4815,1.4315],[118.4667,1.4501],[118.4817,1.4525]]],[[[118.8944,1.8037],[118.8944,1.8037]]],[[[118.8087,1.9407],[118.8087,1.9407]]],[[[117.8703,1.9382],[117.8599,1.8928],[117.8481,1.92],[117.836,1.9117],[117.8499,1.9316],[117.831,1.9241],[117.8185,1.9589],[117.844,1.9495],[117.8761,1.9724],[117.8703,1.9382]]],[[[118.8041,1.9548],[118.8041,1.9548]]],[[[118.8289,1.9731],[118.8166,1.9576],[118.8289,1.9731]]],[[[117.8833,2.0521],[117.889,2.0361],[117.845,2.0255],[117.8444,2.0381],[117.8833,2.0521]]],[[[117.8796,2.1539],[117.8796,2.1539]]],[[[117.7615,2.1663],[117.7075,2.1691],[117.7768,2.1805],[117.7615,2.1663]]],[[[117.9038,2.1671],[117.8927,2.189],[117.904,2.206],[117.927,2.1723],[117.9179,2.1561],[117.9038,2.1671]]],[[[117.8817,2.1603],[117.8645,2.1583],[117.828,2.1903],[117.8818,2.1754],[117.8817,2.1603]]],[[[117.8944,2.176],[117.8695,2.1879],[117.8944,2.176]]],[[[118.5967,2.2526],[118.5967,2.2526]]],[[[118.2476,2.2838],[118.2476,2.2838]]],[[[118.5913,2.2582],[118.5913,2.2582]]],[[[118.132,2.3285],[118.132,2.3285]]],[[[118.2004,2.3652],[118.1995,2.3818],[118.2133,2.347],[118.2004,2.3652]]],[[[118.5803,2.2325],[118.6518,2.161],[118.597,2.1936],[118.566,2.2347],[118.5699,2.3102],[118.6367,2.2499],[118.5689,2.3032],[118.5803,2.2325]]],[[[118.4021,2.083],[118.4021,2.083]]],[[[118.3308,2.1388],[118.3299,2.1288],[118.3308,2.1388]]],[[[117.7792,2.0733],[117.7513,2.0606],[117.801,2.0398],[117.7847,2.022],[117.7607,2.0258],[117.7384,2.0527],[117.7149,2.0321],[117.7055,2.0503],[117.722,2.0612],[117.7128,2.079],[117.7655,2.099],[117.7792,2.0733]]],[[[117.8793,2.0687],[117.9097,2.0534],[117.9062,2.04],[117.8847,2.0405],[117.8783,2.0569],[117.8627,2.0355],[117.8457,2.0397],[117.8526,2.0684],[117.8349,2.0539],[117.8378,2.0772],[117.8396,2.0573],[117.8224,2.0526],[117.8427,2.0419],[117.8011,2.0272],[117.8241,2.0721],[117.8133,2.0899],[117.833,2.0953],[117.8793,2.0687]]],[[[117.7715,2.1049],[117.7689,2.1189],[117.7892,2.1093],[117.7715,2.1049]]],[[[117.8692,2.0839],[117.8292,2.1146],[117.8645,2.1454],[117.8992,2.125],[117.9144,2.0888],[117.8692,2.0839]]],[[[118.5377,2.1553],[118.5622,2.1152],[118.5386,2.1351],[118.5043,2.1345],[118.5148,2.1583],[118.5377,2.1553]]],[[[117.8037,2.1505],[117.7888,2.1129],[117.7582,2.1139],[117.7506,2.1453],[117.7396,2.1187],[117.7662,2.1177],[117.7711,2.1038],[117.7301,2.0893],[117.7139,2.1629],[117.7946,2.1808],[117.8037,2.1505]]],[[[117.8921,2.1537],[117.9567,2.1198],[117.9082,2.0993],[117.9005,2.1276],[117.8666,2.1478],[117.8297,2.1173],[117.8128,2.1207],[117.8014,2.183],[117.8264,2.1911],[117.862,2.157],[117.8921,2.1537]]],[[[116.4298,-2.2035],[116.5064,-2.1622],[116.4298,-2.2035]]],[[[117.2568,-0.8411],[117.2568,-0.8411]]],[[[117.264,-0.8296],[117.264,-0.8296]]],[[[117.2572,-0.8305],[117.2572,-0.8305]]],[[[117.2585,-0.8493],[117.2585,-0.8493]]],[[[117.2589,-0.8539],[117.2617,-0.8862],[117.2589,-0.8539]]],[[[117.2585,-0.8533],[117.2585,-0.8533]]],[[[117.2557,-0.8445],[117.2557,-0.8445]]],[[[117.4957,-0.7943],[117.4957,-0.7943]]],[[[117.4265,-0.8697],[117.4352,-0.8911],[117.416,-0.8711],[117.4265,-0.8697]]],[[[117.4097,-0.8684],[117.4097,-0.8684]]],[[[117.4878,-0.8286],[117.4875,-0.8395],[117.4703,-0.8317],[117.4693,-0.8111],[117.4878,-0.8286]]],[[[117.3817,-0.8315],[117.3817,-0.8315]]],[[[117.2773,-0.8105],[117.2773,-0.8105]]],[[[117.2664803960396,-0.84661089108911],[117.2664803960396,-0.84661089108911]]],[[[117.2742,-0.8597],[117.2755,-0.8878],[117.267,-0.8453],[117.2742,-0.8597]]],[[[117.2664803960396,-0.84661089108911],[117.2751,-0.8095],[117.2848,-0.8287],[117.2664803960396,-0.84661089108911]]],[[[117.2693,-0.8098],[117.2693,-0.8098]]],[[[117.478,-0.8149],[117.4692,-0.8027],[117.478,-0.8149]]],[[[117.3488,-0.7693],[117.3535,-0.782],[117.3488,-0.7693]]],[[[117.4657,-0.7574],[117.4912,-0.8025],[117.4372,-0.7462],[117.4657,-0.7574]]],[[[117.3764,-0.7692],[117.3764,-0.7692]]],[[[117.455,-0.7654],[117.455,-0.7654]]],[[[117.4372,-0.7414],[117.4372,-0.7414]]],[[[117.3953,-0.7518],[117.3953,-0.7518]]],[[[117.3218,-0.8915],[117.3108,-0.8557],[117.3472,-0.8243],[117.3198,-0.7986],[117.3189,-0.75],[117.3144,-0.7964],[117.3427,-0.834],[117.3061,-0.8345],[117.2917,-0.7977],[117.3077,-0.6762],[117.3289,-0.7665],[117.393,-0.8769],[117.3694,-0.8901],[117.3578,-0.8811],[117.3435,-0.9139],[117.3218,-0.8915]]],[[[117.3961,-0.7473],[117.4092,-0.7858],[117.4332,-0.7883],[117.4134,-0.8116],[117.4255,-0.8128],[117.4232,-0.7931],[117.4399,-0.8143],[117.4157,-0.8365],[117.3921,-0.7765],[117.3736,-0.7778],[117.3821,-0.7579],[117.3962,-0.7723],[117.3907,-0.7458],[117.3928,-0.7698],[117.3754,-0.7548],[117.3807,-0.7403],[117.3961,-0.7473]]],[[[117.4472,-0.7877],[117.4642,-0.8218],[117.4314,-0.7818],[117.4116,-0.7842],[117.4054,-0.7536],[117.4472,-0.7877]]],[[[117.4788,-0.7473],[117.5144,-0.7602],[117.507,-0.7756],[117.5472,-0.8018],[117.5087,-0.8073],[117.4624,-0.7442],[117.4788,-0.7473]]],[[[117.3288,-0.7399],[117.3274,-0.7263],[117.3288,-0.7399]]],[[[117.4382,-0.7392],[117.4382,-0.7392]]],[[[117.4354,-0.7376],[117.4354,-0.7376]]],[[[117.3259,-0.7257],[117.3259,-0.7257]]],[[[117.3588,-0.655],[117.3588,-0.655]]],[[[117.519,-0.7015],[117.4971,-0.7011],[117.519,-0.7015]]],[[[117.4163,-0.7103],[117.435,-0.7363],[117.3873,-0.7066],[117.4205,-0.7312],[117.4184,-0.746],[117.4333,-0.739],[117.4583,-0.7842],[117.3792,-0.7132],[117.3868,-0.6948],[117.4163,-0.7103]]],[[[117.452,-0.6815],[117.472,-0.7074],[117.448,-0.7022],[117.4379,-0.6793],[117.438,-0.695],[117.4261,-0.6847],[117.4166,-0.6967],[117.4472,-0.6982],[117.4387,-0.7093],[117.4261,-0.7006],[117.4376,-0.7203],[117.4403,-0.7099],[117.4559,-0.725],[117.4413,-0.7068],[117.464,-0.7035],[117.4612,-0.7291],[117.4759,-0.7344],[117.4656,-0.7078],[117.4796,-0.7095],[117.5243,-0.7465],[117.5194,-0.7326],[117.5359,-0.7422],[117.5274,-0.7295],[117.5383,-0.7234],[117.5993,-0.7236],[117.6057,-0.7682],[117.5751,-0.7833],[117.5162,-0.7736],[117.4866,-0.7201],[117.4729,-0.7419],[117.4894,-0.7315],[117.5013,-0.7503],[117.4479,-0.7417],[117.4039,-0.6968],[117.4354,-0.6627],[117.452,-0.6815]]],[[[117.3749,-0.6941],[117.3645,-0.7197],[117.3472,-0.6866],[117.3749,-0.6941]]],[[[117.3563,-0.6551],[117.3815,-0.7043],[117.353,-0.662],[117.3786,-0.6926],[117.3636,-0.694],[117.3427,-0.6617],[117.3447,-0.6768],[117.3292,-0.6682],[117.337,-0.6466],[117.3273,-0.659],[117.3208,-0.6335],[117.3563,-0.6551]]],[[[117.3992,-0.6869],[117.4047,-0.7009],[117.3846,-0.6818],[117.3992,-0.6869]]],[[[117.5055,-0.6064],[117.5662,-0.6187],[117.5581,-0.6461],[117.5236,-0.6515],[117.5265,-0.6368],[117.5023,-0.6375],[117.4998,-0.6218],[117.471,-0.6232],[117.4893,-0.6018],[117.5055,-0.6064]]],[[[117.3703,-0.6465],[117.3736,-0.631],[117.4118,-0.6387],[117.4327,-0.659],[117.4263,-0.6804],[117.4154,-0.6617],[117.393,-0.6646],[117.4073,-0.6592],[117.402,-0.6386],[117.393,-0.6717],[117.3729,-0.6611],[117.3784,-0.6494],[117.3719,-0.6601],[117.3981,-0.6796],[117.4156,-0.664],[117.4116,-0.6963],[117.3427,-0.6285],[117.3703,-0.6465]]],[[[117.3917,-0.536],[117.3917,-0.536]]],[[[117.4098,-0.542],[117.4098,-0.542]]],[[[117.4528,-0.4629],[117.4294,-0.4797],[117.4514,-0.4475],[117.4528,-0.4629]]],[[[117.438,-0.4603],[117.438,-0.4603]]],[[[117.4839,-0.5041],[117.4839,-0.5041]]],[[[117.4764,-0.5055],[117.4764,-0.5055]]],[[[117.4843,-0.5048],[117.4843,-0.5048]]],[[[117.4913,-0.5202],[117.4913,-0.5202]]],[[[117.5213,-0.5277],[117.4989,-0.5229],[117.5382,-0.5066],[117.5213,-0.5277]]],[[[117.5579,-0.5079],[117.574,-0.5047],[117.5579,-0.5079]]],[[[117.4487,-0.5035],[117.4487,-0.5035]]],[[[117.4995,-0.5158],[117.5081,-0.5106],[117.4995,-0.5158]]],[[[117.4795,-0.509],[117.4795,-0.509]]],[[[117.4798,-0.5083],[117.4798,-0.5083]]],[[[117.4814,-0.508],[117.4814,-0.508]]],[[[117.4796,-0.5072],[117.4796,-0.5072]]],[[[117.477,-0.505],[117.477,-0.505]]],[[[117.5456,-0.5925],[117.5456,-0.5925]]],[[[117.5233,-0.5868],[117.5233,-0.5868]]],[[[117.4932,-0.5969],[117.4932,-0.5969]]],[[[117.5184,-0.597],[117.5184,-0.597]]],[[[117.5126,-0.5929],[117.5126,-0.5929]]],[[[117.4833,-0.5941],[117.4833,-0.5941]]],[[[117.519,-0.592],[117.519,-0.592]]],[[[117.52,-0.5903],[117.52,-0.5903]]],[[[117.5125,-0.589],[117.5125,-0.589]]],[[[117.5133,-0.5869],[117.5133,-0.5869]]],[[[117.4338,-0.5968],[117.4367,-0.6097],[117.4157,-0.6071],[117.4465,-0.6092],[117.438,-0.6314],[117.4007,-0.6048],[117.425,-0.5841],[117.4338,-0.5968]]],[[[117.4937,-0.6073],[117.4977,-0.5966],[117.4937,-0.6073]]],[[[117.4883,-0.592],[117.4702,-0.619],[117.4641,-0.5957],[117.4767,-0.6081],[117.4759,-0.59],[117.4883,-0.592]]],[[[117.4504,-0.5718],[117.4725,-0.6082],[117.4546,-0.6289],[117.4206,-0.5766],[117.3968,-0.6109],[117.3872,-0.6046],[117.3993,-0.5929],[117.3723,-0.5907],[117.4724,-0.5501],[117.5032,-0.5728],[117.4993,-0.59],[117.4936,-0.5767],[117.4938,-0.5914],[117.4725,-0.5892],[117.4838,-0.5718],[117.4742,-0.5658],[117.4719,-0.5988],[117.4715,-0.5685],[117.4504,-0.5718]]],[[[117.3544,-0.5868],[117.3544,-0.5868]]],[[[117.312,-0.5736],[117.312,-0.5736]]],[[[117.3831,-0.5741],[117.3831,-0.5741]]],[[[117.5252,-0.5858],[117.5252,-0.5858]]],[[[117.5138,-0.5844],[117.5138,-0.5844]]],[[[117.5684,-0.5538],[117.5684,-0.5538]]],[[[117.567,-0.5569],[117.567,-0.5569]]],[[[117.5678,-0.5547],[117.5678,-0.5547]]],[[[117.5157,-0.5831],[117.5157,-0.5831]]],[[[117.51557142857143,-0.58262857142857],[117.5063,-0.5983],[117.5148,-0.5642],[117.4891,-0.5629],[117.5017,-0.5535],[117.4883,-0.5542],[117.4894,-0.5362],[117.4875,-0.5543],[117.5009,-0.554],[117.4831,-0.5636],[117.473,-0.5483],[117.4395,-0.5619],[117.437,-0.544],[117.4996,-0.5255],[117.5105,-0.5508],[117.5027,-0.5272],[117.5211,-0.5295],[117.5265,-0.5491],[117.5386,-0.5116],[117.5676,-0.509],[117.5598,-0.5279],[117.5716,-0.5138],[117.577,-0.5279],[117.5646,-0.5596],[117.5855,-0.5183],[117.5684,-0.5823],[117.519,-0.5954],[117.529,-0.5806],[117.5458,-0.5867],[117.5606,-0.5587],[117.5449,-0.5849],[117.5313,-0.5783],[117.5158,-0.5964],[117.51557142857143,-0.58262857142857]]],[[[117.4081,-0.5489],[117.3868,-0.5591],[117.4195,-0.5499],[117.3662,-0.5824],[117.3486,-0.5767],[117.4081,-0.5489]]],[[[117.6328,-0.4247],[117.6333,-0.444],[117.5958,-0.4884],[117.6017,-0.4452],[117.5872,-0.464],[117.5504,-0.4648],[117.5668,-0.4527],[117.5588,-0.4386],[117.5762,-0.4456],[117.5616,-0.4371],[117.5902,-0.4174],[117.6069,-0.41],[117.6328,-0.4247]]],[[[117.5049,-0.4499],[117.5244,-0.434],[117.4977,-0.4591],[117.5049,-0.4499]]],[[[117.5319,-0.4203],[117.4493,-0.4981],[117.487,-0.4422],[117.5112,-0.4348],[117.5094,-0.4004],[117.5518,-0.3826],[117.5319,-0.4203]]]]}},{"type":"Feature","properties":{"NAME_1":"KalimantanUtara"},"geometry":{"type":"MultiPolygon","coordinates":[[[[116.8236,2.7308],[116.8236,2.7308]]],[[[117.1225,2.7429],[117.1225,2.7429]]],[[[117.1914,2.772],[117.1914,2.772]]],[[[117.6122,2.8048],[117.6302,2.7983],[117.6122,2.8048]]],[[[117.6301,2.8081],[117.6493,2.8006],[117.6301,2.8081]]],[[[117.3752,2.8247],[117.3642,2.8164],[117.3676,2.8424],[117.3752,2.8247]]],[[[117.685,2.8302],[117.6653,2.8184],[117.7009,2.8376],[117.7359,2.8113],[117.6775,2.7965],[117.6409,2.8143],[117.6907,2.8512],[117.7012,2.8403],[117.685,2.8302]]],[[[117.6319,2.8312],[117.6319,2.8312]]],[[[117.5608,2.8613],[117.5709,2.8486],[117.5608,2.8613]]],[[[117.4433,2.8655],[117.4433,2.8655]]],[[[117.4933,2.8831],[117.5203,2.8791],[117.5106,2.8427],[117.5077,2.8564],[117.4979,2.8401],[117.4692,2.8624],[117.4595,2.8491],[117.4352,2.8792],[117.4524,2.8922],[117.4744,2.8715],[117.4933,2.8831]]],[[[117.5175,2.9088],[117.5435,2.9083],[117.5175,2.9088]]],[[[117.6054,2.9042],[117.7126,2.8956],[117.716,2.8685],[117.6865,2.861],[117.6565,2.8853],[117.684,2.8615],[117.6486,2.8781],[117.6718,2.856],[117.6413,2.8567],[117.6284,2.8728],[117.6377,2.8824],[117.6199,2.8918],[117.6368,2.8821],[117.6154,2.8732],[117.6365,2.8692],[117.6322,2.8486],[117.6035,2.8591],[117.6123,2.8702],[117.5988,2.8898],[117.6116,2.8701],[117.5977,2.8583],[117.5854,2.8887],[117.5436,2.8992],[117.6054,2.9042]]],[[[117.4508,2.9062],[117.4731,2.9353],[117.5195,2.9049],[117.5437,2.907],[117.552,2.8867],[117.5846,2.8882],[117.6058,2.8456],[117.6017,2.8561],[117.6607,2.8443],[117.6438,2.8232],[117.6266,2.8328],[117.6406,2.8201],[117.6164,2.8193],[117.5624,2.8676],[117.5435,2.8427],[117.5212,2.8572],[117.5147,2.889],[117.4759,2.8719],[117.4535,2.8929],[117.4318,2.8585],[117.4098,2.8697],[117.4116,2.8555],[117.3898,2.8519],[117.4011,2.8881],[117.4166,2.8933],[117.4113,2.9088],[117.4508,2.9062]]],[[[117.5611,2.9173],[117.5748,2.9162],[117.5611,2.9173]]],[[[117.3638,2.9391],[117.3638,2.9391]]],[[[117.3638,2.9423],[117.3737,2.9448],[117.3638,2.9423]]],[[[117.596,2.9211],[117.6115,2.9222],[117.596,2.9211]]],[[[117.4926,2.9246],[117.4926,2.9246]]],[[[117.7035,2.93],[117.7133,2.9101],[117.6993,2.903],[117.5804,2.9102],[117.7035,2.93]]],[[[117.414,2.8988],[117.3922,2.8748],[117.3667,2.872],[117.3562,2.8445],[117.3252,2.8979],[117.356,2.9547],[117.3681,2.9345],[117.3721,2.9598],[117.4492,2.9597],[117.4239,2.9497],[117.414,2.8988]]],[[[117.4997,2.9588],[117.4997,2.9588]]],[[[117.487,2.9615],[117.4992,2.96],[117.487,2.9615]]],[[[117.4706,2.9558],[117.4501,2.9618],[117.5239,3.0065],[117.5571,3.0092],[117.5425,2.9722],[117.5309,2.9913],[117.5299,2.9778],[117.5156,2.9877],[117.5418,2.9823],[117.5341,2.9577],[117.5147,2.9788],[117.4706,2.9558]]],[[[117.4549,2.9505],[117.4469,2.9056],[117.4245,2.9047],[117.4247,2.9495],[117.4549,2.9505]]],[[[117.4767,2.9542],[117.5094,2.9384],[117.5538,2.9477],[117.5445,2.9241],[117.5589,2.9511],[117.5823,2.9301],[117.549,2.9129],[117.5095,2.9152],[117.4479,2.9428],[117.4767,2.9542]]],[[[117.5153,2.9424],[117.4877,2.9536],[117.5153,2.9424]]],[[[117.6703,2.9694],[117.6456,2.9542],[117.6191,2.958],[117.6216,2.9687],[117.6126,2.9483],[117.6084,2.9635],[117.6132,2.9364],[117.63,2.9585],[117.651,2.9449],[117.6644,2.9638],[117.696,2.9498],[117.6145,2.9256],[117.5721,2.9206],[117.583,2.9322],[117.5613,2.9513],[117.5768,2.9617],[117.5807,2.9513],[117.5892,2.974],[117.6047,2.9722],[117.5994,2.9569],[117.6141,2.982],[117.6654,2.9879],[117.6703,2.9694]]],[[[117.5338,2.949],[117.521,2.9405],[117.5001,2.9619],[117.5153,2.9779],[117.5343,2.9567],[117.5494,2.9901],[117.5639,2.9686],[117.5338,2.949]]],[[[117.6357,2.9829],[117.621,2.9893],[117.6357,2.9829]]],[[[117.4637,2.9889],[117.4637,2.9889]]],[[[117.4526,2.9909],[117.4627,2.9911],[117.4526,2.9909]]],[[[117.5035,3.0027],[117.5137,3.0101],[117.5035,3.0027]]],[[[117.5175,3.0088],[117.5175,3.0088]]],[[[117.4873,3.0944],[117.4873,3.0944]]],[[[117.4894,2.9909],[117.4766,2.9682],[117.4556,2.9774],[117.4602,3.0025],[117.4859,3.0176],[117.4894,2.9909]]],[[[117.55,3.0629],[117.5522,3.0365],[117.5042,3.0655],[117.4757,3.0027],[117.4562,2.9976],[117.4379,3.0129],[117.4622,2.9707],[117.3588,2.9578],[117.4005,3.0285],[117.414,3.019],[117.4451,3.0535],[117.4779,3.0594],[117.4591,3.0267],[117.4832,3.062],[117.55,3.0629]]],[[[117.508,3.0085],[117.4924,2.9952],[117.4881,3.0289],[117.508,3.0085]]],[[[117.4017,3.0291],[117.4027,3.04],[117.4184,3.0278],[117.4017,3.0291]]],[[[117.6271,3.0485],[117.6014,3.0355],[117.6237,3.0411],[117.6158,3.0157],[117.5803,3.0123],[117.5665,3.0189],[117.575,3.032],[117.5648,3.0171],[117.5598,3.0319],[117.578,3.0059],[117.6028,3.0119],[117.5751,2.9808],[117.5498,3.0263],[117.5536,3.0163],[117.5129,3.0182],[117.5229,3.0409],[117.5529,3.0346],[117.5541,3.0563],[117.6271,3.0485]]],[[[117.521,3.0586],[117.5228,3.0291],[117.5081,3.0179],[117.4857,3.0374],[117.5007,3.0414],[117.4978,3.0607],[117.521,3.0586]]],[[[117.4472,3.0637],[117.4408,3.0552],[117.4472,3.0637]]],[[[117.4415,3.0647],[117.4415,3.0647]]],[[[117.559,3.0614],[117.5514,3.0719],[117.5702,3.0789],[117.6236,3.0726],[117.5695,3.051],[117.559,3.0614]]],[[[117.6239,3.0791],[117.6392,3.0713],[117.6239,3.0791]]],[[[117.5282,3.0721],[117.5161,3.0721],[117.5282,3.0721]]],[[[117.5154,3.0726],[117.4979,3.0718],[117.5154,3.0726]]],[[[117.5339,3.0767],[117.5473,3.0743],[117.5339,3.0767]]],[[[117.4426,3.0703],[117.4426,3.0703]]],[[[117.4955,3.072],[117.4955,3.072]]],[[[117.488,3.0735],[117.4509,3.0581],[117.4696,3.082],[117.4917,3.0859],[117.488,3.0735]]],[[[117.4505,3.0732],[117.4603,3.0807],[117.4505,3.0732]]],[[[117.4758,3.086],[117.4758,3.086]]],[[[115.4431,1.2314],[115.4082,1.1903],[115.4182,1.144],[115.3687,1.0683],[115.2496,1.0471],[115.1855,1.0677],[115.1735,1.116],[115.1229,1.1294],[115.0836,1.116],[115.01,1.1233],[114.9763,1.1937],[114.9362,1.1786],[114.8851,1.2122],[114.8516,1.1683],[114.8396,1.1725],[114.7578,1.2548],[114.7174,1.2728],[114.7256,1.3105],[114.6999,1.354],[114.6099,1.367],[114.5996,1.3945],[114.5727,1.3898],[114.5666,1.4277],[114.6164,1.5159],[114.6021,1.5323],[114.6115,1.575],[114.6525,1.5896],[114.7087,1.638],[114.7151,1.7841],[114.6977,1.8091],[114.7279,1.8338],[114.7223,1.8568],[114.7463,1.8684],[114.7921,1.8465],[114.8194,1.8923],[114.8556,1.8948],[114.8826,1.9158],[114.8527,1.966],[114.8869,2.0244],[114.8564,2.0437],[114.8078,2.0241],[114.7907,2.0584],[114.8098,2.064],[114.7973,2.0878],[114.8186,2.1277],[114.7933,2.146],[114.7365,2.1338],[114.7392,2.1911],[114.7845,2.2006],[114.7998,2.2504],[114.9131,2.2536],[114.9586,2.281],[114.9664,2.2957],[114.9481,2.3241],[114.9629,2.3654],[114.9972,2.349],[115.0374,2.389],[115.0531,2.3855],[115.0504,2.4043],[115.0982,2.4029],[115.1182,2.4568],[115.1515,2.4772],[115.2055,2.4719],[115.2581,2.5304],[115.2236,2.5426],[115.1772,2.6106],[115.1171,2.5886],[115.0977,2.6127],[115.1212,2.6522],[115.1075,2.7229],[115.1405,2.7475],[115.1552,2.7907],[115.0934,2.8211],[115.1599,2.8674],[115.1751,2.9312],[115.25,2.966],[115.2884,3.0354],[115.3168,3.0173],[115.3317,2.9752],[115.3936,2.9796],[115.4532,3.0279],[115.486,3.0182],[115.5217,3.0651],[115.5296,3.1294],[115.562,3.1515],[115.5595,3.1716],[115.5214,3.1893],[115.5155,3.2227],[115.5373,3.2359],[115.5459,3.3682],[115.5873,3.4493],[115.6097,3.447],[115.6237,3.4087],[115.657,3.4394],[115.6339,3.4645],[115.6425,3.4776],[115.6193,3.5102],[115.6117,3.5757],[115.59,3.6034],[115.5809,3.663],[115.5719,3.6578],[115.5882,3.778],[115.6282,3.8644],[115.5714,3.9267],[115.5895,3.9429],[115.6177,3.9373],[115.6562,3.9876],[115.6713,4.0321],[115.6534,4.0336],[115.6819,4.0707],[115.6881,4.1532],[115.7062,4.1908],[115.7323,4.1924],[115.7648,4.2406],[115.7957,4.2376],[115.8016,4.2198],[115.8287,4.2283],[115.8388,4.2668],[115.8785,4.2951],[115.8698,4.3197],[115.8887,4.3899],[115.9099,4.3882],[115.9301,4.3536],[116.0276,4.3319],[116.0342,4.295],[116.0756,4.2708],[116.116,4.3328],[116.1561,4.3402],[116.1702,4.3843],[116.2798,4.3597],[116.358,4.3833],[116.4283,4.3275],[116.4433,4.2882],[116.4794,4.3034],[116.4886,4.3323],[116.5359,4.3212],[116.5346,4.3667],[116.5685,4.4033],[116.5823,4.3771],[116.6101,4.366],[116.6242,4.3313],[116.6642,4.3459],[116.7055,4.3332],[116.749,4.3819],[116.7863,4.3396],[116.8082,4.3438],[116.8291,4.3264],[116.9105,4.3642],[116.9615,4.3379],[117,4.3396],[117.0182,4.3167],[117.0446,4.3437],[117.1068,4.3331],[117.1507,4.3535],[117.2031,4.3359],[117.248,4.3725],[117.2959,4.3095],[117.3709,4.286],[117.3836,4.2606],[117.4123,4.25],[117.4594,4.1777],[117.534,4.1581],[117.5685,4.1789],[117.5889,4.1742],[117.5218,4.1014],[117.4433,4.1283],[117.4175,4.1131],[117.4248,4.0946],[117.4723,4.0791],[117.4382,4.0138],[117.4637,3.9623],[117.4574,3.9299],[117.4954,3.913],[117.5449,3.9209],[117.6031,3.8752],[117.6742,3.8775],[117.7336,3.8367],[117.7318,3.8155],[117.695,3.8141],[117.6853,3.8029],[117.6986,3.7925],[117.6833,3.7982],[117.651,3.7717],[117.5994,3.7757],[117.5966,3.7973],[117.5313,3.768],[117.491,3.7731],[117.4761,3.7551],[117.4877,3.7226],[117.4243,3.678],[117.4881,3.6721],[117.4943,3.6389],[117.4344,3.6423],[117.4273,3.6251],[117.3802,3.6403],[117.2591,3.6177],[117.1537,3.6442],[117.0818,3.6371],[117.0065,3.5947],[116.9661,3.6031],[116.9731,3.6901],[116.9482,3.7022],[116.9083,3.6723],[116.8901,3.6103],[116.8581,3.6039],[116.827,3.6327],[116.7964,3.5685],[116.7613,3.5897],[116.8003,3.565],[116.8309,3.6199],[116.8645,3.5926],[116.9211,3.6137],[116.916,3.6616],[116.944,3.6914],[116.9573,3.6708],[116.9511,3.6086],[116.972,3.5896],[117.0212,3.5859],[117.1278,3.6207],[117.2204,3.6091],[117.227,3.5917],[117.1932,3.5365],[117.2176,3.4926],[117.2211,3.4433],[117.1883,3.4304],[117.1844,3.4474],[117.1492,3.461],[117.1397,3.4434],[117.1182,3.4623],[117.1385,3.4423],[117.1485,3.4597],[117.1838,3.4449],[117.1576,3.3915],[117.1718,3.4293],[117.2248,3.4429],[117.2253,3.4184],[117.213,3.4195],[117.2231,3.4138],[117.2378,3.432],[117.2236,3.4316],[117.224,3.4888],[117.3225,3.4612],[117.2979,3.4457],[117.3078,3.4107],[117.2845,3.4273],[117.2765,3.3832],[117.2601,3.3894],[117.2774,3.3819],[117.2898,3.4264],[117.3287,3.398],[117.323,3.3606],[117.2925,3.361],[117.3044,3.3086],[117.2944,3.3582],[117.3269,3.36],[117.3333,3.3908],[117.3059,3.4487],[117.3556,3.4486],[117.3691,3.413],[117.4131,3.3913],[117.4102,3.3269],[117.3903,3.3237],[117.3879,3.367],[117.3752,3.3546],[117.3915,3.3425],[117.3881,3.3228],[117.3711,3.2972],[117.3309,3.2963],[117.3674,3.2942],[117.3342,3.2634],[117.3521,3.2735],[117.3518,3.2438],[117.3697,3.2412],[117.3798,3.2676],[117.3961,3.2569],[117.3779,3.2296],[117.3511,3.2304],[117.3314,3.2114],[117.3159,3.2137],[117.306,3.241],[117.2713,3.2435],[117.2814,3.2831],[117.2715,3.2611],[117.2578,3.2876],[117.2638,3.2515],[117.1902,3.264],[117.1904,3.2524],[117.0794,3.3068],[117.1833,3.2451],[117.2626,3.2318],[117.2455,3.2155],[117.2643,3.2291],[117.2776,3.1952],[117.2334,3.1929],[117.198,3.1749],[117.2021,3.1649],[117.3077,3.2068],[117.3182,3.1663],[117.2504,3.1499],[117.265,3.1514],[117.2684,3.1347],[117.2526,3.1221],[117.2696,3.1319],[117.2715,3.1571],[117.2882,3.156],[117.2804,3.1384],[117.2916,3.1342],[117.2908,3.1559],[117.3252,3.1496],[117.3192,3.1607],[117.3442,3.1815],[117.3952,3.1637],[117.3889,3.1389],[117.3576,3.1346],[117.3636,3.1191],[117.3489,3.1387],[117.3329,3.1265],[117.3528,3.1077],[117.3345,3.1271],[117.3492,3.1378],[117.3632,3.1177],[117.3607,3.1362],[117.3892,3.1373],[117.4167,3.1724],[117.4609,3.1418],[117.4652,3.1273],[117.406,3.1149],[117.3846,3.0955],[117.3745,3.1151],[117.3607,3.1111],[117.3633,3.0883],[117.3828,3.0806],[117.3451,3.0714],[117.3783,3.0276],[117.3466,3.0038],[117.3791,3.0265],[117.3673,3.0366],[117.3894,3.0314],[117.3345,2.9165],[117.3185,2.9195],[117.3149,2.9544],[117.2921,2.9533],[117.2793,2.9707],[117.2923,2.9521],[117.3149,2.9532],[117.32,2.917],[117.3437,2.9311],[117.3235,2.8968],[117.3564,2.8382],[117.3564,2.7994],[117.3254,2.8229],[117.3321,2.778],[117.3214,2.7848],[117.3044,2.7532],[117.274,2.7453],[117.2646,2.7651],[117.2579,2.7449],[117.2091,2.7476],[117.2083,2.7775],[117.1939,2.7771],[117.1507,2.7203],[117.0877,2.7635],[117.094,2.7805],[117.0792,2.7979],[117.0441,2.7893],[116.9849,2.8029],[116.9031,2.8513],[116.7921,2.6928],[116.7588,2.6932],[116.794,2.691],[116.9036,2.8491],[116.9843,2.8009],[117.0445,2.7878],[117.0773,2.7969],[117.093,2.7761],[117.086,2.7611],[117.1513,2.7188],[117.177,2.7656],[117.2022,2.7759],[117.2097,2.7453],[117.2321,2.7542],[117.2575,2.7418],[117.2621,2.7631],[117.2717,2.7432],[117.3033,2.7497],[117.3225,2.7818],[117.3349,2.7783],[117.328,2.8206],[117.3532,2.7968],[117.3636,2.816],[117.3845,2.8063],[117.392,2.8171],[117.3758,2.8102],[117.3699,2.8429],[117.3624,2.8322],[117.3732,2.8714],[117.3911,2.8684],[117.3899,2.8508],[117.4122,2.8545],[117.4108,2.8688],[117.4233,2.8566],[117.4495,2.8642],[117.4608,2.8472],[117.4711,2.8604],[117.4975,2.8389],[117.5175,2.8577],[117.5444,2.8407],[117.5557,2.8615],[117.5667,2.8461],[117.5397,2.8254],[117.5414,2.8063],[117.5115,2.8264],[117.4834,2.818],[117.4837,2.8369],[117.4508,2.8325],[117.45,2.8435],[117.4166,2.8146],[117.3937,2.8174],[117.4166,2.8137],[117.4399,2.8417],[117.4758,2.8402],[117.4829,2.8168],[117.5116,2.8252],[117.5414,2.8049],[117.5404,2.8237],[117.5696,2.8434],[117.5829,2.8357],[117.5681,2.7959],[117.5831,2.8334],[117.6134,2.7982],[117.6046,2.785],[117.593,2.8089],[117.6035,2.7815],[117.5832,2.789],[117.5805,2.7732],[117.5945,2.7851],[117.6057,2.7559],[117.5976,2.7804],[117.6277,2.7789],[117.6168,2.7785],[117.6209,2.7603],[117.6179,2.7783],[117.6299,2.7738],[117.6165,2.7952],[117.6355,2.7912],[117.6277,2.7589],[117.6362,2.7914],[117.677,2.7838],[117.652,2.7661],[117.65737603305784,2.754722314049588],[117.6529,2.7658],[117.6855,2.781],[117.7004,2.738],[117.6897,2.7836],[117.7323,2.7695],[117.7443,2.7385],[117.7503,2.7523],[117.7823,2.7485],[117.8035,2.6181],[117.988,2.4341],[117.9587,2.4269],[117.9327,2.3841],[117.9067,2.3979],[117.8638,2.3929],[117.8116,2.3264],[117.7469,2.3268],[117.6128,2.52],[117.572,2.5016],[117.4986,2.523],[117.4008,2.6066],[117.3032,2.6046],[117.2435,2.5766],[117.1122,2.5993],[117.07,2.5907],[117.0237,2.5212],[116.9418,2.5074],[116.8458,2.4606],[116.8226,2.3986],[116.796,2.3789],[116.7328,2.5295],[116.6331,2.4484],[116.6181,2.4171],[116.5646,2.4527],[116.4962,2.4558],[116.4882,2.3974],[116.5058,2.3479],[116.476,2.3166],[116.4759,2.2887],[116.4573,2.2793],[116.417,2.3039],[116.3345,2.2893],[116.2896,2.2352],[116.3502,2.1662],[116.3107,2.122],[116.2925,2.1243],[116.2925,2.1054],[116.2216,2.0951],[116.2298,2.0134],[116.1954,1.9858],[116.1749,1.8973],[116.1857,1.8448],[116.1491,1.7197],[116.1282,1.6625],[116.071,1.6532],[116.0655,1.6293],[116.0359,1.6089],[116.0394,1.557],[116.0098,1.5282],[115.9698,1.5304],[115.9552,1.4924],[115.8557,1.4377],[115.858,1.4071],[115.8357,1.3758],[115.7723,1.3592],[115.7126,1.2657],[115.6212,1.284],[115.4431,1.2314]],[[117.65737603305784,2.754722314049588],[117.65737603305784,2.754722314049588]],[[117.65736300578034,2.754686127167629],[117.65736300578034,2.754686127167629]]],[[[117.5718,3.0863],[117.6071,3.0903],[117.5718,3.0863]]],[[[117.4986,3.0927],[117.5049,3.1034],[117.4986,3.0927]]],[[[117.5374,3.1004],[117.5556,3.0983],[117.5374,3.1004]]],[[[117.4634,3.1151],[117.4783,3.0963],[117.4492,3.0826],[117.4501,3.0995],[117.4327,3.0945],[117.4324,3.0756],[117.4335,3.0931],[117.4525,3.0934],[117.4324,3.046],[117.3966,3.0404],[117.3895,3.0168],[117.3806,3.0565],[117.4071,3.0795],[117.3892,3.0946],[117.4479,3.1225],[117.4634,3.1151]]],[[[117.39,3.0889],[117.4053,3.0791],[117.3828,3.0481],[117.3546,3.0481],[117.3479,3.0767],[117.3628,3.0659],[117.3845,3.0809],[117.3656,3.0892],[117.3642,3.1124],[117.39,3.0889]]],[[[117.5699,3.0892],[117.5554,3.0765],[117.4984,3.0825],[117.5201,3.0978],[117.5699,3.0892]]],[[[117.5024,3.1067],[117.5024,3.1067]]],[[[117.522,3.1011],[117.522,3.1011]]],[[[117.5566,3.103],[117.5566,3.103]]],[[[117.5614,3.1038],[117.589,3.108],[117.5614,3.1038]]],[[[117.5268,3.1141],[117.5268,3.1141]]],[[[117.6161,3.1218],[117.6019,3.1061],[117.5814,3.1199],[117.6161,3.1218]]],[[[117.2191,3.1769],[117.2191,3.1769]]],[[[117.2289,3.1765],[117.2202,3.1818],[117.2362,3.1908],[117.2289,3.1765]]],[[[117.2995,3.2182],[117.2825,3.2055],[117.2704,3.2298],[117.3046,3.232],[117.2995,3.2182]]],[[[117.5228,3.35],[117.5228,3.35]]],[[[117.4157,3.3824],[117.417,3.3618],[117.4157,3.3824]]],[[[117.3278,3.4743],[117.3445,3.4693],[117.3278,3.4743]]],[[[117.3171,3.4834],[117.3317,3.4821],[117.3171,3.4834]]],[[[117.6507,3.5252],[117.6395,3.5266],[117.6614,3.5281],[117.6507,3.5252]]],[[[117.4304,3.4538],[117.4598,3.4392],[117.4304,3.4538]]],[[[117.2919,3.4645],[117.2763,3.4689],[117.2919,3.4645]]],[[[117.398,3.4519],[117.4169,3.4445],[117.398,3.4519]]],[[[117.5284,3.5322],[117.6094,3.5],[117.6144,3.4816],[117.5464,3.4712],[117.5358,3.5015],[117.5297,3.4878],[117.5056,3.5084],[117.4851,3.4977],[117.4622,3.5157],[117.4417,3.5099],[117.4432,3.536],[117.4126,3.5472],[117.5284,3.5322]]],[[[117.8743,3.4675],[117.8658,3.4468],[117.8452,3.4518],[117.771,3.5041],[117.7511,3.5319],[117.7547,3.5611],[117.7985,3.5877],[117.8214,3.5724],[117.8743,3.4675]]],[[[117.2831,3.5716],[117.4,3.548],[117.3899,3.5246],[117.3712,3.5303],[117.3778,3.5107],[117.3633,3.5038],[117.3793,3.5094],[117.3751,3.5293],[117.3977,3.5064],[117.39,3.5218],[117.4067,3.5378],[117.4372,3.5286],[117.4396,3.5044],[117.4703,3.5037],[117.4503,3.4807],[117.4721,3.5011],[117.5085,3.4906],[117.4647,3.4769],[117.4814,3.4886],[117.497,3.4783],[117.498,3.49],[117.5171,3.4797],[117.4851,3.432],[117.3243,3.4914],[117.2296,3.4971],[117.2011,3.5389],[117.2189,3.5719],[117.2779,3.5881],[117.2831,3.5716]]],[[[117.5587,3.5506],[117.5739,3.5483],[117.5587,3.5506]]],[[[117.4079,3.5605],[117.4092,3.5497],[117.4079,3.5605]]],[[[117.8583,3.5762],[117.8494,3.5818],[117.8583,3.5762]]],[[[117.3304,3.5751],[117.3304,3.5751]]],[[[117.6546,3.5598],[117.6567,3.5442],[117.6232,3.5373],[117.535,3.5616],[117.5056,3.5846],[117.5452,3.5744],[117.5696,3.5873],[117.6546,3.5598]]],[[[117.3101,3.5795],[117.3344,3.5823],[117.3101,3.5795]]],[[[117.4128,3.582],[117.4143,3.5652],[117.3934,3.5839],[117.4128,3.582]]],[[[117.371,3.578],[117.3925,3.5847],[117.4026,3.5684],[117.371,3.578]]],[[[117.4626,3.581],[117.4624,3.5914],[117.496,3.5729],[117.4626,3.581]]],[[[117.4595,3.5745],[117.438,3.5616],[117.3915,3.5901],[117.3021,3.5788],[117.2913,3.5971],[117.3938,3.6136],[117.4595,3.5745]]],[[[116.9627,3.6897],[116.9627,3.6897]]],[[[117.4842,3.6794],[117.4286,3.6772],[117.4814,3.7086],[117.4928,3.6975],[117.4842,3.6794]]],[[[117.7842,3.7415],[117.7938,3.7368],[117.7842,3.7415]]],[[[117.7599,3.7468],[117.7494,3.7514],[117.7735,3.744],[117.7599,3.7468]]],[[[116.9746,3.6589],[116.9746,3.6589]]],[[[117.4963,4.0602],[117.4792,4.0479],[117.4963,4.0602]]],[[[117.6582,3.9728],[117.6021,4.0118],[117.59,4.0794],[117.6303,4.1351],[117.6566,4.1472],[117.7525,4.0587],[117.724,3.9898],[117.6735,3.9661],[117.6582,3.9728]]],[[[117.9239,4.1231],[117.9214,4.0594],[117.8578,4.0318],[117.6864,4.1641],[117.901,4.1645],[117.9239,4.1231]]],[[[115.892,4.3925],[115.892,4.3925]]],[[[117.5409,4.1031],[117.5485,4.1363],[117.5891,4.1418],[117.5587,4.1017],[117.5409,4.1031]]],[[[117.6591,3.9433],[117.6395,3.9497],[117.6591,3.9433]]],[[[117.6446,3.9532],[117.655,3.9558],[117.6446,3.9532]]],[[[117.5021,4.0231],[117.4656,4.0248],[117.4627,3.9965],[117.4666,4.0233],[117.5327,4.0302],[117.5723,3.968],[117.5548,3.954],[117.5713,3.9266],[117.5562,3.9545],[117.5777,3.9693],[117.5983,3.934],[117.6293,3.9167],[117.6837,3.9148],[117.6825,3.8869],[117.604,3.8826],[117.5484,3.9261],[117.4959,3.9168],[117.4598,3.9314],[117.4667,3.9606],[117.4443,4.007],[117.4975,4.0534],[117.5231,4.0312],[117.5021,4.0231]]],[[[117.6801,3.7706],[117.8144,3.7209],[117.8262,3.7045],[117.7797,3.6855],[117.764,3.6956],[117.7877,3.7114],[117.7528,3.6966],[117.7759,3.7193],[117.7507,3.6986],[117.7522,3.7315],[117.7373,3.7183],[117.7328,3.7427],[117.6644,3.7719],[117.6801,3.7706]]],[[[117.7931,3.7529],[117.8095,3.753],[117.8135,3.7335],[117.7423,3.7593],[117.7931,3.7529]]],[[[117.7965,3.7581],[117.7817,3.7853],[117.8169,3.7745],[117.8166,3.7577],[117.7965,3.7581]]],[[[117.7494,3.7818],[117.7658,3.7854],[117.7786,3.7684],[117.7352,3.7737],[117.7925,3.7587],[117.7041,3.773],[117.7339,3.7905],[117.7494,3.7818]]],[[[117.6979,3.7829],[117.7035,3.7731],[117.6778,3.7812],[117.6831,3.7976],[117.6979,3.7829]]],[[[117.7393,3.7848],[117.7108,3.7866],[117.7316,3.8109],[117.7783,3.7859],[117.7787,3.7718],[117.7393,3.7848]]],[[[117.7009,3.7882],[117.6858,3.8029],[117.6948,3.8128],[117.7312,3.8115],[117.7125,3.7802],[117.6975,3.7777],[117.7009,3.7882]]],[[[117.7839,3.8368],[117.8207,3.8144],[117.8324,3.7861],[117.7832,3.8145],[117.8108,3.7891],[117.7432,3.8065],[117.7389,3.8401],[117.7113,3.8639],[117.7514,3.8702],[117.7839,3.8368]]],[[[116.9117,3.6184],[116.9208,3.6349],[116.9117,3.6184]]],[[[117.0459,3.6131],[117.0592,3.6181],[117.0404,3.6042],[117.0459,3.6131]]],[[[117.5009,3.6361],[117.5185,3.633],[117.494,3.5974],[117.4297,3.6244],[117.4351,3.6411],[117.5009,3.6361]]],[[[117.3217,3.6175],[117.3715,3.6219],[117.3217,3.6175]]],[[[117.0921,3.6209],[117.1067,3.6204],[117.0921,3.6209]]],[[[117.5386,3.5819],[117.5066,3.594],[117.515,3.6131],[117.548,3.6012],[117.5386,3.5819]]],[[[116.9034,3.6357],[116.9034,3.6357]]],[[[117.7421,3.6958],[117.7589,3.6886],[117.7351,3.6684],[117.7597,3.6896],[117.7688,3.6766],[117.7299,3.6324],[117.7084,3.6667],[117.7293,3.6876],[117.7292,3.7162],[117.7421,3.6958]]],[[[116.9615,3.6393],[116.9686,3.6532],[116.9607,3.6242],[116.9615,3.6393]]],[[[117.5187,3.6507],[117.5213,3.6403],[117.4976,3.6402],[117.4901,3.6666],[117.5187,3.6507]]],[[[117.3726,3.6284],[117.3826,3.6331],[117.3726,3.6284]]],[[[117.385,3.6371],[117.385,3.6371]]],[[[117.6016,3.7724],[117.6505,3.7677],[117.6649,3.7841],[117.6639,3.771],[117.729,3.7409],[117.7044,3.7275],[117.7026,3.742],[117.6609,3.7463],[117.6359,3.7699],[117.6599,3.7455],[117.685,3.7476],[117.6711,3.7349],[117.6854,3.7452],[117.7038,3.7258],[117.7287,3.7277],[117.7288,3.6879],[117.7079,3.6675],[117.7147,3.6319],[117.6654,3.6152],[117.5882,3.6293],[117.4858,3.7168],[117.4782,3.7557],[117.4957,3.7734],[117.5317,3.766],[117.5962,3.7949],[117.6016,3.7724]]],[[[117.2463,3.2437],[117.2578,3.2433],[117.2463,3.2437]]],[[[117.4357,3.2641],[117.4108,3.2481],[117.3798,3.2764],[117.4438,3.2785],[117.4678,3.3047],[117.4684,3.2879],[117.4357,3.2641]]],[[[117.3772,3.2804],[117.3772,3.2804]]],[[[117.3764,3.274],[117.363,3.254],[117.3548,3.2711],[117.3822,3.31],[117.3764,3.274]]],[[[117.5243,3.2925],[117.5158,3.2754],[117.4592,3.2721],[117.4734,3.2943],[117.4624,3.3081],[117.4447,3.2801],[117.3961,3.2763],[117.3826,3.3139],[117.4038,3.3063],[117.4455,3.341],[117.5056,3.3207],[117.5243,3.2925]]],[[[117.5005,3.3917],[117.4974,3.3416],[117.4516,3.3491],[117.4505,3.4046],[117.4943,3.4067],[117.5005,3.3917]]],[[[117.6615,3.347],[117.657,3.2515],[117.6385,3.2379],[117.6097,3.2797],[117.5421,3.3255],[117.5163,3.4002],[117.5506,3.4357],[117.6183,3.4344],[117.6687,3.4032],[117.6615,3.347]]],[[[117.4223,3.3721],[117.4081,3.4001],[117.3692,3.4166],[117.3668,3.441],[117.44,3.4161],[117.4354,3.3491],[117.4172,3.3397],[117.4223,3.3721]]]]}},{"type":"Feature","properties":{"NAME_1":"KepulauanRiau"},"geometry":{"type":"MultiPolygon","coordinates":[[[[105.2535,-1.2951],[105.2535,-1.2951]]],[[[105.246,-1.2778],[105.246,-1.2778]]],[[[105.268,-1.2071],[105.268,-1.2071]]],[[[105.311,-1.1773],[105.311,-1.1773]]],[[[105.3104,-1.1769],[105.3104,-1.1769]]],[[[105.3086,-1.1746],[105.3086,-1.1746]]],[[[105.2885,-1.1599],[105.2885,-1.1599]]],[[[105.6938,-0.9418],[105.6938,-0.931],[105.6938,-0.9418]]],[[[105.8283,-0.8692],[105.838,-0.8648],[105.8283,-0.8692]]],[[[104.4083,-0.8559],[104.4083,-0.8559]]],[[[104.4205,-0.85],[104.4205,-0.85]]],[[[104.9305,-0.7736],[104.9333,-0.7844],[104.9305,-0.7736]]],[[[104.9414,-0.7661],[104.9414,-0.7661]]],[[[105.3165,-1.1699],[105.3165,-1.1699]]],[[[105.3134,-1.1698],[105.3134,-1.1698]]],[[[105.2902,-1.1504],[105.3117,-1.1698],[105.2754,-1.1463],[105.2902,-1.1504]]],[[[104.5034,-0.7036],[104.5034,-0.7036]]],[[[104.4818,-0.7001],[104.4771,-0.7097],[104.4818,-0.7001]]],[[[104.4772,-0.6944],[104.4772,-0.6944]]],[[[104.0277,-0.538],[104.0277,-0.538]]],[[[104.0395,-0.5152],[104.0395,-0.5152]]],[[[104.0413,-0.5037],[104.0413,-0.5037]]],[[[104.038,-0.4992],[104.038,-0.4992]]],[[[104.1997,-0.3935],[104.2293,-0.3935],[104.2232,-0.4297],[104.1963,-0.4239],[104.1894,-0.3941],[104.1997,-0.3935]]],[[[104.1819,-0.3979],[104.1819,-0.3979]]],[[[104.2366,-0.6561],[104.246,-0.6636],[104.2366,-0.6561]]],[[[104.2517,-0.6113],[104.2517,-0.6113]]],[[[104.4676,-0.6862],[104.4653,-0.6969],[104.4676,-0.6862]]],[[[104.4851,-0.6818],[104.4851,-0.6818]]],[[[104.4867,-0.6817],[104.4867,-0.6817]]],[[[104.1237,-0.3068],[104.1237,-0.3068]]],[[[104.1913,-0.3906],[104.1913,-0.3906]]],[[[104.1592,-0.3698],[104.1592,-0.3698]]],[[[104.2668,-0.3825],[104.2668,-0.3825]]],[[[104.1693,-0.3705],[104.1754,-0.3899],[104.1693,-0.3705]]],[[[104.2656,-0.3775],[104.2656,-0.3775]]],[[[104.1804,-0.3878],[104.1804,-0.3878]]],[[[104.2732,-0.3712],[104.2732,-0.3712]]],[[[104.4226,-0.3577],[104.4226,-0.3577]]],[[[104.4192,-0.3576],[104.4192,-0.3576]]],[[[104.2699,-0.3649],[104.2699,-0.3649]]],[[[104.194,-0.3632],[104.2033,-0.3738],[104.2296,-0.3644],[104.2338,-0.3868],[104.1854,-0.3885],[104.1718,-0.3713],[104.194,-0.3632]]],[[[104.1735,-0.3637],[104.1735,-0.3637]]],[[[104.5212,-0.3531],[104.5212,-0.3531]]],[[[104.4256,-0.3574],[104.4256,-0.3574]]],[[[104.2052,-0.3546],[104.2052,-0.3546]]],[[[104.1739,-0.3443],[104.1577,-0.3647],[104.1442,-0.3594],[104.1558,-0.3382],[104.1739,-0.3443]]],[[[104.2698,-0.3473],[104.2583,-0.362],[104.2698,-0.3473]]],[[[104.2568,-0.3468],[104.2568,-0.3468]]],[[[104.2712,-0.3372],[104.2712,-0.3372]]],[[[104.2377,-0.3339],[104.2332,-0.3557],[104.2214,-0.3425],[104.2377,-0.3339]]],[[[104.3867,-0.2958],[104.3867,-0.2958]]],[[[104.3844,-0.2954],[104.3844,-0.2954]]],[[[104.3878,-0.2953],[104.3878,-0.2953]]],[[[104.3771,-0.2768],[104.3771,-0.2768]]],[[[104.3842,-0.2861],[104.3842,-0.2861]]],[[[104.4049,-0.2767],[104.4049,-0.2767]]],[[[104.9119,-0.168],[104.9119,-0.168]]],[[[104.4557,-0.1513],[104.4495,-0.1595],[104.4557,-0.1513]]],[[[104.7773,-0.1878],[104.7773,-0.1878]]],[[[104.9014,-0.1812],[104.9014,-0.1812]]],[[[104.4347,-0.1747],[104.4347,-0.1747]]],[[[104.7949,-0.1787],[104.7949,-0.1787]]],[[[104.741,-0.1462],[104.7507,-0.1574],[104.741,-0.1462]]],[[[104.9265,-0.1352],[104.9265,-0.1352]]],[[[104.9201,-0.128],[104.9113,-0.1382],[104.9201,-0.128]]],[[[104.8229,-0.1268],[104.8229,-0.1268]]],[[[104.7377,-0.1224],[104.7299,-0.0957],[104.7627,-0.149],[104.7377,-0.1224]]],[[[104.8836,-0.0896],[104.8836,-0.0896]]],[[[104.9083,-0.1153],[104.9083,-0.1153]]],[[[104.8013,-0.0966],[104.8013,-0.0966]]],[[[104.8356,-0.0833],[104.8356,-0.0833]]],[[[104.8532,-0.0799],[104.8532,-0.0799]]],[[[104.8318,-0.0525],[104.8436,-0.0715],[104.8318,-0.0525]]],[[[104.6803,-0.0372],[104.6803,-0.0372]]],[[[104.7199,-0.0741],[104.7266,-0.0874],[104.6858,-0.0407],[104.7199,-0.0741]]],[[[104.8487,-0.0448],[104.8772,-0.0801],[104.8333,-0.0391],[104.8487,-0.0448]]],[[[104.8283,-0.0438],[104.8283,-0.0438]]],[[[104.8372,-0.035],[104.8372,-0.035]]],[[[104.6519,-0.0207],[104.6519,-0.0207]]],[[[104.8149,-0.0207],[104.8149,-0.0207]]],[[[104.8301,-0.0166],[104.8301,-0.0166]]],[[[104.8321,-0.0133],[104.8321,-0.0133]]],[[[104.528,-0.0098],[104.528,-0.0098]]],[[[104.6559,-0.0068],[104.6559,-0.0068]]],[[[104.666,-0.0187],[104.6738,-0.0289],[104.666,-0.0187]]],[[[104.8181,-0.0236],[104.8181,-0.0236]]],[[[105.0003,-0.289],[105.0003,-0.289]]],[[[104.6499,-0.2832],[104.6499,-0.2832]]],[[[104.656,-0.2723],[104.656,-0.2723]]],[[[104.4537,-0.2671],[104.4537,-0.2671]]],[[[104.5914,-0.2604],[104.5914,-0.2604]]],[[[104.557,-0.2557],[104.557,-0.2557]]],[[[104.5858,-0.2543],[104.5858,-0.2543]]],[[[104.557,-0.2533],[104.557,-0.2533]]],[[[104.5725,-0.2492],[104.5725,-0.2492]]],[[[104.4493,-0.2462],[104.4493,-0.2462]]],[[[104.5826,-0.2441],[104.5826,-0.2441]]],[[[104.4359,-0.2398],[104.4359,-0.2398]]],[[[104.7914,-0.1936],[104.7914,-0.1936]]],[[[104.4649,-0.2465],[104.4649,-0.2465]]],[[[104.4664,-0.2688],[104.4664,-0.2688]]],[[[104.6363,-0.2734],[104.6363,-0.2734]]],[[[104.5419,-0.2676],[104.5419,-0.2676]]],[[[104.4626,-0.269],[104.4626,-0.269]]],[[[104.5002,-0.2684],[104.5002,-0.2684]]],[[[104.4685,-0.2667],[104.4685,-0.2667]]],[[[104.4929,-0.2673],[104.4929,-0.2673]]],[[[104.4975,-0.2662],[104.4975,-0.2662]]],[[[104.9884,-0.3329],[104.9884,-0.3329]]],[[[104.491,-0.3295],[104.491,-0.3295]]],[[[104.9986,-0.3192],[104.9844,-0.3214],[104.9986,-0.3192]]],[[[104.4871,-0.3179],[104.4871,-0.3179]]],[[[104.971,-0.3089],[104.971,-0.3089]]],[[[104.8274,-0.3081],[104.8274,-0.3081]]],[[[104.8642,-0.3168],[104.8642,-0.3168]]],[[[104.488,-0.3253],[104.488,-0.3253]]],[[[104.4914,-0.326],[104.4914,-0.326]]],[[[104.4636,-0.3242],[104.4636,-0.3242]]],[[[104.5629,-0.5039],[104.5168,-0.574],[104.5046,-0.6433],[104.4744,-0.6371],[104.4311,-0.5833],[104.3973,-0.6016],[104.3891,-0.667],[104.3657,-0.6838],[104.3417,-0.6555],[104.3198,-0.5376],[104.2444,-0.4854],[104.2598,-0.4754],[104.2773,-0.3962],[104.3115,-0.3887],[104.3243,-0.3396],[104.3376,-0.3881],[104.3104,-0.4174],[104.3461,-0.4463],[104.3472,-0.3874],[104.3611,-0.4068],[104.3986,-0.4081],[104.432,-0.381],[104.4251,-0.3637],[104.4409,-0.3395],[104.4794,-0.335],[104.4944,-0.3563],[104.5391,-0.371],[104.5731,-0.4439],[104.6022,-0.468],[104.591,-0.4957],[104.5629,-0.5039]]],[[[104.9262,-0.3389],[104.9262,-0.3389]]],[[[104.5097,-0.3366],[104.5097,-0.3366]]],[[[104.41,-0.3141],[104.386,-0.2981],[104.4052,-0.2803],[104.4762,-0.278],[104.4919,-0.3056],[104.4777,-0.3197],[104.4628,-0.3115],[104.4602,-0.3289],[104.41,-0.3141]]],[[[104.752,0.0776],[104.7398,0.0866],[104.752,0.0776]]],[[[104.7397,0.0907],[104.7397,0.0907]]],[[[104.2332,0.1316],[104.222,0.1353],[104.2332,0.1316]]],[[[104.618,0.078],[104.618,0.078]]],[[[104.5344,0.077],[104.5344,0.077]]],[[[104.6235,0.0804],[104.6235,0.0804]]],[[[104.6239,0.0825],[104.6239,0.0825]]],[[[104.4843,0.09],[104.4997,0.0719],[104.4843,0.09]]],[[[104.5343,0.0959],[104.5616,0.0724],[104.5343,0.0959]]],[[[104.6477,0.0465],[104.6592,0.0324],[104.6477,0.0465]]],[[[104.5149,0.0439],[104.5149,0.0439]]],[[[104.5364,0.0455],[104.5442,0.0326],[104.5215,0.0507],[104.5364,0.0455]]],[[[104.4904,0.0476],[104.4904,0.0476]]],[[[104.5015,0.0493],[104.4973,0.0641],[104.5015,0.0493]]],[[[104.5102,0.0696],[104.5224,0.0532],[104.5102,0.0696]]],[[[104.7379,0.097],[104.7379,0.097]]],[[[104.5179,0.0942],[104.5179,0.0942]]],[[[104.7065,0.1272],[104.7065,0.1272]]],[[[104.4123,0.1185],[104.4123,0.1185]]],[[[104.5013,0.1087],[104.5013,0.1087]]],[[[104.4791,0.0972],[104.4479,0.1383],[104.4791,0.0972]]],[[[104.5034,0.1053],[104.5034,0.1053]]],[[[104.526,0.1034],[104.526,0.1034]]],[[[104.5392,0.1063],[104.5392,0.1063]]],[[[104.4954,0.1199],[104.4954,0.1199]]],[[[104.4978,0.1198],[104.4978,0.1198]]],[[[104.4878,0.1213],[104.4878,0.1213]]],[[[104.5177,0.124],[104.515,0.1091],[104.4891,0.1424],[104.5177,0.124]]],[[[104.4826,0.1311],[104.4826,0.1311]]],[[[104.5161,0.131],[104.5161,0.131]]],[[[104.5479,0.1374],[104.5479,0.1374]]],[[[104.5262,0.1373],[104.5262,0.1373]]],[[[104.4467,0.1331],[104.4467,0.1331]]],[[[104.4753,0.1346],[104.4753,0.1346]]],[[[104.4854,0.1418],[104.4854,0.1418]]],[[[104.4472,0.1406],[104.4472,0.1406]]],[[[104.4416,0.14],[104.4416,0.14]]],[[[104.1954,0.1551],[104.1785,0.179],[104.1954,0.1551]]],[[[104.2029,0.1491],[104.2029,0.1491]]],[[[104.3364,0.1073],[104.3133,0.1333],[104.2993,0.1281],[104.2904,0.1758],[104.3369,0.1293],[104.3364,0.1073]]],[[[104.3727,0.165],[104.3947,0.114],[104.346,0.1861],[104.3727,0.165]]],[[[104.4846,0.1486],[104.4846,0.1486]]],[[[104.4718,0.1568],[104.4718,0.1568]]],[[[104.4691,0.1497],[104.4691,0.1497]]],[[[104.4258,0.1595],[104.4426,0.1468],[104.4258,0.1595]]],[[[104.4594,0.1514],[104.4516,0.1617],[104.4594,0.1514]]],[[[104.4985,0.1663],[104.4985,0.1663]]],[[[104.2911,0.1492],[104.273,0.1688],[104.2911,0.1492]]],[[[104.4644,0.1615],[104.4789,0.162],[104.4644,0.1615]]],[[[104.3846,0.1644],[104.3846,0.1644]]],[[[104.4895,0.1664],[104.4895,0.1664]]],[[[104.3711,0.1655],[104.3711,0.1655]]],[[[104.4879,0.1671],[104.4879,0.1671]]],[[[104.4916,0.1668],[104.4916,0.1668]]],[[[104.482,0.1611],[104.4773,0.1728],[104.482,0.1611]]],[[[104.4889,0.1669],[104.4889,0.1669]]],[[[104.256,0.1691],[104.256,0.1691]]],[[[104.367,0.1704],[104.367,0.1704]]],[[[104.3861,0.167],[104.3861,0.167]]],[[[104.4609,0.1688],[104.4609,0.1688]]],[[[104.4519,0.1708],[104.4519,0.1708]]],[[[104.2406,0.1815],[104.2297,0.1554],[104.2007,0.1667],[104.2293,0.2007],[104.2406,0.1815]]],[[[104.2641,0.1741],[104.2641,0.1741]]],[[[104.2682,0.1731],[104.2682,0.1731]]],[[[104.3634,0.1738],[104.3634,0.1738]]],[[[104.3821,0.1732],[104.3821,0.1732]]],[[[104.457,0.17],[104.457,0.17]]],[[[104.4631,0.1718],[104.4631,0.1718]]],[[[104.4685,0.173],[104.4685,0.173]]],[[[104.4851,0.2098],[104.4851,0.2098]]],[[[104.3798,0.2031],[104.3798,0.2031]]],[[[104.3819,0.2083],[104.3819,0.2083]]],[[[104.3746,0.2079],[104.3746,0.2079]]],[[[104.3767,0.1803],[104.3767,0.1803]]],[[[104.486,0.1754],[104.4961,0.1688],[104.486,0.1754]]],[[[104.2512,0.1758],[104.2512,0.1758]]],[[[104.4052,0.1836],[104.4194,0.1635],[104.4052,0.1836]]],[[[104.4718,0.1722],[104.4718,0.1722]]],[[[104.3853,0.177],[104.3853,0.177]]],[[[104.2671,0.183],[104.2671,0.183]]],[[[104.405,0.18],[104.405,0.18]]],[[[104.2581,0.187],[104.2581,0.187]]],[[[104.2841,0.1822],[104.2841,0.1822]]],[[[104.2564,0.1915],[104.2564,0.1915]]],[[[104.3941,0.194],[104.3941,0.194]]],[[[104.3894,0.1991],[104.3894,0.1991]]],[[[104.483,0.1793],[104.483,0.1793]]],[[[104.4521,0.1819],[104.4521,0.1819]]],[[[104.3569,0.1814],[104.3569,0.1814]]],[[[104.4488,0.1864],[104.4488,0.1864]]],[[[104.3713,0.1899],[104.3713,0.1899]]],[[[104.3727,0.1913],[104.3727,0.1913]]],[[[104.3687,0.188],[104.3687,0.188]]],[[[104.3656,0.1863],[104.3656,0.1863]]],[[[104.3776,0.1897],[104.3776,0.1897]]],[[[104.3665,0.1905],[104.3665,0.1905]]],[[[104.4666,0.1909],[104.4666,0.1909]]],[[[104.3689,0.1916],[104.3689,0.1916]]],[[[104.3337,0.2058],[104.3424,0.1763],[104.3337,0.2058]]],[[[104.3453,0.1926],[104.3423,0.2032],[104.3453,0.1926]]],[[[104.5287,-0.003],[104.5287,-0.003]]],[[[104.5487,-0.2567],[104.518,-0.275],[104.4981,-0.2414],[104.4478,-0.2457],[104.4243,-0.2232],[104.4272,-0.1834],[104.4757,-0.1573],[104.4704,-0.1361],[104.5052,-0.1305],[104.4983,-0.0032],[104.5482,-0.0276],[104.5361,-0.0111],[104.5548,0.0038],[104.5496,0.0313],[104.6546,-0.0525],[104.6696,-0.081],[104.6281,-0.0764],[104.6343,-0.1],[104.6683,-0.1171],[104.6615,-0.0926],[104.6841,-0.0844],[104.7341,-0.1409],[104.7573,-0.1956],[104.8211,-0.2011],[104.8137,-0.1547],[104.8282,-0.1341],[104.8967,-0.2296],[104.9538,-0.275],[104.9981,-0.2789],[105.0013,-0.3044],[104.9163,-0.2779],[104.8999,-0.2973],[104.9292,-0.3245],[104.9169,-0.3369],[104.8654,-0.3135],[104.8494,-0.3228],[104.8246,-0.2916],[104.7894,-0.2793],[104.7898,-0.2625],[104.7572,-0.2572],[104.7529,-0.2337],[104.6995,-0.2047],[104.648,-0.2173],[104.5991,-0.2513],[104.5691,-0.2393],[104.5487,-0.2567]]],[[[104.4899,-0.0057],[104.4899,-0.0057]]],[[[104.5361,-0.0066],[104.5361,-0.0066]]],[[[104.5089,-0.0035],[104.5043,0.0077],[104.5089,-0.0035]]],[[[104.5446,0.0033],[104.5446,0.0033]]],[[[104.7762,0.0343],[104.7347,0.0425],[104.7657,0.0457],[104.7673,0.0637],[104.7762,0.0343]]],[[[104.5416,0.0209],[104.5416,0.0209]]],[[[104.5168,0.0249],[104.5168,0.0249]]],[[[104.6136,0.0305],[104.6136,0.0305]]],[[[104.522,0.0344],[104.5108,0.0329],[104.522,0.0344]]],[[[104.5241,0.0282],[104.5241,0.0282]]],[[[104.5443,0.023],[104.5443,0.023]]],[[[104.5397,0.0145],[104.5233,-0.0009],[104.5136,0.0134],[104.5321,0.0259],[104.5397,0.0145]]],[[[104.5217,0.0259],[104.5217,0.0259]]],[[[104.5101,0.039],[104.4982,0.026],[104.4902,0.0349],[104.5142,0.0505],[104.5101,0.039]]],[[[104.4753,0.0898],[104.4934,0.0699],[104.4879,0.0453],[104.4612,0.0619],[104.4949,0.0144],[104.4668,0.0261],[104.378,0.1238],[104.432,0.0891],[104.4026,0.1308],[104.4007,0.1612],[104.4753,0.0898]]],[[[104.5112,0.2545],[104.5112,0.2545]]],[[[104.3234,0.2533],[104.3234,0.2533]]],[[[104.4566,0.2564],[104.4566,0.2564]]],[[[104.5029,0.2595],[104.4888,0.2665],[104.5029,0.2595]]],[[[104.3407,0.2602],[104.3407,0.2602]]],[[[104.4442,0.2502],[104.4442,0.2502]]],[[[104.4387,0.252],[104.4387,0.252]]],[[[104.4335,0.2527],[104.4335,0.2527]]],[[[104.3334,0.2485],[104.3334,0.2485]]],[[[104.4405,0.2498],[104.4405,0.2498]]],[[[104.5006,0.2543],[104.5006,0.2543]]],[[[104.5113,0.2501],[104.5012,0.2562],[104.5113,0.2501]]],[[[104.3031,0.2657],[104.3031,0.2657]]],[[[104.4831,0.2726],[104.4831,0.2726]]],[[[104.3049,0.2635],[104.3049,0.2635]]],[[[104.3194,0.2565],[104.3076,0.2624],[104.3194,0.2565]]],[[[104.3644,0.2585],[104.3644,0.2585]]],[[[104.4545,0.2603],[104.4545,0.2603]]],[[[104.4488,0.262],[104.4488,0.262]]],[[[104.3571,0.2649],[104.3571,0.2649]]],[[[104.4886,0.2638],[104.4886,0.2638]]],[[[104.3782,0.2683],[104.3728,0.2554],[104.3782,0.2683]]],[[[104.4511,0.263],[104.4511,0.263]]],[[[104.487,0.2686],[104.487,0.2686]]],[[[104.4494,0.2648],[104.4494,0.2648]]],[[[104.434,0.266],[104.434,0.266]]],[[[104.484,0.2703],[104.484,0.2703]]],[[[104.4824,0.2713],[104.4824,0.2713]]],[[[104.3358,0.2661],[104.3358,0.2661]]],[[[104.4337,0.2683],[104.4337,0.2683]]],[[[104.4309,0.2679],[104.4309,0.2679]]],[[[104.3347,0.2689],[104.3347,0.2689]]],[[[104.4077,0.2688],[104.4077,0.2688]]],[[[104.4309,0.2689],[104.4309,0.2689]]],[[[104.4491,0.2709],[104.4491,0.2709]]],[[[104.5617,0.3479],[104.5563,0.3342],[104.5617,0.3479]]],[[[104.5466,0.345],[104.5466,0.345]]],[[[104.3005,0.3488],[104.3005,0.3488]]],[[[104.5454,0.353],[104.5454,0.353]]],[[[104.3039,0.3507],[104.3039,0.3507]]],[[[104.4374,0.3002],[104.4374,0.3002]]],[[[104.444,0.3049],[104.444,0.3049]]],[[[104.4349,0.3046],[104.4349,0.3046]]],[[[104.3078,0.3052],[104.3078,0.3052]]],[[[104.4298,0.3038],[104.4298,0.3038]]],[[[104.4139,0.306],[104.4139,0.306]]],[[[104.3741,0.306],[104.3741,0.306]]],[[[104.4266,0.2916],[104.4266,0.2916]]],[[[104.4099,0.2929],[104.4099,0.2929]]],[[[104.4461,0.3098],[104.4461,0.3098]]],[[[104.4444,0.3113],[104.4444,0.3113]]],[[[104.4287,0.3251],[104.4287,0.3251]]],[[[104.3194,0.3176],[104.3018,0.3094],[104.3025,0.3463],[104.3209,0.3385],[104.3194,0.3176]]],[[[104.2788,0.3691],[104.2788,0.3691]]],[[[104.2765,0.3714],[104.2765,0.3714]]],[[[104.2578,0.3748],[104.2578,0.3748]]],[[[104.2748,0.3719],[104.2748,0.3719]]],[[[104.2799,0.3736],[104.2799,0.3736]]],[[[104.4514,0.383],[104.4514,0.383]]],[[[104.4235,0.4405],[104.4235,0.4405]]],[[[104.3741,0.4466],[104.3741,0.4466]]],[[[104.4331,0.4452],[104.4331,0.4452]]],[[[104.4209,0.4495],[104.4209,0.4495]]],[[[104.3709,0.4493],[104.3709,0.4493]]],[[[104.3775,0.4495],[104.3775,0.4495]]],[[[104.2997,0.3906],[104.2997,0.3906]]],[[[104.4394,0.3933],[104.4394,0.3933]]],[[[104.3706,0.3917],[104.3706,0.3917]]],[[[104.5654,0.4058],[104.5654,0.4058]]],[[[104.2648,0.415],[104.2648,0.415]]],[[[104.4418,0.4025],[104.4567,0.3896],[104.4418,0.4025]]],[[[104.3633,0.4034],[104.3633,0.4034]]],[[[104.4096,0.4245],[104.4096,0.4245]]],[[[104.4012,0.4313],[104.4012,0.4313]]],[[[104.2814,0.3663],[104.2814,0.3663]]],[[[104.2849,0.363],[104.2849,0.363]]],[[[104.2843,0.3634],[104.2843,0.3634]]],[[[104.4752,0.3609],[104.4906,0.3462],[104.4599,0.3486],[104.4752,0.3609]]],[[[104.4781,0.3627],[104.4684,0.372],[104.4781,0.3627]]],[[[104.4265,0.3686],[104.4265,0.3686]]],[[[104.4677,0.3708],[104.4677,0.3708]]],[[[104.3236,0.3754],[104.3236,0.3754]]],[[[104.4696,0.3825],[104.4876,0.3664],[104.4696,0.3825]]],[[[104.3138,0.3789],[104.3138,0.3789]]],[[[104.4261,0.3755],[104.4261,0.3755]]],[[[104.4333,0.3815],[104.4091,0.3786],[104.4333,0.3815]]],[[[104.5173,0.4285],[104.5624,0.412],[104.5293,0.4052],[104.5333,0.3608],[104.5173,0.4285]]],[[[104.4024,0.2823],[104.4024,0.2823]]],[[[104.4601,0.2832],[104.4601,0.2832]]],[[[104.409,0.2833],[104.409,0.2833]]],[[[104.4312,0.2824],[104.4177,0.283],[104.4312,0.2824]]],[[[104.4482,0.2753],[104.4482,0.2753]]],[[[104.4484,0.2761],[104.4484,0.2761]]],[[[104.4243,0.2743],[104.4243,0.2743]]],[[[104.4289,0.2763],[104.4289,0.2763]]],[[[104.3898,0.2778],[104.3898,0.2778]]],[[[104.4258,0.278],[104.4258,0.278]]],[[[104.4156,0.2768],[104.4156,0.2768]]],[[[104.3922,0.2798],[104.3922,0.2798]]],[[[104.358,0.2722],[104.3662,0.2605],[104.358,0.2722]]],[[[104.3971,0.2768],[104.3971,0.2768]]],[[[104.3421,0.2755],[104.3481,0.2671],[104.3271,0.282],[104.3421,0.2755]]],[[[104.3835,0.2849],[104.3835,0.2849]]],[[[104.4014,0.2843],[104.4014,0.2843]]],[[[104.3431,0.289],[104.3435,0.2765],[104.3299,0.29],[104.3431,0.289]]],[[[104.3951,0.2895],[104.3951,0.2895]]],[[[104.4228,0.2959],[104.4127,0.2878],[104.4228,0.2959]]],[[[104.4062,0.2858],[104.4062,0.2858]]],[[[104.355,0.3095],[104.3866,0.274],[104.3548,0.2788],[104.3254,0.3273],[104.355,0.3095]]],[[[104.3358,0.3716],[104.4245,0.3271],[104.4342,0.3074],[104.3974,0.3154],[104.4208,0.2988],[104.3929,0.288],[104.3899,0.3095],[104.3827,0.2967],[104.3757,0.3182],[104.3503,0.3185],[104.338,0.339],[104.3546,0.3447],[104.3358,0.3716]]],[[[104.445,0.4629],[104.445,0.4629]]],[[[104.3953,0.4621],[104.3953,0.4621]]],[[[104.3823,0.4601],[104.3823,0.4601]]],[[[104.383,0.4621],[104.383,0.4621]]],[[[104.3,0.4644],[104.3,0.4644]]],[[[104.3016,0.463],[104.3016,0.463]]],[[[104.4066,0.4655],[104.4066,0.4655]]],[[[104.3904,0.4617],[104.3904,0.4617]]],[[[104.3951,0.4625],[104.3951,0.4625]]],[[[104.3925,0.464],[104.3925,0.464]]],[[[104.3915,0.4641],[104.3915,0.4641]]],[[[104.3807,0.4643],[104.3807,0.4643]]],[[[104.3058,0.4659],[104.3058,0.4659]]],[[[104.3655,0.4676],[104.3655,0.4676]]],[[[107.3889,0.5128],[107.4144,0.5196],[107.3889,0.5128]]],[[[107.1491,0.5153],[107.1491,0.5153]]],[[[107.3872,0.5282],[107.3769,0.5239],[107.3872,0.5282]]],[[[107.1513,0.5188],[107.1513,0.5188]]],[[[104.2498,0.5055],[104.2498,0.5055]]],[[[104.2482,0.5072],[104.2482,0.5072]]],[[[104.2911,0.5118],[104.2911,0.5118]]],[[[103.6229,0.5163],[103.6335,0.5112],[103.6229,0.5163]]],[[[104.2368,0.5228],[104.2368,0.5228]]],[[[104.2364,0.5247],[104.2364,0.5247]]],[[[104.3032,0.5309],[104.3032,0.5309]]],[[[104.2514,0.537],[104.2514,0.537]]],[[[104.2515,0.5397],[104.2515,0.5397]]],[[[104.2479,0.543],[104.2479,0.543]]],[[[104.196,0.5436],[104.196,0.5436]]],[[[103.5679,0.5358],[103.5679,0.5358]]],[[[103.5712,0.5372],[103.5712,0.5372]]],[[[103.6369,0.5264],[103.6343,0.5151],[103.6202,0.5258],[103.6369,0.5264]]],[[[103.6196,0.5345],[103.6196,0.5345]]],[[[103.5699,0.5405],[103.5699,0.5405]]],[[[104.2484,0.541],[104.2484,0.541]]],[[[104.2776,0.4765],[104.2776,0.4765]]],[[[104.3708,0.4726],[104.3708,0.4726]]],[[[103.6272,0.4798],[103.6272,0.4798]]],[[[104.2749,0.4817],[104.2749,0.4817]]],[[[103.6202,0.4925],[103.6202,0.4925]]],[[[103.632,0.4962],[103.6255,0.4842],[103.632,0.4962]]],[[[104.3583,0.4932],[104.3583,0.4932]]],[[[104.2674,0.4982],[104.2745,0.4842],[104.2568,0.5011],[104.2674,0.4982]]],[[[104.2764,0.4786],[104.2764,0.4786]]],[[[104.38,0.4775],[104.38,0.4775]]],[[[104.387,0.4962],[104.3716,0.4803],[104.387,0.4962]]],[[[104.2758,0.4797],[104.2758,0.4797]]],[[[104.4108,0.4717],[104.4266,0.4592],[104.3973,0.4733],[104.4108,0.4717]]],[[[104.4139,0.5084],[104.4136,0.4941],[104.4139,0.5084]]],[[[103.6394,0.5041],[103.6394,0.5041]]],[[[104.3581,0.4953],[104.3581,0.4953]]],[[[104.357,0.4999],[104.357,0.4999]]],[[[104.2557,0.5021],[104.2557,0.5021]]],[[[104.2865,0.5238],[104.2957,0.475],[104.2865,0.5238]]],[[[107.1913,0.5679],[107.1913,0.5679]]],[[[107.1848,0.5678],[107.1848,0.5678]]],[[[107.1747,0.5812],[107.1747,0.5812]]],[[[107.1068,0.5803],[107.1068,0.5803]]],[[[107.1358,0.581],[107.1237,0.5815],[107.1358,0.581]]],[[[107.0326,0.5773],[107.0326,0.5773]]],[[[104.1798,0.5833],[104.1798,0.5833]]],[[[103.5665,0.5856],[103.5665,0.5856]]],[[[103.6402,0.5863],[103.6402,0.5863]]],[[[103.5632,0.5907],[103.5632,0.5907]]],[[[103.5697,0.59],[103.5697,0.59]]],[[[103.5531,0.55],[103.5531,0.55]]],[[[103.5534,0.5536],[103.5534,0.5536]]],[[[103.5727,0.5627],[103.5727,0.5627]]],[[[104.2298,0.5691],[104.2298,0.5691]]],[[[104.205,0.5711],[104.205,0.5711]]],[[[104.2107,0.5699],[104.2107,0.5699]]],[[[103.6559,0.5603],[103.6559,0.5603]]],[[[103.6299,0.5652],[103.6299,0.5652]]],[[[104.2102,0.5632],[104.2102,0.5632]]],[[[103.645,0.574],[103.645,0.574]]],[[[103.776,0.5749],[103.776,0.5749]]],[[[103.5147,0.6093],[103.5147,0.6093]]],[[[103.5313,0.5825],[103.5304,0.5989],[103.5313,0.5825]]],[[[103.6371,0.5917],[103.6371,0.5917]]],[[[106.9778,0.5946],[106.9778,0.5946]]],[[[107.0961,0.6055],[107.0798,0.5995],[107.0961,0.6055]]],[[[104.0993,0.5993],[104.0993,0.5993]]],[[[104.101,0.5966],[104.101,0.5966]]],[[[104.3074,0.5976],[104.3074,0.5976]]],[[[103.6621,0.5964],[103.6621,0.5964]]],[[[104.0984,0.6021],[104.0984,0.6021]]],[[[103.5658,0.604],[103.5658,0.604]]],[[[104.1036,0.6083],[104.1036,0.6083]]],[[[106.9923,0.6064],[106.9923,0.6064]]],[[[106.9797,0.6095],[106.9881,0.6019],[106.9797,0.6095]]],[[[104.0779,0.6036],[104.0779,0.6036]]],[[[104.0978,0.604],[104.0978,0.604]]],[[[103.7016,0.6063],[103.7016,0.6063]]],[[[103.5686,0.5466],[103.5578,0.5402],[103.5686,0.5466]]],[[[103.6233,0.538],[103.6254,0.5486],[103.6233,0.538]]],[[[103.7733,0.5538],[103.7807,0.5394],[103.7733,0.5538]]],[[[104.2258,0.5557],[104.2389,0.5308],[104.2226,0.5352],[104.2258,0.5557]]],[[[103.6166,0.5117],[103.6197,0.4955],[103.5985,0.4904],[103.5763,0.5581],[103.6166,0.5117]]],[[[106.9758,0.5552],[106.9758,0.5552]]],[[[103.6583,0.5569],[103.6583,0.5569]]],[[[104.241,0.5553],[104.241,0.5553]]],[[[104.2131,0.567],[104.2114,0.5564],[104.2131,0.567]]],[[[103.661,0.5686],[103.6605,0.5524],[103.661,0.5686]]],[[[104.1998,0.6068],[104.2299,0.5701],[104.1928,0.5704],[104.1948,0.545],[104.1852,0.5882],[104.1998,0.6068]]],[[[104.3737,0.4547],[104.3737,0.4547]]],[[[104.4103,0.4433],[104.3903,0.4438],[104.4179,0.452],[104.4103,0.4433]]],[[[104.3883,0.4438],[104.3805,0.4352],[104.3819,0.4556],[104.3883,0.4438]]],[[[104.4048,0.4555],[104.4048,0.4555]]],[[[104.3661,0.4535],[104.3661,0.4535]]],[[[104.4535,0.4782],[104.4621,0.4543],[104.4375,0.4846],[104.4535,0.4782]]],[[[104.3185,0.2146],[104.3185,0.2146]]],[[[104.3195,0.2135],[104.3195,0.2135]]],[[[104.3293,0.2138],[104.3244,0.2227],[104.3293,0.2138]]],[[[104.3923,0.2121],[104.3923,0.2121]]],[[[104.4158,0.2146],[104.4158,0.2146]]],[[[104.4828,0.219],[104.5047,0.1969],[104.4828,0.219]]],[[[104.5459,0.1412],[104.57,0.1424],[104.5453,0.1682],[104.5495,0.1543],[104.5363,0.1516],[104.5061,0.1908],[104.5292,0.1886],[104.4786,0.2423],[104.53,0.2135],[104.5128,0.247],[104.5252,0.239],[104.6637,0.0738],[104.7035,0.0479],[104.7015,0.0182],[104.6214,0.0752],[104.6346,0.0783],[104.6262,0.0983],[104.6211,0.0876],[104.6031,0.1014],[104.6184,0.081],[104.6034,0.082],[104.5459,0.1412]]],[[[104.3736,0.214],[104.3596,0.2244],[104.3736,0.214]]],[[[104.3897,0.2176],[104.3897,0.2176]]],[[[104.4768,0.2258],[104.4768,0.2258]]],[[[104.5175,0.2327],[104.5175,0.2327]]],[[[104.3286,0.2471],[104.3286,0.2471]]],[[[104.3531,0.239],[104.3531,0.239]]],[[[104.4677,0.2251],[104.4595,0.2312],[104.4677,0.2251]]],[[[104.448,0.2461],[104.4742,0.2278],[104.448,0.2461]]],[[[104.4806,0.2505],[104.4806,0.2505]]],[[[104.449,0.2493],[104.449,0.2493]]],[[[104.4395,0.2489],[104.4395,0.2489]]],[[[104.3709,0.7377],[104.3709,0.7377]]],[[[103.7279,0.7398],[103.7279,0.7398]]],[[[104.1819,0.7388],[104.1819,0.7388]]],[[[104.1813,0.7395],[104.1813,0.7395]]],[[[103.582,0.7456],[103.582,0.7456]]],[[[103.7203,0.7408],[103.7203,0.7408]]],[[[104.5883,0.747],[104.5883,0.747]]],[[[104.1788,0.7419],[104.1788,0.7419]]],[[[103.9519,0.7487],[103.9519,0.7487]]],[[[103.8552,0.7492],[103.8552,0.7492]]],[[[104.7993,0.7537],[104.7993,0.7537]]],[[[103.5285,0.7792],[103.5285,0.7792]]],[[[103.5531,0.7542],[103.5531,0.7542]]],[[[104.7009,0.7622],[104.7155,0.7445],[104.697,0.7374],[104.6891,0.7601],[104.7009,0.7622]]],[[[104.4832,0.7547],[104.4832,0.7547]]],[[[104.3114,0.7624],[104.3566,0.7403],[104.2987,0.7561],[104.3114,0.7624]]],[[[103.9762,0.751],[103.963,0.748],[103.9762,0.751]]],[[[103.9414,0.7488],[103.9414,0.7488]]],[[[103.7385,0.7548],[103.7195,0.7547],[103.7385,0.7548]]],[[[103.86,0.7599],[103.86,0.7599]]],[[[103.5523,0.7658],[103.5523,0.7658]]],[[[104.6766,0.7711],[104.6766,0.7711]]],[[[103.8477,0.7717],[103.8477,0.7717]]],[[[103.6295,0.76],[103.6295,0.76]]],[[[104.6477,0.7665],[104.6477,0.7665]]],[[[103.9784,0.7649],[103.9784,0.7649]]],[[[103.8567,0.7615],[103.8567,0.7615]]],[[[103.6896,0.7603],[103.6896,0.7603]]],[[[103.6764,0.7583],[103.6785,0.7684],[103.6764,0.7583]]],[[[103.6632,0.7661],[103.6632,0.7661]]],[[[103.8541,0.7688],[103.8541,0.7688]]],[[[104.4471,0.7708],[104.4471,0.7708]]],[[[104.4451,0.7696],[104.4451,0.7696]]],[[[103.9609,0.7644],[103.9509,0.7638],[103.963,0.7778],[103.9609,0.7644]]],[[[104.2855,0.7714],[104.2855,0.7714]]],[[[104.284,0.7722],[104.284,0.7722]]],[[[104.4364,0.773],[104.4364,0.773]]],[[[104.1839,0.778],[104.1839,0.778]]],[[[104.4337,0.7738],[104.4337,0.7738]]],[[[104.1786,0.7808],[104.1786,0.7808]]],[[[104.8159,0.7883],[104.8159,0.7883]]],[[[104.7011,0.7943],[104.7466,0.7876],[104.7508,0.754],[104.6919,0.7694],[104.6855,0.7811],[104.7011,0.7943]]],[[[104.5159,0.7559],[104.5095,0.744],[104.5102,0.7748],[104.5445,0.7969],[104.5864,0.7843],[104.5159,0.7559]]],[[[104.5981,0.793],[104.6367,0.7841],[104.5833,0.7523],[104.5867,0.7915],[104.5981,0.793]]],[[[103.5439,0.7945],[103.5547,0.7776],[103.5423,0.7552],[103.5306,0.7766],[103.5439,0.7945]]],[[[104.5167,0.781],[104.5167,0.781]]],[[[103.7698,0.7826],[103.7698,0.7826]]],[[[103.8699,0.7771],[103.8596,0.7916],[103.8699,0.7771]]],[[[103.5346,0.8023],[103.5346,0.8023]]],[[[103.7131,0.7967],[103.7131,0.7967]]],[[[103.7211,0.7898],[103.7211,0.7898]]],[[[104.6471,0.7914],[104.6471,0.7914]]],[[[104.6511,0.7914],[104.6511,0.7914]]],[[[104.4944,0.7852],[104.4944,0.7852]]],[[[104.5166,0.7873],[104.5166,0.7873]]],[[[104.1975,0.7842],[104.1975,0.7842]]],[[[103.7258,0.7864],[103.7258,0.7864]]],[[[103.7546,0.7839],[103.7546,0.7839]]],[[[103.751,0.784],[103.751,0.784]]],[[[104.1881,0.7852],[104.1881,0.7852]]],[[[103.9661,0.7845],[103.9661,0.7845]]],[[[103.8439,0.7806],[103.836,0.8022],[103.8439,0.7806]]],[[[104.1509,0.7886],[104.1509,0.7886]]],[[[104.2085,0.7944],[104.2022,0.7807],[104.2085,0.7944]]],[[[104.2198,0.7907],[104.2198,0.7907]]],[[[104.7486,0.7976],[104.7381,0.7955],[104.7486,0.7976]]],[[[104.698,0.7987],[104.698,0.7987]]],[[[104.6267,0.796],[104.6267,0.796]]],[[[104.6245,0.7975],[104.6159,0.7917],[104.6245,0.7975]]],[[[104.2204,0.7977],[104.2204,0.7977]]],[[[104.5819,0.7963],[104.5819,0.7963]]],[[[104.5068,0.7957],[104.5068,0.7957]]],[[[104.2027,0.7983],[104.2027,0.7983]]],[[[103.7231,0.8015],[103.7231,0.8015]]],[[[104.2117,0.7955],[104.2117,0.7955]]],[[[104.6138,0.8005],[104.6138,0.8005]]],[[[104.4841,0.8001],[104.4841,0.8001]]],[[[104.5608,0.8029],[104.5608,0.8029]]],[[[104.7406,0.807],[104.7406,0.807]]],[[[104.6745,0.8001],[104.6745,0.8001]]],[[[104.2736,0.8044],[104.2736,0.8044]]],[[[104.6472,0.8082],[104.6355,0.8008],[104.6472,0.8082]]],[[[104.6074,0.8044],[104.6074,0.8044]]],[[[104.2911,0.8049],[104.2911,0.8049]]],[[[104.5305,0.8045],[104.5305,0.8045]]],[[[104.6376,0.8078],[104.6376,0.8078]]],[[[104.2447,0.6524],[104.2447,0.6524]]],[[[104.242,0.6558],[104.242,0.6558]]],[[[103.5807,0.6492],[103.5807,0.6492]]],[[[104.2365,0.655],[104.2365,0.655]]],[[[107.2347,0.6905],[107.2347,0.6905]]],[[[104.306,0.6725],[104.306,0.6725]]],[[[104.3037,0.6733],[104.3037,0.6733]]],[[[103.5812,0.6563],[103.5718,0.6621],[103.5812,0.6563]]],[[[104.2394,0.6597],[104.2394,0.6597]]],[[[103.5681,0.67],[103.5681,0.67]]],[[[103.5869,0.6643],[103.5869,0.6643]]],[[[104.2422,0.6626],[104.2422,0.6626]]],[[[104.2238,0.6678],[104.2238,0.6678]]],[[[103.5558,0.672],[103.5558,0.672]]],[[[104.2755,0.677],[104.2755,0.677]]],[[[103.5131,0.7022],[103.4962,0.6921],[103.5131,0.7022]]],[[[104.7733,0.7183],[104.7733,0.7183]]],[[[104.6275,0.7038],[104.6275,0.7038]]],[[[103.5635,0.7107],[103.5635,0.7107]]],[[[104.2084,0.715],[104.2084,0.715]]],[[[103.527,0.6863],[103.527,0.6863]]],[[[103.5419,0.6885],[103.5419,0.6885]]],[[[103.5339,0.6917],[103.5339,0.6917]]],[[[103.566,0.6968],[103.566,0.6968]]],[[[104.2646,0.6976],[104.2646,0.6976]]],[[[103.556,0.7016],[103.556,0.7016]]],[[[104.6198,0.7159],[104.6196,0.6972],[104.5967,0.7056],[104.6198,0.7159]]],[[[104.3369,0.6763],[104.3369,0.6763]]],[[[104.3206,0.6834],[104.3291,0.6595],[104.3085,0.6687],[104.3206,0.6834]]],[[[104.3443,0.678],[104.3443,0.678]]],[[[104.3067,0.6765],[104.3067,0.6765]]],[[[103.5767,0.6792],[103.5852,0.6709],[103.5721,0.6695],[103.5767,0.6792]]],[[[104.3018,0.6725],[104.3018,0.6725]]],[[[103.7361,0.6797],[103.7361,0.6797]]],[[[104.2983,0.6888],[104.2945,0.6721],[104.271,0.6829],[104.2983,0.6888]]],[[[103.5564,0.6821],[103.5564,0.6821]]],[[[103.7363,0.6814],[103.7363,0.6814]]],[[[103.5663,0.6863],[103.5663,0.6863]]],[[[104.3168,0.6995],[104.3363,0.6823],[104.3168,0.6995]]],[[[103.5815,0.6805],[103.5866,0.6973],[103.5815,0.6805]]],[[[103.7126,0.6951],[103.6927,0.7285],[103.7497,0.7359],[103.732,0.7119],[103.7421,0.6854],[103.7126,0.6951]]],[[[104.7799,0.7238],[104.7799,0.7238]]],[[[104.781,0.7185],[104.781,0.7185]]],[[[103.5594,0.7485],[103.5676,0.7254],[103.5594,0.7485]]],[[[103.6521,0.7211],[103.6521,0.7211]]],[[[104.2091,0.7196],[104.2091,0.7196]]],[[[103.6896,0.73],[103.6896,0.73]]],[[[103.6896,0.7272],[103.6896,0.7272]]],[[[104.1918,0.7239],[104.1918,0.7239]]],[[[103.6595,0.7398],[103.6884,0.7236],[103.6743,0.7124],[103.6595,0.7398]]],[[[104.1872,0.7358],[104.1872,0.7358]]],[[[104.7226,0.7568],[104.7576,0.7481],[104.7612,0.7329],[104.7346,0.7174],[104.7141,0.7413],[104.7226,0.7568]]],[[[104.6613,0.7529],[104.6259,0.7137],[104.6127,0.7214],[104.628,0.7458],[104.6613,0.7529]]],[[[104.2801,0.7304],[104.309,0.7066],[104.2421,0.6964],[104.2187,0.7247],[104.1963,0.7213],[104.1712,0.781],[104.2776,0.7964],[104.2578,0.7654],[104.2801,0.7304]]],[[[103.4909,0.609],[103.4909,0.609]]],[[[107.0353,0.6193],[107.0353,0.6193]]],[[[106.9783,0.6184],[106.9783,0.6184]]],[[[103.6695,0.6146],[103.6695,0.6146]]],[[[104.2983,0.6152],[104.2983,0.6152]]],[[[103.6572,0.6113],[103.6324,0.6243],[103.6572,0.6113]]],[[[103.5658,0.6207],[103.5658,0.6207]]],[[[104.2953,0.6225],[104.2953,0.6225]]],[[[103.5731,0.6237],[103.5731,0.6237]]],[[[104.1066,0.6265],[104.1066,0.6265]]],[[[103.7577,0.625],[103.7577,0.625]]],[[[103.7027,0.6109],[103.7027,0.6109]]],[[[103.673,0.6102],[103.673,0.6102]]],[[[103.7091,0.612],[103.7178,0.6056],[103.7091,0.612]]],[[[103.6806,0.6338],[103.707,0.6147],[103.6865,0.6044],[103.6711,0.6176],[103.6806,0.6338]]],[[[104.0888,0.6409],[104.1042,0.6245],[104.0838,0.6028],[104.0779,0.6439],[104.0888,0.6409]]],[[[104.2909,0.6295],[104.2909,0.6295]]],[[[103.6311,0.631],[103.6427,0.6302],[103.6311,0.631]]],[[[103.5588,0.6324],[103.5588,0.6324]]],[[[104.1061,0.6281],[104.1061,0.6281]]],[[[104.0747,0.6322],[104.0747,0.6322]]],[[[104.036,0.632],[104.036,0.632]]],[[[104.0741,0.6328],[104.0741,0.6328]]],[[[104.2438,0.6363],[104.2438,0.6363]]],[[[103.6695,0.6367],[103.6695,0.6367]]],[[[107.0231,0.6357],[107.0124,0.6241],[107.0138,0.6481],[107.0231,0.6357]]],[[[103.5541,0.6374],[103.5541,0.6374]]],[[[103.6264,0.6391],[103.6264,0.6391]]],[[[104.0779,0.6385],[104.0779,0.6385]]],[[[104.2626,0.6341],[104.2626,0.6341]]],[[[103.6565,0.6325],[103.6565,0.6325]]],[[[104.0392,0.633],[104.0392,0.633]]],[[[104.2559,0.6413],[104.2559,0.6413]]],[[[104.2448,0.6453],[104.2498,0.6365],[104.2448,0.6453]]],[[[103.4997,0.6405],[103.49,0.624],[103.4624,0.6219],[103.4865,0.6785],[103.5205,0.6915],[103.4997,0.6405]]],[[[104.2161,0.7176],[104.279,0.6719],[104.2885,0.6109],[104.2645,0.6218],[104.2473,0.6686],[104.2215,0.6831],[104.2161,0.7176]]],[[[107.4914,1.0548],[107.493,1.0449],[107.4914,1.0548]]],[[[104.0807,0.9791],[104.0807,0.9791]]],[[[103.7122,0.9665],[103.7122,0.9665]]],[[[103.7653,0.9658],[103.7653,0.9658]]],[[[104.0348,0.965],[104.0348,0.965]]],[[[104.041,0.9649],[104.041,0.9649]]],[[[104.0775,0.9658],[104.0775,0.9658]]],[[[107.3944,0.9734],[107.3944,0.9734]]],[[[104.8128,0.9737],[104.8128,0.9737]]],[[[104.0912,0.9739],[104.0912,0.9739]]],[[[104.0881,0.9738],[104.0881,0.9738]]],[[[104.0557,0.9736],[104.0557,0.9736]]],[[[103.979,0.9666],[103.979,0.9666]]],[[[103.823,0.9649],[103.823,0.9649]]],[[[103.9919,0.9683],[103.9919,0.9683]]],[[[104.0471,0.9694],[104.0471,0.9694]]],[[[103.9886,0.9728],[103.9886,0.9728]]],[[[104.026,0.9693],[104.026,0.9693]]],[[[103.8065,0.9733],[103.8065,0.9733]]],[[[104.0003,0.9724],[104.0003,0.9724]]],[[[104.0199,0.9742],[104.0199,0.9742]]],[[[103.775,0.9717],[103.7658,0.9775],[103.775,0.9717]]],[[[104.1742,0.9753],[104.1742,0.9753]]],[[[103.8141,0.9744],[103.8141,0.9744]]],[[[104.0289,0.9752],[104.0289,0.9752]]],[[[104.0008,0.9753],[104.0008,0.9753]]],[[[103.8225,0.9771],[103.8225,0.9771]]],[[[107.572,1.0215],[107.572,1.0215]]],[[[107.529,0.9934],[107.529,0.9934]]],[[[107.5141,1.0231],[107.5141,1.0231]]],[[[107.5126,1.0246],[107.5126,1.0246]]],[[[107.5048,1.0485],[107.52,1.0474],[107.5041,1.0361],[107.5048,1.0485]]],[[[103.2974,0.9854],[103.2974,0.9854]]],[[[104.8289,1.0466],[104.8289,1.0466]]],[[[104.7143,1.0525],[104.7143,1.0525]]],[[[103.8663,1.0855],[103.8663,1.0855]]],[[[104.1659,1.0767],[104.1659,1.0767]]],[[[103.8188,1.0771],[103.8188,1.0771]]],[[[103.8808,1.0775],[103.8808,1.0775]]],[[[103.8737,1.0789],[103.8737,1.0789]]],[[[103.8505,1.0816],[103.8505,1.0816]]],[[[103.8702,1.0764],[103.8702,1.0764]]],[[[103.7978,1.0451],[103.7978,1.0451]]],[[[103.8197,1.0445],[103.8197,1.0445]]],[[[103.8316,1.0511],[103.8188,1.0477],[103.8316,1.0511]]],[[[103.8885,1.045],[103.8885,1.045]]],[[[103.8809,1.049],[103.8809,1.049]]],[[[103.8912,1.0501],[103.8912,1.0501]]],[[[103.7974,1.0416],[103.7974,1.0416]]],[[[104.6736,1.0719],[104.6776,1.0468],[104.6736,1.0719]]],[[[103.8053,1.0615],[103.8053,1.0615]]],[[[103.8194,1.0553],[103.8194,1.0553]]],[[[103.8322,1.055],[103.8322,1.055]]],[[[103.8208,1.0564],[103.8208,1.0564]]],[[[103.8139,1.0584],[103.8139,1.0584]]],[[[103.8236,1.0585],[103.8236,1.0585]]],[[[103.8151,1.0597],[103.8151,1.0597]]],[[[103.8761,1.0629],[103.8761,1.0629]]],[[[103.8329,1.0604],[103.8329,1.0604]]],[[[103.8239,1.0626],[103.8239,1.0626]]],[[[103.899,1.0442],[103.8947,1.0649],[103.899,1.0442]]],[[[103.8887,1.0657],[103.8887,1.0657]]],[[[103.8187,1.0667],[103.8197,1.0559],[103.8187,1.0667]]],[[[103.8269,1.0646],[103.8269,1.0646]]],[[[104.1817,1.0682],[104.1817,1.0682]]],[[[103.8176,1.0698],[103.8176,1.0698]]],[[[104.1619,1.0705],[104.1619,1.0705]]],[[[103.8762,1.0713],[103.8762,1.0713]]],[[[103.8273,1.0724],[103.8273,1.0724]]],[[[103.8729,1.0746],[103.8729,1.0746]]],[[[103.8293,1.075],[103.8181,1.0707],[103.8293,1.075]]],[[[103.8658,1.0752],[103.87,1.0639],[103.8577,1.0824],[103.8658,1.0752]]],[[[103.8754,1.0756],[103.8754,1.0756]]],[[[107.3979,0.9805],[107.3979,0.9805]]],[[[103.9881,0.9827],[103.9881,0.9827]]],[[[104.2249,0.9812],[104.2249,0.9812]]],[[[103.9836,0.9853],[103.9836,0.9853]]],[[[104.0718,0.9833],[104.0718,0.9833]]],[[[103.976,0.9874],[103.976,0.9874]]],[[[103.8139,0.9896],[103.8139,0.9896]]],[[[103.9797,0.9883],[103.9797,0.9883]]],[[[104.1005,0.9873],[104.1005,0.9873]]],[[[103.9706,0.9894],[103.9706,0.9894]]],[[[107.4179,0.9882],[107.4091,0.9771],[107.4006,0.9878],[107.4179,0.9882]]],[[[104.1132,0.9812],[104.1208,0.9653],[104.1034,0.9741],[104.1132,0.9812]]],[[[103.78,0.9784],[103.78,0.9784]]],[[[104.0464,0.978],[104.0464,0.978]]],[[[104.0795,0.9787],[104.0698,0.9815],[104.0795,0.9787]]],[[[103.8143,0.9794],[103.8143,0.9794]]],[[[103.8191,0.9834],[103.8191,0.9834]]],[[[104.2474,0.9968],[104.2582,0.9745],[104.2321,0.9793],[104.2474,0.9968]]],[[[103.9521,0.9961],[103.9756,0.9741],[103.9521,0.9961]]],[[[103.3892,0.9834],[103.3716,0.9922],[103.3892,0.9834]]],[[[104.0452,0.9882],[104.0452,0.9882]]],[[[104.1214,0.996],[104.1319,0.9885],[104.1166,0.9865],[104.1214,0.996]]],[[[104.1432,0.9981],[104.146,0.9845],[104.1432,0.9981]]],[[[103.9646,0.9935],[103.9646,0.9935]]],[[[104.0547,0.9922],[104.0547,0.9922]]],[[[103.8241,0.9967],[103.8241,0.9967]]],[[[107.394,1.0072],[107.3884,0.9899],[107.394,1.0072]]],[[[103.974,0.9982],[103.974,0.9982]]],[[[104.1351,1.0004],[104.1351,1.0004]]],[[[104.0443,0.9951],[104.0443,0.9951]]],[[[104.4325,0.9974],[104.4325,0.9974]]],[[[103.8111,1.0009],[103.8111,1.0009]]],[[[107.4223,1.0027],[107.4223,1.0027]]],[[[107.4103,1.001],[107.4103,1.001]]],[[[103.9013,1.0016],[103.9013,1.0016]]],[[[103.9308,1.004],[103.9308,1.004]]],[[[104.3933,1.0096],[104.3992,0.9967],[104.3647,0.9918],[104.3835,1.0156],[104.3933,1.0096]]],[[[103.9702,1.0023],[103.9702,1.0023]]],[[[103.9655,1.0006],[103.9655,1.0006]]],[[[103.8202,1.0082],[103.8202,1.0082]]],[[[104.1373,1.0068],[104.1373,1.0068]]],[[[107.3867,1.0098],[107.3772,1.0054],[107.3867,1.0098]]],[[[103.9538,1.0041],[103.9538,1.0041]]],[[[104.1331,1.0066],[104.1331,1.0066]]],[[[103.972,1.004],[103.972,1.004]]],[[[103.9696,1.0062],[103.9696,1.0062]]],[[[103.9934,1.0032],[103.9821,1.0062],[103.9934,1.0032]]],[[[103.7622,1.0105],[103.7622,1.0105]]],[[[107.372,1.0223],[107.3574,1.0104],[107.372,1.0223]]],[[[103.7799,1.0431],[103.7919,1.0462],[103.7996,1.0251],[103.7981,0.9685],[103.7492,1.0294],[103.7799,1.0431]]],[[[104.4374,1.0113],[104.4374,1.0113]]],[[[104.1829,1.0217],[104.1717,0.9954],[104.1554,0.9988],[104.1555,1.0157],[104.1829,1.0217]]],[[[104.1467,1.0114],[104.1467,1.0114]]],[[[104.1398,1.0096],[104.1398,1.0096]]],[[[103.8798,1.0131],[103.8798,1.0131]]],[[[104.114,1.0151],[104.1001,1.0048],[104.114,1.0151]]],[[[103.8033,1.015],[103.8033,1.015]]],[[[104.1009,1.0236],[104.0959,1.006],[104.1009,1.0236]]],[[[103.8814,1.0178],[103.8814,1.0178]]],[[[104.1439,1.0162],[104.1439,1.0162]]],[[[103.8051,1.0174],[103.8051,1.0174]]],[[[103.8849,1.0168],[103.8849,1.0168]]],[[[103.925,1.0212],[103.9314,1.0133],[103.925,1.0212]]],[[[103.7536,1.0192],[103.7536,1.0192]]],[[[104.1185,1.0184],[104.1185,1.0184]]],[[[104.1416,1.0202],[104.1416,1.0202]]],[[[103.9082,1.019],[103.9202,1.0121],[103.9015,1.0033],[103.8849,1.0302],[103.8964,1.0386],[103.9082,1.019]]],[[[104.1569,1.0228],[104.1569,1.0228]]],[[[104.0892,1.0234],[104.0892,1.0234]]],[[[103.8525,1.026],[103.8525,1.026]]],[[[103.9132,1.0251],[103.9132,1.0251]]],[[[104.0871,1.0229],[104.0871,1.0229]]],[[[104.8129,1.0263],[104.8129,1.0263]]],[[[103.9187,1.0251],[103.9187,1.0251]]],[[[104.1411,1.0261],[104.1411,1.0261]]],[[[107.3809,1.0296],[107.3809,1.0296]]],[[[104.8181,1.0289],[104.8181,1.0289]]],[[[103.7971,1.0278],[103.7971,1.0278]]],[[[103.9185,1.0287],[103.9185,1.0287]]],[[[103.8355,1.0363],[103.8355,1.0363]]],[[[103.8048,1.0317],[103.8048,1.0317]]],[[[103.8942,1.0314],[103.8942,1.0314]]],[[[104.1385,1.0321],[104.1287,1.0269],[104.1385,1.0321]]],[[[104.1136,1.0322],[104.1136,1.0322]]],[[[104.151,1.0346],[104.151,1.0346]]],[[[103.834,1.0338],[103.834,1.0338]]],[[[103.8632,1.0351],[103.8632,1.0351]]],[[[103.8075,1.0373],[103.8075,1.0373]]],[[[103.8798,1.0456],[103.8881,1.0321],[103.8798,1.0456]]],[[[103.8211,1.0389],[103.8211,1.0389]]],[[[104.2224,1.037],[104.2182,1.0497],[104.2224,1.037]]],[[[104.1715,1.0653],[104.1843,1.0502],[104.1674,1.022],[104.1552,1.0414],[104.1715,1.0653]]],[[[103.8528,1.0715],[103.8823,1.0529],[103.8347,1.0288],[103.833,1.0635],[103.8528,1.0715]]],[[[107.4457,1.0886],[107.4457,1.0886]]],[[[103.9357,1.0865],[103.9357,1.0865]]],[[[107.4308,1.0863],[107.4308,1.0863]]],[[[103.2856,1.0887],[103.2899,1.1011],[103.2856,1.0887]]],[[[103.8231,1.0866],[103.8231,1.0866]]],[[[103.8703,1.086],[103.8703,1.086]]],[[[103.8859,1.0868],[103.8859,1.0868]]],[[[103.7811,1.0893],[103.7811,1.0893]]],[[[103.8279,1.0943],[103.8279,1.0943]]],[[[103.8566,1.0939],[103.8566,1.0939]]],[[[103.8849,1.0884],[103.8849,1.0884]]],[[[103.8379,1.0896],[103.8379,1.0896]]],[[[103.8552,1.0897],[103.8552,1.0897]]],[[[103.8639,1.0911],[103.8639,1.0911]]],[[[103.8846,1.0908],[103.8846,1.0908]]],[[[103.8739,1.092],[103.8626,1.095],[103.8739,1.092]]],[[[103.8329,1.0939],[103.8329,1.0939]]],[[[103.8317,1.0952],[103.8317,1.0952]]],[[[103.7788,1.0965],[103.7788,1.0965]]],[[[103.8514,1.0973],[103.8514,1.0973]]],[[[103.8044,1.0997],[103.8124,1.084],[103.7917,1.1109],[103.8044,1.0997]]],[[[103.9073,1.1008],[103.9073,1.1008]]],[[[103.9085,1.1005],[103.9085,1.1005]]],[[[103.883,1.0947],[103.883,1.0947]]],[[[103.8701,1.096],[103.8701,1.096]]],[[[103.8682,1.0996],[103.8682,1.0996]]],[[[103.8726,1.0999],[103.8726,1.0999]]],[[[103.8566,1.1014],[103.8566,1.1014]]],[[[107.4165,1.1015],[107.3893,1.0909],[107.4036,1.1125],[107.4165,1.1015]]],[[[103.3046,1.1098],[103.3046,1.1098]]],[[[103.2958,1.1104],[103.2958,1.1104]]],[[[103.3031,1.1117],[103.3031,1.1117]]],[[[104.2217,1.1006],[104.2217,1.1006]]],[[[103.7178,1.1059],[103.7178,1.1059]]],[[[103.8237,1.1021],[103.8237,1.1021]]],[[[103.8985,1.1004],[103.8985,1.1004]]],[[[103.9133,1.1013],[103.9133,1.1013]]],[[[103.8599,1.1019],[103.8599,1.1019]]],[[[103.8473,1.1026],[103.8473,1.1026]]],[[[103.8732,1.1027],[103.8732,1.1027]]],[[[103.8659,1.1022],[103.8659,1.1022]]],[[[103.9189,1.1035],[103.9189,1.1035]]],[[[103.9222,1.1044],[103.9222,1.1044]]],[[[103.8789,1.1051],[103.8789,1.1051]]],[[[103.8616,1.1034],[103.8616,1.1034]]],[[[103.8564,1.1048],[103.8564,1.1048]]],[[[103.8609,1.1063],[103.8609,1.1063]]],[[[104.6609,1.1086],[104.6609,1.1086]]],[[[103.842,1.1121],[103.842,1.1121]]],[[[103.9068,1.1123],[103.9068,1.1123]]],[[[103.8451,1.1067],[103.8451,1.1067]]],[[[103.8771,1.1064],[103.8771,1.1064]]],[[[103.8662,1.1058],[103.8662,1.1058]]],[[[103.8643,1.1066],[103.8643,1.1066]]],[[[103.8434,1.1091],[103.8434,1.1091]]],[[[103.8614,1.1075],[103.8614,1.1075]]],[[[103.9006,1.1097],[103.9006,1.1097]]],[[[107.0472,1.3189],[107.0472,1.3189]]],[[[105.8835,2.3635],[105.8835,2.3635]]],[[[109.1309,2.4598],[109.1309,2.4598]]],[[[108.9814,2.4647],[108.9814,2.4647]]],[[[108.9455,2.4677],[108.9455,2.4677]]],[[[108.9904,2.4741],[108.9904,2.4741]]],[[[108.9969,2.4767],[108.9969,2.4767]]],[[[106.0499,2.5133],[106.0482,2.5257],[106.0499,2.5133]]],[[[106.0413,2.509],[106.0413,2.509]]],[[[106.0431,2.5099],[106.0431,2.5099]]],[[[106.0523,2.5109],[106.0523,2.5109]]],[[[109.1447,2.5424],[109.1357,2.535],[109.1447,2.5424]]],[[[109.123,2.5613],[109.123,2.5613]]],[[[109.1623,2.5853],[109.1574,2.5983],[109.1623,2.5853]]],[[[106.2819,2.6164],[106.2742,2.6069],[106.2819,2.6164]]],[[[109.1403,2.6232],[109.1403,2.6232]]],[[[106.3038,2.6351],[106.3038,2.6351]]],[[[106.2844,2.6173],[106.2844,2.6173]]],[[[109.1381,2.6219],[109.1381,2.6219]]],[[[108.5672,2.6732],[108.5849,2.7031],[108.568,2.6566],[108.5672,2.6732]]],[[[108.8762,2.7037],[108.8762,2.7037]]],[[[108.7597,2.7158],[108.7597,2.7158]]],[[[106.2469,2.7176],[106.2469,2.7176]]],[[[106.2711,2.7195],[106.2711,2.7195]]],[[[108.7573,2.7163],[108.7573,2.7163]]],[[[108.7554,2.7162],[108.7554,2.7162]]],[[[106.2823,2.7204],[106.2823,2.7204]]],[[[108.7584,2.7207],[108.7584,2.7207]]],[[[108.9891,2.4888],[108.9891,2.4888]]],[[[108.9555,2.4985],[108.9554,2.481],[108.9387,2.4812],[108.9399,2.4968],[108.9555,2.4985]]],[[[108.9851,2.4831],[108.9851,2.4831]]],[[[108.9874,2.5022],[108.994,2.4895],[108.9874,2.5022]]],[[[108.961,2.4984],[108.961,2.4984]]],[[[106.053,2.5041],[106.053,2.5041]]],[[[109.0426,2.4883],[109.007,2.4895],[109.0338,2.5153],[109.0053,2.5321],[108.9793,2.5211],[108.976,2.5554],[109.0074,2.56],[109.0777,2.5208],[109.1208,2.53],[109.1183,2.5078],[109.0897,2.4889],[109.0947,2.5001],[109.0823,2.489],[109.0526,2.5031],[109.0426,2.4883]]],[[[106.0151,2.7893],[106.0151,2.7893]]],[[[108.9231,2.7737],[108.9231,2.7737]]],[[[108.9406,2.7738],[108.9406,2.7738]]],[[[106.172,2.7605],[106.1932,2.7462],[106.1763,2.7454],[106.172,2.7605]]],[[[108.9518,2.7538],[108.9518,2.7538]]],[[[108.9519,2.7591],[108.9519,2.7591]]],[[[108.8135,2.7536],[108.8135,2.7536]]],[[[108.8099,2.7538],[108.8099,2.7538]]],[[[108.8657,2.7563],[108.8657,2.7563]]],[[[108.9439,2.7618],[108.9439,2.7618]]],[[[108.8684,2.759],[108.8772,2.7669],[108.8684,2.759]]],[[[106.1989,2.7643],[106.1989,2.7643]]],[[[108.9454,2.7722],[108.9513,2.7633],[108.9454,2.7722]]],[[[108.9076,2.7324],[108.9076,2.7324]]],[[[106.2782,2.7321],[106.2782,2.7321]]],[[[108.8318,2.7366],[108.8318,2.7366]]],[[[108.8281,2.7365],[108.8281,2.7365]]],[[[108.8291,2.733],[108.8291,2.733]]],[[[108.7699,2.7337],[108.7699,2.7337]]],[[[108.755,2.7324],[108.755,2.7324]]],[[[106.2232,2.7378],[106.2232,2.7378]]],[[[106.2461,2.7403],[106.2461,2.7403]]],[[[108.8293,2.7465],[108.8293,2.7465]]],[[[108.8284,2.7451],[108.8284,2.7451]]],[[[108.8267,2.7407],[108.8267,2.7407]]],[[[108.8251,2.7372],[108.8251,2.7372]]],[[[106.2835,2.7388],[106.2835,2.7388]]],[[[108.8484,2.7429],[108.8318,2.739],[108.8594,2.7513],[108.8484,2.7429]]],[[[108.8286,2.7402],[108.8286,2.7402]]],[[[108.8308,2.7497],[108.8308,2.7497]]],[[[108.9089,2.8621],[108.9089,2.8621]]],[[[108.9226,2.8695],[108.9226,2.8695]]],[[[108.9281,2.8944],[108.9281,2.8944]]],[[[108.9385,2.8969],[108.9385,2.8969]]],[[[108.934,2.8947],[108.934,2.8947]]],[[[108.9238,2.8975],[108.9238,2.8975]]],[[[105.6751,2.9183],[105.6751,2.9183]]],[[[106.1322,2.9042],[106.1322,2.9042]]],[[[106.1627,2.9046],[106.1627,2.9046]]],[[[108.7475,2.9148],[108.7475,2.9148]]],[[[105.6867,2.9243],[105.6881,2.9099],[105.6867,2.9243]]],[[[106.1518,2.9184],[106.1518,2.9184]]],[[[106.1591,2.9063],[106.1591,2.9063]]],[[[106.1529,2.9128],[106.1529,2.9128]]],[[[106.1332,2.9381],[106.1496,2.9193],[106.1126,2.9274],[106.1332,2.9381]]],[[[105.7753,2.8401],[105.7753,2.8401]]],[[[106.1816,2.8437],[106.1816,2.8437]]],[[[106.1202,2.8471],[106.1202,2.8471]]],[[[105.6932,2.8938],[105.6932,2.8938]]],[[[106.1541,2.9007],[106.1541,2.9007]]],[[[106.1647,2.9012],[106.1647,2.9012]]],[[[106.1041,2.874],[106.1041,2.874]]],[[[108.8923,2.8741],[108.8923,2.8741]]],[[[105.7932,2.882],[105.7932,2.882]]],[[[108.7198,2.8975],[108.7287,2.9167],[108.7198,2.8975]]],[[[108.9062,2.8092],[108.9062,2.8092]]],[[[105.6893,3.0646],[105.6893,3.0646]]],[[[106.3193,3.0663],[106.3193,3.0663]]],[[[105.5821,3.0981],[105.5821,3.0981]]],[[[105.6104,3.077],[105.6104,3.077]]],[[[106.3226,3.0729],[106.3226,3.0729]]],[[[106.2895,3.0737],[106.2895,3.0737]]],[[[105.5899,3.0925],[105.6096,3.0816],[105.5899,3.0925]]],[[[105.6407,3.0911],[105.6407,3.0911]]],[[[105.6469,3.0915],[105.6469,3.0915]]],[[[106.1846,2.9569],[106.1883,2.9423],[106.1749,2.9507],[106.1846,2.9569]]],[[[108.8039,2.9553],[108.8039,2.9553]]],[[[105.8492,2.9558],[105.8492,2.9558]]],[[[105.8516,2.9551],[105.8516,2.9551]]],[[[108.8282,2.8451],[108.7918,2.8596],[108.7743,2.8921],[108.8336,2.9433],[108.8422,3.002],[108.8776,3.0089],[108.8903,2.9978],[108.8757,2.9409],[108.8853,2.8751],[108.8644,2.8787],[108.8282,2.8451]]],[[[105.8073,2.8881],[105.7852,2.9067],[105.7661,2.8947],[105.7676,2.8722],[105.7223,2.874],[105.7391,2.8515],[105.7701,2.8437],[105.7489,2.8196],[105.7401,2.8327],[105.7266,2.817],[105.6942,2.8499],[105.7074,2.9261],[105.6944,2.9335],[105.7153,2.9619],[105.715,2.9846],[105.6757,3.0092],[105.6924,3.006],[105.7057,3.0324],[105.6956,3.0636],[105.7156,3.0309],[105.7392,3.0504],[105.7247,2.9946],[105.7492,2.9695],[105.7626,2.9815],[105.7855,2.9724],[105.801,3.0003],[105.8509,2.9877],[105.8408,2.9797],[105.8519,2.9574],[105.819,2.9684],[105.811,2.944],[105.8284,2.911],[105.7965,2.9105],[105.8223,2.8891],[105.8073,2.8881]]],[[[108.7909,2.9562],[108.7909,2.9562]]],[[[105.6709,3.0097],[105.6709,3.0097]]],[[[105.8395,3.0091],[105.8395,3.0091]]],[[[106.1655,2.9717],[106.1647,2.954],[106.1655,2.9717]]],[[[105.8517,2.9744],[105.8517,2.9744]]],[[[105.759,2.9762],[105.759,2.9762]]],[[[105.685,2.9857],[105.685,2.9857]]],[[[106.2412,2.9892],[106.2412,2.9892]]],[[[105.6988,2.9902],[105.6988,2.9902]]],[[[105.7778,2.9795],[105.7778,2.9795]]],[[[105.7707,2.9823],[105.7707,2.9823]]],[[[105.6942,2.9767],[105.7071,2.9602],[105.6942,2.9767]]],[[[105.6986,2.9784],[105.6986,2.9784]]],[[[106.4133,2.9832],[106.4157,2.9941],[106.4133,2.9832]]],[[[106.1489,3.0025],[106.139,2.9767],[106.1489,3.0025]]],[[[106.1294,2.9939],[106.1294,2.9939]]],[[[106.2497,3.0016],[106.2403,2.9924],[106.2497,3.0016]]],[[[105.807,3.0084],[105.8068,2.9969],[105.807,3.0084]]],[[[105.6897,3.0616],[105.6897,3.0616]]],[[[105.6954,3.0212],[105.6954,3.0212]]],[[[105.7501,3.0334],[105.7501,3.0334]]],[[[108.8696,3.0254],[108.8433,3.0117],[108.8406,3.0545],[108.8688,3.0428],[108.8696,3.0254]]],[[[106.387,3.0369],[106.3851,3.0243],[106.387,3.0369]]],[[[105.751,3.0335],[105.751,3.0335]]],[[[105.9563,3.0326],[105.9455,3.0233],[105.957,3.0464],[105.9563,3.0326]]],[[[106.3951,3.0159],[106.3951,3.0159]]],[[[106.4086,3.0371],[106.4088,3.0134],[106.3933,3.0293],[106.4086,3.0371]]],[[[105.9448,3.0225],[105.9448,3.0225]]],[[[105.9678,3.023],[105.9678,3.023]]],[[[107.7894,2.9775],[107.7569,2.9723],[107.7481,3.0064],[107.798,3.0172],[107.8139,2.9804],[107.7894,2.9775]]],[[[108.8696,3.0479],[108.8696,3.0479]]],[[[106.3941,3.0459],[106.3941,3.0459]]],[[[106.3765,3.0393],[106.3765,3.0393]]],[[[106.3793,3.0417],[106.3793,3.0417]]],[[[105.7401,3.0503],[105.7401,3.0503]]],[[[106.3395,3.0591],[106.3395,3.0591]]],[[[106.2212,3.0422],[106.2212,3.0422]]],[[[106.2683,2.7257],[106.2515,2.7124],[106.2683,2.7257]]],[[[108.7576,2.727],[108.7576,2.727]]],[[[106.2876,2.7275],[106.2876,2.7275]]],[[[108.7527,2.7253],[108.7527,2.7253]]],[[[108.925,2.7666],[108.9119,2.7338],[108.8865,2.727],[108.925,2.7666]]],[[[106.2164,2.8082],[106.2477,2.7735],[106.2391,2.7612],[106.255,2.7613],[106.2416,2.7387],[106.2544,2.724],[106.201,2.7595],[106.2233,2.7666],[106.1952,2.8098],[106.2164,2.8082]]],[[[105.6669,3.1242],[105.6669,3.1242]]],[[[106.1079,3.1358],[106.1079,3.1358]]],[[[106.1473,3.1257],[106.1473,3.1257]]],[[[105.6764,3.1239],[105.6764,3.1239]]],[[[106.0887,3.1569],[106.0995,3.1389],[106.0891,3.1235],[106.0747,3.1474],[106.0887,3.1569]]],[[[106.4063,3.131],[106.4063,3.131]]],[[[106.4189,3.1537],[106.4367,3.1291],[106.4032,3.1353],[106.4189,3.1537]]],[[[106.4324,3.123],[106.4324,3.123]]],[[[106.4017,3.1458],[106.4017,3.1458]]],[[[106.3961,3.1524],[106.3957,3.1354],[106.38,3.1392],[106.3961,3.1524]]],[[[106.3854,3.1528],[106.3854,3.1528]]],[[[106.4401,3.1582],[106.4401,3.1582]]],[[[106.4089,3.1585],[106.3996,3.1471],[106.4089,3.1585]]],[[[106.3898,3.1564],[106.3898,3.1564]]],[[[106.4878,3.2102],[106.4978,3.1837],[106.4921,3.1988],[106.4772,3.1901],[106.4878,3.2102]]],[[[106.4861,3.2226],[106.477,3.2075],[106.4861,3.2226]]],[[[106.3704,3.1584],[106.3704,3.1584]]],[[[106.4377,3.1648],[106.4281,3.1574],[106.4377,3.1648]]],[[[106.2935,3.1606],[106.2935,3.1606]]],[[[106.3673,3.1619],[106.3673,3.1619]]],[[[106.4039,3.1607],[106.4039,3.1607]]],[[[106.3964,3.1658],[106.3964,3.1658]]],[[[106.3098,3.1746],[106.2969,3.1752],[106.3098,3.1746]]],[[[106.4497,3.1759],[106.4497,3.1759]]],[[[106.3165,3.2067],[106.3165,3.2067]]],[[[106.3687,3.189],[106.3643,3.1617],[106.3687,3.189]]],[[[106.4425,3.1929],[106.4477,3.1743],[106.4353,3.1677],[106.4425,3.1929]]],[[[106.4463,3.1949],[106.4463,3.1949]]],[[[106.3041,3.1853],[106.3041,3.1853]]],[[[106.3536,3.1894],[106.3536,3.1894]]],[[[106.304,3.1991],[106.2939,3.1854],[106.304,3.1991]]],[[[106.3077,3.1951],[106.3077,3.1951]]],[[[106.3532,3.1992],[106.3532,3.1992]]],[[[106.3515,3.2019],[106.3515,3.2019]]],[[[106.3011,3.2058],[106.3011,3.2058]]],[[[106.4547,3.212],[106.4547,3.212]]],[[[106.3176,3.2103],[106.3176,3.2103]]],[[[106.0507,3.3372],[106.0507,3.3372]]],[[[106.3327,3.2914],[106.3327,3.2914]]],[[[106.1763,3.3086],[106.1763,3.3086]]],[[[106.3206,3.3174],[106.3206,3.3174]]],[[[106.2018,3.3038],[106.199,3.2887],[106.2018,3.3038]]],[[[106.3299,3.3039],[106.3258,3.2928],[106.3299,3.3039]]],[[[106.4106,3.3095],[106.3946,3.2902],[106.3937,3.3074],[106.4106,3.3095]]],[[[106.3263,3.3153],[106.3252,3.3051],[106.3263,3.3153]]],[[[106.3893,3.3112],[106.3893,3.3112]]],[[[106.308,3.3195],[106.302,3.303],[106.308,3.3195]]],[[[106.1741,3.3545],[106.1741,3.3545]]],[[[106.3884,3.3386],[106.3884,3.3386]]],[[[106.2983,3.3495],[106.2983,3.3495]]],[[[106.306,3.3572],[106.303,3.3375],[106.306,3.3572]]],[[[106.301,3.352],[106.301,3.352]]],[[[106.304,3.3593],[106.304,3.3593]]],[[[106.3166,3.3649],[106.3166,3.3649]]],[[[106.3089,3.3648],[106.3089,3.3648]]],[[[106.4629,3.3816],[106.4629,3.3816]]],[[[106.4616,3.381],[106.4616,3.381]]],[[[106.461,3.3855],[106.461,3.3855]]],[[[106.2692,3.4513],[106.2692,3.4513]]],[[[108.0445,3.6159],[108.0445,3.6159]]],[[[108.1338,3.621],[108.1338,3.621]]],[[[108.1292,3.6247],[108.1292,3.6247]]],[[[108.0894,3.5815],[108.0959,3.5728],[108.081,3.5739],[108.0894,3.5815]]],[[[108.039,3.6007],[108.0444,3.6134],[108.039,3.6007]]],[[[108.0469,3.5745],[108.0432,3.5567],[108.0326,3.5737],[108.0433,3.5933],[108.0469,3.5745]]],[[[108.0537,3.5922],[108.0537,3.5922]]],[[[106.4576,3.3813],[106.4508,3.3704],[106.4576,3.3813]]],[[[106.2101,3.2997],[106.2018,3.326],[106.1851,3.3019],[106.172,3.3329],[106.2017,3.3463],[106.2001,3.3763],[106.2279,3.3952],[106.2153,3.3599],[106.2393,3.3439],[106.2101,3.2997]]],[[[106.2327,3.373],[106.2327,3.373]]],[[[106.3259,3.3721],[106.3259,3.3721]]],[[[106.3454,3.4154],[106.3384,3.3517],[106.319,3.3231],[106.3297,3.4052],[106.3454,3.4154]]],[[[106.3171,3.3781],[106.3171,3.3781]]],[[[106.2622,3.3743],[106.2622,3.3743]]],[[[106.3506,3.3792],[106.3506,3.3792]]],[[[106.2328,3.3839],[106.2328,3.3839]]],[[[106.2365,3.3809],[106.2365,3.3809]]],[[[106.1496,3.3959],[106.1496,3.3959]]],[[[106.2283,3.3968],[106.2283,3.3968]]],[[[106.4463,3.3896],[106.4463,3.3896]]],[[[106.2465,3.3854],[106.2465,3.3854]]],[[[106.441,3.3922],[106.4276,3.3733],[106.441,3.3922]]],[[[106.4515,3.4002],[106.4515,3.4002]]],[[[106.2798,3.4028],[106.2914,3.3882],[106.2688,3.3946],[106.2798,3.4028]]],[[[107.9027,3.9107],[107.921,3.9004],[107.9117,3.8819],[107.8944,3.8937],[107.9027,3.9107]]],[[[108.3758,3.8938],[108.3758,3.8938]]],[[[108.3685,3.8974],[108.3685,3.8974]]],[[[107.9921,3.9301],[107.9921,3.9301]]],[[[107.9601,3.9339],[107.9601,3.9339]]],[[[107.9558,3.9404],[107.9447,3.9447],[107.9558,3.9404]]],[[[107.9778,3.9584],[107.9778,3.9584]]],[[[108.4178,4.0113],[108.4178,4.0113]]],[[[107.9776,3.9633],[107.9776,3.9633]]],[[[107.9795,3.963],[107.9795,3.963]]],[[[107.977,3.9656],[107.977,3.9656]]],[[[107.9565,4.0118],[107.9565,4.0118]]],[[[107.9499,4.0145],[107.9499,4.0145]]],[[[108.3588,4.0155],[108.3588,4.0155]]],[[[108.222,4.2392],[108.222,4.2392]]],[[[107.7325,4.5174],[107.7325,4.5174]]],[[[108.2079,4.2641],[108.1862,4.2349],[108.2079,4.2641]]],[[[107.9839,4.6966],[107.9651,4.6687],[107.9272,4.6822],[108.007,4.775],[107.9839,4.6966]]],[[[108.0212,4.7933],[108.0076,4.7811],[108.0212,4.7933]]],[[[107.8656,4.1569],[107.8624,4.1259],[107.841,4.1133],[107.8656,4.1569]]],[[[107.9017,4.0322],[107.9017,4.0322]]],[[[107.9161,4.0356],[107.9161,4.0356]]],[[[108.2992,4.0644],[108.2992,4.0644]]],[[[108.298,4.065],[108.298,4.065]]],[[[108.0877,4.103],[108.0877,4.103]]],[[[107.9928,4.1026],[107.9928,4.1026]]],[[[108.0149,4.0778],[108.0149,4.0778]]],[[[108.0247,4.0787],[108.0149,4.0753],[108.0247,4.0787]]],[[[108.1134,4.1526],[108.1134,4.1526]]],[[[108.3666,3.7812],[108.3666,3.7812]]],[[[108.1711,3.7912],[108.1711,3.7912]]],[[[108.4106,3.7963],[108.4106,3.7963]]],[[[108.0454,3.85],[108.0454,3.85]]],[[[108.4152,3.8606],[108.4152,3.8606]]],[[[107.9936,3.8062],[107.9936,3.8062]]],[[[108.028,3.8683],[108.028,3.8683]]],[[[108.3826,3.8736],[108.3826,3.8736]]],[[[107.927,3.8743],[107.927,3.8743]]],[[[108.382,3.8864],[108.382,3.8864]]],[[[108.3797,3.8764],[108.3797,3.8764]]],[[[108.0373,3.862],[108.0373,3.862]]],[[[108.0046,3.8637],[108.0046,3.8637]]],[[[108.0344,3.8648],[108.0344,3.8648]]],[[[108.0894,3.6932],[108.0773,3.6811],[108.0894,3.6932]]],[[[108.0368,3.6974],[108.0368,3.6974]]],[[[108.2755,3.7131],[108.2755,3.7131]]],[[[108.0608,3.7443],[108.0608,3.7443]]],[[[108.3963,3.7695],[108.3963,3.7695]]],[[[108.3366,3.7577],[108.3366,3.7577]]],[[[108.1185,3.7612],[108.1185,3.7612]]],[[[108.1032,3.6004],[108.1039,3.5858],[108.088,3.5979],[108.067,3.5866],[108.0994,3.637],[108.1252,3.6229],[108.1032,3.6004]]],[[[108.0748,3.6332],[108.0509,3.6305],[108.0459,3.6659],[108.0748,3.6644],[108.086,3.6438],[108.0748,3.6332]]],[[[108.1112,3.7666],[108.1112,3.7666]]],[[[108.0054,3.8169],[108.0313,3.8033],[108.0398,3.7666],[108.0121,3.7802],[108.0129,3.8066],[107.9917,3.8102],[108.0054,3.8169]]],[[[108.2355,3.7475],[108.2762,3.7105],[108.255,3.761],[108.2237,3.7828],[108.2363,3.8107],[108.2216,3.8277],[108.2232,3.7886],[108.0629,3.8343],[108.0193,3.8782],[108.0276,3.9072],[107.9888,3.9431],[107.9938,3.9821],[107.9619,4.0016],[108.0141,4.0271],[108.0261,4.0532],[108.0739,4.0674],[108.0894,4.1033],[108.146,4.1372],[108.2192,4.2302],[108.2423,4.2159],[108.2244,4.1844],[108.2336,4.1281],[108.2656,4.0913],[108.2991,4.0864],[108.2922,4.0581],[108.3459,4.0158],[108.3473,3.9982],[108.4034,3.9644],[108.382,3.9316],[108.3903,3.8957],[108.3623,3.9037],[108.3526,3.8738],[108.3667,3.893],[108.3773,3.8545],[108.4077,3.8866],[108.3989,3.8607],[108.41,3.8587],[108.3869,3.7935],[108.3097,3.7308],[108.2954,3.6573],[108.2019,3.6594],[108.1562,3.6299],[108.1437,3.6645],[108.0896,3.6805],[108.1212,3.7237],[108.118,3.7439],[108.1416,3.7513],[108.1497,3.7403],[108.1502,3.7612],[108.1884,3.7834],[108.2355,3.7475]]],[[[106.4754,3.2255],[106.4754,3.2255]]],[[[106.4742,3.2327],[106.4742,3.2327]]],[[[106.3114,3.2545],[106.3114,3.2545]]],[[[106.3094,3.2592],[106.3094,3.2592]]],[[[106.3128,3.2516],[106.3128,3.2516]]],[[[106.4507,3.2558],[106.4507,3.2558]]],[[[106.4376,3.2443],[106.4376,3.2443]]],[[[106.3033,3.2428],[106.3062,3.2527],[106.3033,3.2428]]],[[[106.4495,3.2498],[106.4495,3.2498]]],[[[106.2835,3.2358],[106.2835,3.2358]]],[[[106.3202,3.2269],[106.3202,3.2269]]],[[[106.3168,3.2402],[106.3168,3.2402]]],[[[106.3047,3.2325],[106.2978,3.2163],[106.2923,3.2303],[106.3047,3.2325]]],[[[106.4517,3.2449],[106.4563,3.2258],[106.4377,3.2401],[106.4517,3.2449]]],[[[106.3014,3.2731],[106.2963,3.2356],[106.3014,3.2731]]],[[[106.3893,3.2577],[106.3893,3.2577]]],[[[106.3121,3.2637],[106.3121,3.2637]]],[[[106.3136,3.2646],[106.3136,3.2646]]],[[[106.3068,3.2832],[106.3062,3.2684],[106.3068,3.2832]]],[[[106.4164,3.2988],[106.4132,3.2694],[106.4164,3.2988]]],[[[106.2727,3.251],[106.2845,3.2256],[106.2274,3.261],[106.2474,3.2905],[106.2349,3.3032],[106.2457,3.3467],[106.2607,3.3595],[106.2648,3.3361],[106.2691,3.3811],[106.2931,3.3846],[106.3085,3.3664],[106.2921,3.3461],[106.2951,3.27],[106.285,3.2507],[106.2736,3.299],[106.2617,3.293],[106.2727,3.251]]],[[[105.726,3.0817],[105.726,3.0817]]],[[[106.309,3.0856],[106.309,3.0856]]],[[[106.3447,3.0924],[106.3447,3.0924]]],[[[106.3375,3.0821],[106.3263,3.0754],[106.3328,3.0946],[106.3375,3.0821]]],[[[105.6761,3.0855],[105.6761,3.0855]]],[[[105.9542,3.0885],[105.9544,3.0707],[105.9542,3.0885]]],[[[105.9725,3.0897],[105.9628,3.0818],[105.9725,3.0897]]],[[[105.709,3.0991],[105.7355,3.0843],[105.7119,3.0747],[105.6964,3.0974],[105.709,3.0991]]],[[[106.3458,3.104],[106.3458,3.104]]],[[[106.2536,3.0904],[106.2536,3.0904]]],[[[105.9743,3.0967],[105.9743,3.0967]]],[[[105.962,3.1015],[105.9479,3.0973],[105.962,3.1015]]],[[[105.6555,3.1178],[105.6754,3.0915],[105.6438,3.0937],[105.6419,3.1155],[105.6555,3.1178]]],[[[105.9839,3.087],[105.9784,3.0177],[105.9638,3.04],[105.9839,3.087]]],[[[106.3584,3.0908],[106.3544,3.0484],[106.3424,3.073],[106.3584,3.0908]]],[[[105.6693,3.118],[105.6693,3.118]]],[[[106.4511,3.1275],[106.4511,3.1275]]],[[[106.1164,3.1135],[106.1164,3.1135]]],[[[105.6876,3.1183],[105.6958,3.1032],[105.6759,3.1073],[105.6876,3.1183]]],[[[106.1209,3.1326],[106.1263,3.1193],[106.1137,3.1182],[106.1139,3.141],[106.1209,3.1326]]],[[[106.3544,3.1018],[106.3544,3.1018]]],[[[106.4046,3.1197],[106.3991,3.1066],[106.4046,3.1197]]],[[[106.3419,3.1256],[106.3279,3.1126],[106.324,3.1235],[106.3088,3.0864],[106.3116,3.1149],[106.3002,3.1274],[106.2963,3.1045],[106.2852,3.1229],[106.317,3.1696],[106.3116,3.1352],[106.3343,3.1588],[106.327,3.1401],[106.3406,3.1514],[106.3419,3.1256]]],[[[106.2856,3.098],[106.2758,3.0774],[106.2744,3.1006],[106.2599,3.0944],[106.2493,3.1223],[106.2375,3.0958],[106.2235,3.1312],[106.211,3.1214],[106.1961,3.2318],[106.2174,3.218],[106.2271,3.2362],[106.2777,3.1957],[106.2742,3.1702],[106.2877,3.1805],[106.2915,3.161],[106.2686,3.1155],[106.2759,3.1062],[106.2833,3.1202],[106.2856,3.098]]],[[[104.07162413793104,0.998584913793103],[104.07162413793104,0.998584913793103]]],[[[104.07160690335306,0.998585272846811],[104.0671,0.9828],[104.048,0.9993],[104.0382,0.9806],[104.0081,0.9858],[103.9911,1.0173],[103.9599,1.005],[103.9157,1.0332],[103.8895,1.0938],[103.914,1.0981],[103.9239,1.0708],[103.9376,1.0841],[103.92,1.1421],[103.9951,1.1273],[103.9846,1.144],[104.0007,1.15],[103.9982,1.179],[104.0254,1.1909],[104.0252,1.1759],[104.0592,1.1602],[104.0496,1.1393],[104.0726,1.1195],[104.0928,1.1561],[104.0706,1.1622],[104.0829,1.1945],[104.1068,1.2008],[104.1491,1.1703],[104.1367,1.0389],[104.1063,1.0435],[104.0802,1.0243],[104.1011,0.9824],[104.07160690335306,0.998585272846811]]],[[[103.4438,1],[103.4375,0.9876],[103.3963,0.992],[103.3836,1.0079],[103.3272,1.0191],[103.3113,1.0863],[103.3511,1.1347],[103.3698,1.1226],[103.3823,1.1326],[103.39,1.0649],[103.4244,1.0454],[103.4438,1]]],[[[103.9039,1.1126],[103.9039,1.1126]]],[[[103.8463,1.1119],[103.8463,1.1119]]],[[[103.9171,1.1191],[103.9207,1.1059],[103.9023,1.1012],[103.9171,1.1191]]],[[[103.2918,1.1186],[103.2918,1.1186]]],[[[103.2937,1.1296],[103.2937,1.1296]]],[[[103.3395,1.1264],[103.3395,1.1264]]],[[[103.9072,1.1136],[103.9072,1.1136]]],[[[103.9045,1.1164],[103.9045,1.1164]]],[[[103.9105,1.118],[103.9105,1.118]]],[[[103.7752,1.124],[103.7752,1.124]]],[[[103.7176,1.1198],[103.7176,1.1198]]],[[[103.3339,1.1226],[103.3339,1.1226]]],[[[103.3213,1.1178],[103.3213,1.1178]]],[[[103.327,1.1172],[103.327,1.1172]]],[[[103.7154,1.1158],[103.7154,1.1158]]],[[[103.8793,1.1175],[103.8793,1.1175]]],[[[103.7267,1.1183],[103.7267,1.1183]]],[[[103.8867,1.1194],[103.8867,1.1194]]],[[[103.8714,1.1178],[103.8714,1.1178]]],[[[103.8325,1.1207],[103.8325,1.1207]]],[[[103.8411,1.1236],[103.8411,1.1236]]],[[[103.33,1.1255],[103.33,1.1255]]],[[[103.7159,1.1238],[103.7159,1.1238]]],[[[103.8848,1.1267],[103.8848,1.1267]]],[[[103.7028,1.1248],[103.7028,1.1248]]],[[[103.3926,1.1253],[103.3926,1.1253]]],[[[103.7075,1.1252],[103.7075,1.1252]]],[[[103.8434,1.1257],[103.8434,1.1257]]],[[[103.296,1.1435],[103.296,1.1435]]],[[[104.1437,1.1508],[104.1437,1.1508]]],[[[104.1432,1.1506],[104.1432,1.1506]]],[[[103.9775,1.1477],[103.9775,1.1477]]],[[[103.9452,1.1462],[103.9452,1.1462]]],[[[103.831,1.1447],[103.831,1.1447]]],[[[103.6911,1.1441],[103.6911,1.1441]]],[[[103.6576,1.1494],[103.6576,1.1494]]],[[[103.3511,1.1504],[103.3511,1.1504]]],[[[103.9058,1.1498],[103.9058,1.1498]]],[[[104.0737,1.1352],[104.0737,1.1352]]],[[[103.9878,1.1331],[103.9878,1.1331]]],[[[103.9695,1.1307],[103.9695,1.1307]]],[[[103.3334,1.1284],[103.3334,1.1284]]],[[[103.8538,1.127],[103.8538,1.127]]],[[[103.3014,1.1399],[103.3104,1.1277],[103.2991,1.1137],[103.3014,1.1399]]],[[[103.8942,1.1268],[103.8942,1.1268]]],[[[103.8803,1.1278],[103.8803,1.1278]]],[[[103.8274,1.1253],[103.8274,1.1253]]],[[[103.295,1.1411],[103.295,1.1411]]],[[[103.7123,1.1307],[103.7123,1.1307]]],[[[103.8695,1.1306],[103.8695,1.1306]]],[[[103.8363,1.1393],[103.8363,1.1393]]],[[[103.8781,1.1352],[103.8781,1.1352]]],[[[103.8493,1.1342],[103.8493,1.1342]]],[[[103.8805,1.1331],[103.8805,1.1331]]],[[[103.8758,1.1314],[103.8758,1.1314]]],[[[103.8361,1.1326],[103.8361,1.1326]]],[[[103.8296,1.1359],[103.8296,1.1359]]],[[[103.84,1.136],[103.84,1.136]]],[[[103.6886,1.1421],[103.6886,1.1421]]],[[[103.8458,1.1668],[103.8458,1.1668]]],[[[103.8916,1.171],[103.8916,1.171]]],[[[104.3617,1.1823],[104.3617,1.1823]]],[[[104.3215,1.1874],[104.3215,1.1874]]],[[[103.3461,1.1861],[103.3461,1.1861]]],[[[103.3523,1.1898],[103.3523,1.1898]]],[[[103.8882,1.1847],[103.8882,1.1847]]],[[[103.8829,1.1849],[103.8829,1.1849]]],[[[104.3332,1.1842],[104.3332,1.1842]]],[[[104.0624,1.1747],[104.0624,1.1747]]],[[[103.8872,1.1752],[103.8872,1.1752]]],[[[106.8939,1.1876],[106.8939,1.1876]]],[[[104.3791,1.1975],[104.3791,1.1975]]],[[[104.0766,1.202],[104.0766,1.202]]],[[[104.0776,1.2041],[104.0776,1.2041]]],[[[104.0795,1.2058],[104.0795,1.2058]]],[[[104.3591,1.1915],[104.3591,1.1915]]],[[[103.872,1.1443],[103.8736,1.1553],[103.872,1.1443]]],[[[103.8144,1.157],[103.8144,1.157]]],[[[103.8636,1.1553],[103.8636,1.1553]]],[[[103.3913,1.1646],[103.4094,1.1294],[103.3792,1.1512],[103.3913,1.1646]]],[[[103.8907,1.1579],[103.8926,1.144],[103.8745,1.1433],[103.8907,1.1579]]],[[[103.9082,1.1613],[103.9082,1.1613]]],[[[103.3611,1.1618],[103.3611,1.1618]]],[[[103.8831,1.1613],[103.8831,1.1613]]],[[[103.8995,1.164],[103.9048,1.155],[103.8995,1.164]]],[[[103.8662,1.1643],[103.8662,1.1643]]],[[[107.5487,0.8851],[107.5443,0.8671],[107.5419,0.8962],[107.5487,0.8851]]],[[[103.3409,0.9166],[103.3409,0.9166]]],[[[107.5188,0.8803],[107.5188,0.8803]]],[[[107.4686,0.9064],[107.4686,0.9064]]],[[[103.3444,0.9198],[103.3444,0.9198]]],[[[103.3484,0.9035],[103.3484,0.9035]]],[[[103.3733,0.8993],[103.3654,0.906],[103.3733,0.8993]]],[[[103.834,0.9021],[103.834,0.9021]]],[[[103.9484,0.9021],[103.9484,0.9021]]],[[[103.9428,0.9064],[103.9428,0.9064]]],[[[103.9648,0.9057],[103.9648,0.9057]]],[[[104.7005,0.9075],[104.7005,0.9075]]],[[[103.8024,0.9074],[103.8024,0.9074]]],[[[103.3625,0.9101],[103.3625,0.9101]]],[[[103.4001,0.9114],[103.4001,0.9114]]],[[[104.6633,0.9127],[104.6633,0.9127]]],[[[103.4769,0.9136],[103.4769,0.9136]]],[[[103.7731,0.9125],[103.7731,0.9125]]],[[[103.922,0.9143],[103.922,0.9143]]],[[[104.7185,0.9182],[104.7185,0.9182]]],[[[103.8091,0.9117],[103.8091,0.9117]]],[[[104.6727,0.9142],[104.6727,0.9142]]],[[[104.2137,0.9183],[104.1933,0.9022],[104.2137,0.9183]]],[[[103.3544,0.914],[103.3544,0.914]]],[[[103.9621,0.9206],[103.9524,0.9059],[103.9476,0.924],[103.9621,0.9206]]],[[[103.4709,0.9165],[103.4709,0.9165]]],[[[103.3498,0.9239],[103.3498,0.9239]]],[[[103.9684,0.9228],[103.9684,0.9228]]],[[[103.9035,0.9167],[103.9035,0.9167]]],[[[104.0292,0.918],[104.0292,0.918]]],[[[104.0328,0.9205],[104.0328,0.9205]]],[[[103.9441,0.9198],[103.9441,0.9198]]],[[[103.9719,0.9205],[103.9719,0.9205]]],[[[103.9722,0.9196],[103.9722,0.9196]]],[[[103.4626,0.922],[103.4626,0.922]]],[[[103.8174,0.924],[103.8174,0.924]]],[[[103.9676,0.9206],[103.9676,0.9206]]],[[[103.9199,0.9211],[103.9199,0.9211]]],[[[103.9455,0.923],[103.9455,0.923]]],[[[103.4639,0.8159],[103.4502,0.8213],[103.4734,0.8125],[103.4639,0.8159]]],[[[103.4439,0.8238],[103.4439,0.8238]]],[[[103.5162,0.8318],[103.5162,0.8318]]],[[[103.5212,0.8176],[103.5212,0.8176]]],[[[103.522,0.812],[103.522,0.812]]],[[[103.532,0.812],[103.532,0.812]]],[[[103.5309,0.8017],[103.5262,0.7662],[103.4761,0.8205],[103.4144,0.8473],[103.4096,0.8853],[103.494,0.845],[103.5309,0.8017]]],[[[103.7182,0.7757],[103.7274,0.7586],[103.7063,0.7529],[103.6651,0.8323],[103.7182,0.7757]]],[[[103.9196,0.8169],[103.9413,0.782],[103.9197,0.7546],[103.9138,0.7813],[103.8876,0.7962],[103.9068,0.8327],[103.9196,0.8169]]],[[[104.7685,0.8133],[104.7685,0.8133]]],[[[104.7679,0.8117],[104.7679,0.8117]]],[[[104.6767,0.8281],[104.6767,0.8281]]],[[[103.7102,0.8211],[103.7102,0.8211]]],[[[103.6995,0.8245],[103.6995,0.8245]]],[[[104.6284,0.824],[104.6312,0.835],[104.6284,0.824]]],[[[104.2947,0.8273],[104.2947,0.8273]]],[[[104.1492,0.7916],[104.1419,0.8199],[104.1492,0.7916]]],[[[104.2271,0.8071],[104.2271,0.8071]]],[[[103.6826,0.8181],[103.6826,0.8181]]],[[[104.6647,0.8198],[104.6647,0.8198]]],[[[104.3016,0.82],[104.2907,0.8194],[104.3016,0.82]]],[[[104.2832,0.8194],[104.2832,0.8194]]],[[[103.8331,0.8195],[103.8331,0.8195]]],[[[103.8191,0.7533],[103.8202,0.7724],[103.7377,0.8278],[103.7206,0.8514],[103.7251,0.8818],[103.7832,0.8713],[103.8349,0.812],[103.8359,0.7641],[103.8191,0.7533]]],[[[104.6211,0.8371],[104.6246,0.8208],[104.6101,0.8145],[104.6211,0.8371]]],[[[103.3428,0.8474],[103.3428,0.8474]]],[[[103.3476,0.8495],[103.3476,0.8495]]],[[[104.6715,0.8308],[104.6715,0.8308]]],[[[104.2461,0.8323],[104.2461,0.8323]]],[[[104.1429,0.836],[104.1429,0.836]]],[[[104.7075,0.8451],[104.7075,0.8451]]],[[[103.499,0.8518],[103.499,0.8518]]],[[[104.6855,0.8382],[104.6855,0.8382]]],[[[103.6534,0.8379],[103.6534,0.8379]]],[[[104.3633,0.8479],[104.3655,0.8198],[104.351,0.8145],[104.3633,0.8479]]],[[[104.6663,0.8386],[104.6663,0.8386]]],[[[104.6254,0.8418],[104.6124,0.8422],[104.6254,0.8418]]],[[[104.6215,0.8483],[104.6215,0.8483]]],[[[104.6304,0.8481],[104.6304,0.8481]]],[[[104.696,0.8536],[104.696,0.8536]]],[[[103.4123,0.855],[103.4123,0.855]]],[[[104.719,0.8584],[104.719,0.8584]]],[[[104.6544,0.8154],[104.6208,0.808],[104.6475,0.8682],[104.6647,0.8506],[104.6544,0.8154]]],[[[104.6215,0.8492],[104.6217,0.8608],[104.6215,0.8492]]],[[[104.4524,0.8561],[104.4524,0.8561]]],[[[103.8231,0.8589],[103.8108,0.8996],[103.8925,0.8595],[103.9062,0.843],[103.8954,0.803],[103.8837,0.797],[103.8231,0.8589]]],[[[103.7025,0.8562],[103.6974,0.8367],[103.6919,0.8569],[103.7025,0.8562]]],[[[103.6795,0.8496],[103.6922,0.8233],[103.6553,0.8734],[103.6795,0.8496]]],[[[104.0271,0.8639],[104.0271,0.8639]]],[[[104.3908,0.8583],[104.3908,0.8583]]],[[[104.6134,0.8563],[104.6134,0.8563]]],[[[103.7956,0.8589],[103.7956,0.8589]]],[[[104.6375,0.8595],[104.6375,0.8595]]],[[[104.424,0.8614],[104.424,0.8614]]],[[[103.4228,0.8775],[103.4228,0.8775]]],[[[103.6247,0.8668],[103.6247,0.8668]]],[[[103.656,0.8668],[103.656,0.8668]]],[[[104.71,0.8751],[104.71,0.8751]]],[[[104.6911,0.8953],[104.6959,0.8485],[104.6768,0.845],[104.6607,0.8639],[104.6738,0.8924],[104.6911,0.8953]]],[[[104.7062,0.8717],[104.7062,0.8717]]],[[[103.9053,0.868],[103.9053,0.868]]],[[[103.9728,0.8678],[103.9728,0.8678]]],[[[104.6557,0.8662],[104.6557,0.8662]]],[[[104.2423,0.871],[104.2423,0.871]]],[[[103.7948,0.8754],[103.8036,0.867],[103.7948,0.8754]]],[[[103.809,0.8739],[103.809,0.8739]]],[[[103.7991,0.8757],[103.7991,0.8757]]],[[[104.7037,0.8722],[104.7037,0.8722]]],[[[104.6507,0.869],[104.6507,0.869]]],[[[104.1391,0.8605],[104.1059,0.8796],[104.0923,0.8702],[104.0949,0.9266],[104.0779,0.9599],[104.1196,0.9622],[104.1256,0.9357],[104.1405,0.9429],[104.1532,0.8984],[104.1706,0.8989],[104.1672,0.8669],[104.2097,0.8818],[104.2349,0.8752],[104.2365,0.86],[104.2661,0.859],[104.2452,0.8203],[104.2023,0.8079],[104.178,0.7825],[104.1391,0.8605]]],[[[104.469,0.8782],[104.4849,0.8713],[104.4632,0.8584],[104.4172,0.8758],[104.455,0.8877],[104.469,0.8782]]],[[[103.6998,0.8796],[103.6998,0.8796]]],[[[104.6569,0.876],[104.6569,0.876]]],[[[104.6354,0.894],[104.6564,0.8948],[104.6616,0.8798],[104.6279,0.854],[104.6191,0.8847],[104.6354,0.894]]],[[[103.717,0.8758],[103.717,0.8758]]],[[[103.8085,0.8778],[103.8085,0.8778]]],[[[103.8061,0.878],[103.8061,0.878]]],[[[103.7729,0.8813],[103.7729,0.8813]]],[[[104.3816,0.8793],[104.3816,0.8793]]],[[[103.965,0.8775],[103.965,0.8775]]],[[[103.7164,0.8807],[103.7164,0.8807]]],[[[103.7802,0.8792],[103.7802,0.8792]]],[[[103.8085,0.8799],[103.8085,0.8799]]],[[[103.9714,0.8795],[103.9714,0.8795]]],[[[104.1811,0.8796],[104.1811,0.8796]]],[[[103.6411,0.8839],[103.6411,0.8839]]],[[[103.8072,0.8822],[103.8072,0.8822]]],[[[103.8045,0.8807],[103.8045,0.8807]]],[[[103.9697,0.8829],[103.9697,0.8829]]],[[[103.933,0.8869],[103.933,0.8869]]],[[[103.7998,0.8852],[103.7998,0.8852]]],[[[103.7979,0.8865],[103.7979,0.8865]]],[[[104.0399,0.8868],[104.0399,0.8868]]],[[[103.9807,0.8886],[103.9807,0.8886]]],[[[103.9715,0.8894],[103.9715,0.8894]]],[[[103.3434,0.9096],[103.3402,0.894],[103.3434,0.9096]]],[[[103.3972,0.8937],[103.3972,0.8937]]],[[[103.4829,0.8798],[103.4868,0.8548],[103.4557,0.8583],[103.4052,0.9069],[103.4604,0.9219],[103.4829,0.8798]]],[[[103.508,0.914],[103.5285,0.8703],[103.5128,0.8602],[103.4861,0.9006],[103.4897,0.9261],[103.508,0.914]]],[[[104.6628,0.8898],[104.6628,0.8898]]],[[[103.8,0.8934],[103.8,0.8934]]],[[[103.7564,0.8985],[103.7679,0.884],[103.7448,0.8943],[103.7564,0.8985]]],[[[104.1867,0.8932],[104.1867,0.8932]]],[[[104.6337,0.8956],[104.6337,0.8956]]],[[[103.9537,0.8943],[103.9537,0.8943]]],[[[103.9552,0.9045],[103.9596,0.8931],[103.9552,0.9045]]],[[[103.8002,0.9022],[103.8002,0.9022]]],[[[104.0521,0.9206],[104.0358,0.8925],[104.0521,0.9206]]],[[[103.4587,0.6385],[103.4005,0.649],[103.4013,0.6707],[103.3515,0.7408],[103.3424,0.8009],[103.3763,0.897],[103.4058,0.882],[103.4121,0.8441],[103.4725,0.8092],[103.5129,0.7551],[103.4587,0.6385]]],[[[107.5773,0.9739],[107.5477,0.9501],[107.5794,0.9909],[107.5659,0.9961],[107.5733,1.008],[107.5418,0.9726],[107.5322,1.0258],[107.6016,0.9996],[107.5773,0.9739]]],[[[103.3377,0.9356],[103.3377,0.9356]]],[[[107.5188,0.9474],[107.5188,0.9474]]],[[[103.362,0.9608],[103.3633,0.9508],[103.362,0.9608]]],[[[103.4964,0.9503],[103.4964,0.9503]]],[[[103.978,0.9532],[103.978,0.9532]]],[[[104.3492,0.9521],[104.3363,0.9548],[104.3492,0.9521]]],[[[104.0015,0.955],[104.0015,0.955]]],[[[103.8208,0.9575],[103.8208,0.9575]]],[[[104.4089,0.9573],[104.4089,0.9573]]],[[[104.1422,0.9554],[104.1422,0.9554]]],[[[104.0262,0.962],[104.0283,0.9518],[104.0262,0.962]]],[[[103.9725,0.9622],[103.9715,0.9507],[103.9725,0.9622]]],[[[103.9959,0.9643],[103.998,0.9512],[103.9959,0.9643]]],[[[107.4993,0.9284],[107.4993,0.9284]]],[[[106.7397,0.9209],[106.7397,0.9209]]],[[[103.3389,0.9291],[103.3389,0.9291]]],[[[103.3464,0.9277],[103.3464,0.9277]]],[[[104.1882,0.9321],[104.1884,0.9192],[104.1614,0.9106],[104.171,0.9378],[104.1882,0.9321]]],[[[103.3861,0.9242],[103.3861,0.9242]]],[[[103.9082,0.9241],[103.9082,0.9241]]],[[[103.3872,0.9256],[103.3872,0.9256]]],[[[103.9544,0.9237],[103.9544,0.9237]]],[[[104.0285,0.924],[104.0285,0.924]]],[[[104.0393,0.9257],[104.0393,0.9257]]],[[[104.7906,0.9272],[104.7906,0.9272]]],[[[103.8128,0.9279],[103.8128,0.9279]]],[[[103.9486,0.9268],[103.9486,0.9268]]],[[[104.0522,0.926],[104.0522,0.926]]],[[[104.4228,0.9297],[104.4084,0.9264],[104.4228,0.9297]]],[[[104.9243,0.9369],[104.9276,0.9271],[104.9243,0.9369]]],[[[104.7439,0.9409],[104.7556,0.9187],[104.7323,0.9313],[104.7439,0.9409]]],[[[104.1572,0.9296],[104.1572,0.9296]]],[[[103.3726,0.9326],[103.3726,0.9326]]],[[[103.4431,0.9378],[103.4612,0.9251],[103.4441,0.9248],[103.4431,0.9378]]],[[[103.4208,0.9475],[103.4394,0.9309],[103.4191,0.9133],[103.4089,0.9407],[103.4208,0.9475]]],[[[104.1495,0.9347],[104.1495,0.9347]]],[[[103.9651,0.9325],[103.9651,0.9325]]],[[[104.2103,0.9364],[104.2103,0.9364]]],[[[103.7636,0.9357],[103.7636,0.9357]]],[[[103.7709,0.9358],[103.7709,0.9358]]],[[[104.1475,0.9351],[104.1475,0.9351]]],[[[104.1884,0.9381],[104.1884,0.9381]]],[[[103.9812,0.9366],[103.9812,0.9366]]],[[[103.8908,0.9355],[103.8908,0.9355]]],[[[103.3441,0.9381],[103.3441,0.9381]]],[[[107.5073,0.9501],[107.5024,0.9298],[107.5073,0.9501]]],[[[103.4472,0.9607],[103.4736,0.9497],[103.4759,0.9202],[103.4265,0.9561],[103.4472,0.9607]]],[[[104.6649,0.94],[104.6649,0.94]]],[[[104.0116,0.9399],[104.0116,0.9399]]],[[[103.7761,0.9465],[103.7709,0.9311],[103.7761,0.9465]]],[[[103.7861,0.9411],[103.7861,0.9411]]],[[[103.8315,0.941],[103.8315,0.941]]],[[[104.0632,0.9635],[104.08,0.949],[104.0681,0.9144],[104.0452,0.9378],[104.0455,0.9636],[104.0593,0.9739],[104.0632,0.9635]]],[[[104.6668,0.9441],[104.6668,0.9441]]],[[[104.2027,0.942],[104.2027,0.942]]],[[[103.494,0.9439],[103.494,0.9439]]],[[[107.4344,0.9776],[107.4733,0.9663],[107.4677,0.9232],[107.4397,0.9326],[107.4344,0.9776]]],[[[107.4857,0.9554],[107.4819,0.9434],[107.4809,0.966],[107.4857,0.9554]]],[[[103.7657,0.9484],[103.7657,0.9484]]],[[[104.1739,0.9563],[104.1979,0.9472],[104.1538,0.9334],[104.1421,0.9542],[104.1739,0.9563]]],[[[107.4213,0.9654],[107.4205,0.9477],[107.4213,0.9654]]],[[[107.4942,0.9653],[107.4892,0.9539],[107.4942,0.9653]]],[[[103.7904,0.9655],[103.7801,0.9639],[103.7904,0.9655]]],[[[104.0859,0.9587],[104.0859,0.9587]]],[[[103.8283,0.9638],[103.8283,0.9638]]],[[[103.982,0.9595],[103.982,0.9595]]],[[[103.984,0.9748],[103.9911,0.9456],[103.984,0.9748]]],[[[104.0405,0.9629],[104.0405,0.9629]]],[[[103.8457,0.9649],[103.8457,0.9649]]],[[[104.1616,0.9716],[104.1742,0.9677],[104.1537,0.9576],[104.1428,0.974],[104.1616,0.9716]]],[[[104.0988,0.9614],[104.0988,0.9614]]],[[[104.0739,0.9632],[104.0739,0.9632]]],[[[104.0869,0.9716],[104.0948,0.9581],[104.0869,0.9716]]],[[[103.8069,0.9672],[103.8069,0.9672]]],[[[103.9435,0.926],[103.9435,0.9102],[103.839,0.9712],[103.834,1.0173],[103.8606,1.0075],[103.8483,1.0247],[103.8683,1.0377],[103.8993,0.9997],[103.9196,1.0093],[103.9381,0.9975],[103.9679,0.9654],[103.9619,0.9347],[103.9435,0.926]]],[[[104.7901,1.0279],[104.8495,1.0133],[104.8543,0.9827],[104.8401,0.9619],[104.8139,0.9632],[104.8248,0.9803],[104.8049,0.9893],[104.811,1.0024],[104.7874,1.0043],[104.7901,1.0279]]],[[[104.6121,0.8766],[104.6112,0.8333],[104.5931,0.8103],[104.4779,0.8487],[104.4786,0.8653],[104.504,0.8777],[104.4391,0.9059],[104.4376,0.9255],[104.4798,0.9306],[104.409,0.9639],[104.4149,0.9782],[104.4734,0.978],[104.4414,0.9958],[104.4436,1.0136],[104.4815,1.0144],[104.4885,1.035],[104.4763,1.0269],[104.4536,1.0544],[104.4174,1.0395],[104.4164,1.0556],[104.4042,1.0541],[104.4056,1.0344],[104.3791,1.0107],[104.3391,1.025],[104.3323,0.9914],[104.2569,1.0012],[104.2261,1.0205],[104.2364,1.0373],[104.2129,1.0708],[104.2382,1.1236],[104.3302,1.1383],[104.3306,1.1639],[104.3103,1.1779],[104.3395,1.1917],[104.3722,1.1784],[104.3849,1.1869],[104.3758,1.1962],[104.4071,1.203],[104.5012,1.1703],[104.5363,1.1827],[104.5507,1.2237],[104.5839,1.2297],[104.5777,1.1555],[104.5967,1.1259],[104.6336,1.1079],[104.6575,1.0455],[104.6353,0.9877],[104.66,0.9144],[104.6242,0.9033],[104.6121,0.8766]]]]}},{"type":"Feature","properties":{"NAME_1":"Lampung"},"geometry":{"type":"MultiPolygon","coordinates":[[[[104.5641,-5.6018],[104.648,-5.6994],[104.6448,-5.7427],[104.7105,-5.8311],[104.6982,-5.8776],[104.7283,-5.9116],[104.7245,-5.9341],[104.5849,-5.9433],[104.5552,-5.9266],[104.5541,-5.9093],[104.5674,-5.9141],[104.5765,-5.8985],[104.5688,-5.8708],[104.453,-5.7641],[104.4156,-5.7055],[104.3008,-5.6406],[104.3209,-5.6148],[104.2998,-5.5754],[104.214,-5.5256],[104.1894,-5.4888],[104.1207,-5.4574],[104.1084,-5.4291],[104.0691,-5.4077],[104.0585,-5.3797],[104.0269,-5.3589],[104.0274,-5.3338],[103.9953,-5.3182],[104.0085,-5.2893],[103.987,-5.257],[103.9056,-5.2309],[103.9034,-5.2115],[103.9369,-5.173],[103.9122,-5.1278],[103.8671,-5.1107],[103.8382,-5.0663],[103.7875,-5.0328],[103.7484,-5.0442],[103.7462,-4.9889],[103.7103,-4.9613],[103.6608,-4.9908],[103.6399,-4.9333],[103.5713,-4.9261],[103.602,-4.8678],[103.7675,-4.7726],[103.7802,-4.7958],[103.8257,-4.8012],[103.8237,-4.8208],[103.8637,-4.8442],[103.8663,-4.876],[103.8446,-4.9163],[103.861,-4.9146],[103.9142,-4.96],[103.935,-4.8851],[103.9631,-4.9143],[104.0442,-4.9039],[104.0576,-4.89],[104.0885,-4.9166],[104.1521,-4.9253],[104.194,-4.8623],[104.2193,-4.8606],[104.2431,-4.8816],[104.2719,-4.8754],[104.2815,-4.8566],[104.3008,-4.8831],[104.3335,-4.8722],[104.3717,-4.8179],[104.3347,-4.7392],[104.3338,-4.708],[104.352,-4.6949],[104.3186,-4.6761],[104.293,-4.7048],[104.2873,-4.6833],[104.2952,-4.6463],[104.3216,-4.6446],[104.3343,-4.6054],[104.3145,-4.5224],[104.3325,-4.5036],[104.3241,-4.4589],[104.3854,-4.3475],[104.4476,-4.2998],[104.4664,-4.3135],[104.508,-4.2795],[104.548,-4.2716],[104.5366,-4.26],[104.5941,-4.2424],[104.621,-4.2129],[104.6231,-4.2424],[104.6626,-4.2614],[104.7169,-4.2635],[104.7649,-4.2458],[104.7928,-4.2647],[104.8216,-4.2409],[104.8744,-4.234],[104.8763,-4.2177],[104.9673,-4.1718],[105.0131,-4.1737],[105.0627,-4.1254],[105.0621,-4.0982],[105.0927,-4.0501],[105.1199,-4.0483],[105.1058,-4.017],[105.1422,-3.9726],[105.1394,-3.9342],[105.165,-3.9376],[105.1802,-3.9038],[105.2063,-3.8907],[105.2321,-3.8906],[105.2419,-3.9071],[105.2748,-3.8802],[105.294,-3.8414],[105.2845,-3.7972],[105.3046,-3.7932],[105.3187,-3.7319],[105.3348,-3.724],[105.3587,-3.7973],[105.421,-3.7789],[105.4362,-3.7873],[105.4334,-3.8268],[105.48,-3.8217],[105.4924,-3.8409],[105.5241,-3.8405],[105.5123,-3.8725],[105.5231,-3.8926],[105.5483,-3.8818],[105.5735,-3.9013],[105.5624,-3.9279],[105.5869,-3.9392],[105.5997,-3.9269],[105.6114,-3.9406],[105.5901,-3.9538],[105.6307,-4.0058],[105.6068,-4.0583],[105.6254,-4.0435],[105.6605,-4.0482],[105.6531,-4.0888],[105.6842,-4.0795],[105.6871,-4.1013],[105.711,-4.1083],[105.702,-4.14],[105.7294,-4.1345],[105.7469,-4.1496],[105.7767,-4.1125],[105.8083,-4.1235],[105.8271,-4.1879],[105.8253,-4.3431],[105.8588,-4.3779],[105.8526,-4.4068],[105.8916,-4.4404],[105.9131,-4.437],[105.8992,-4.489],[105.9053,-4.5505],[105.8845,-4.5901],[105.9169,-4.6467],[105.8985,-4.6849],[105.8758,-4.683],[105.8613,-4.7901],[105.8683,-4.8647],[105.902,-4.9371],[105.8741,-4.9637],[105.8592,-5.0379],[105.8632,-5.2577],[105.82,-5.3282],[105.8253,-5.5023],[105.8142,-5.5392],[105.8291,-5.5863],[105.7923,-5.7163],[105.7993,-5.7956],[105.7177,-5.9087],[105.7046,-5.8489],[105.6041,-5.8312],[105.579,-5.7888],[105.5894,-5.7367],[105.5545,-5.6993],[105.5611,-5.6705],[105.5352,-5.6714],[105.5229,-5.6965],[105.5024,-5.6691],[105.4118,-5.6243],[105.3241,-5.4992],[105.3203,-5.4694],[105.2898,-5.445],[105.2503,-5.469],[105.2654,-5.5204],[105.243,-5.5165],[105.2447,-5.547],[105.2614,-5.5447],[105.2386,-5.565],[105.2442,-5.5879],[105.2036,-5.5766],[105.1662,-5.6042],[105.1881,-5.6483],[105.2087,-5.6462],[105.1779,-5.6703],[105.2188,-5.7195],[105.1804,-5.7212],[105.1538,-5.7478],[105.1734,-5.778],[105.2055,-5.7665],[105.2222,-5.7787],[105.1949,-5.8025],[105.1508,-5.8086],[105.1168,-5.7754],[105.0887,-5.7953],[105.1084,-5.7727],[105.0895,-5.7747],[105.0937,-5.7564],[105.0635,-5.7644],[105.0542,-5.7439],[105.0288,-5.7526],[105.0269,-5.7278],[105.0124,-5.7328],[105.006,-5.7171],[104.9605,-5.7173],[104.9509,-5.6935],[104.9373,-5.7023],[104.906,-5.676],[104.9289,-5.6656],[104.8849,-5.6656],[104.8287,-5.6214],[104.7767,-5.6045],[104.6907,-5.5147],[104.6067,-5.4909],[104.5674,-5.5064],[104.5304,-5.5444],[104.5641,-5.6018]]],[[[105.1799,-5.7558],[105.1799,-5.7558]]],[[[105.2456,-5.7965],[105.2456,-5.7965]]],[[[105.2116,-5.735],[105.2116,-5.735]]],[[[105.2291,-5.7295],[105.2291,-5.7295]]],[[[105.2173,-5.7274],[105.2173,-5.7274]]],[[[105.1733,-5.7475],[105.1733,-5.7475]]],[[[105.1731,-5.7402],[105.1731,-5.7402]]],[[[105.1983,-5.7344],[105.1983,-5.7344]]],[[[105.1971,-5.7323],[105.1971,-5.7323]]],[[[105.1967,-5.7293],[105.1967,-5.7293]]],[[[105.2024,-5.7295],[105.2024,-5.7295]]],[[[105.2005,-5.7282],[105.2005,-5.7282]]],[[[105.2293,-5.6624],[105.2402,-5.6678],[105.228,-5.6855],[105.2076,-5.6851],[105.2092,-5.6651],[105.2293,-5.6624]]],[[[105.2403,-5.6744],[105.2403,-5.6744]]],[[[104.8508,-5.8401],[104.8135,-5.8238],[104.7828,-5.7656],[104.8507,-5.8011],[104.8508,-5.8401]]],[[[103.8496,-5.1262],[103.8393,-5.1195],[103.8518,-5.1151],[103.8496,-5.1262]]],[[[105.7882,-5.8915],[105.7755,-5.8851],[105.7882,-5.8915]]],[[[105.7684,-5.879],[105.7684,-5.879]]],[[[105.7731,-5.8728],[105.7731,-5.8728]]],[[[105.7699,-5.8717],[105.7699,-5.8717]]],[[[105.7647,-5.8891],[105.7475,-5.8995],[105.7647,-5.8891]]],[[[105.7376,-5.8874],[105.7376,-5.8874]]],[[[105.7901,-5.8477],[105.7867,-5.8686],[105.7755,-5.8651],[105.7901,-5.8477]]],[[[105.795,-5.8454],[105.795,-5.8454]]],[[[105.7776,-5.8454],[105.7776,-5.8454]]],[[[105.4585,-6.1365],[105.4525,-6.1679],[105.4194,-6.1553],[105.4204,-6.1417],[105.4585,-6.1365]]],[[[105.4632,-6.0863],[105.4532,-6.1088],[105.4505,-6.0801],[105.4632,-6.0863]]],[[[105.5123,-5.9304],[105.5013,-5.9689],[105.4675,-5.9643],[105.4773,-5.9261],[105.5123,-5.9304]]],[[[105.4571,-5.8847],[105.4571,-5.8847]]],[[[105.5394,-5.8794],[105.5394,-5.8794]]],[[[105.5349,-5.8512],[105.5291,-5.8612],[105.5446,-5.8652],[105.5298,-5.8934],[105.5045,-5.903],[105.492,-5.8773],[105.5061,-5.8566],[105.5349,-5.8512]]],[[[105.3596,-6.1064],[105.4035,-6.0733],[105.382,-6.1026],[105.3596,-6.1064]]],[[[105.3331,-5.8326],[105.3331,-5.8326]]],[[[105.3517,-5.8263],[105.3517,-5.8263]]],[[[105.3422,-5.8224],[105.3411,-5.8111],[105.3422,-5.8224]]],[[[105.4158,-6.102],[105.4225,-6.0901],[105.4352,-6.1032],[105.4158,-6.102]]],[[[105.3323,-5.8069],[105.3323,-5.8069]]],[[[105.3623,-5.5474],[105.3623,-5.5474]]],[[[105.3542,-5.5467],[105.3542,-5.5467]]],[[[105.3567,-5.5456],[105.3567,-5.5456]]],[[[105.2918,-5.8423],[105.2918,-5.8423]]],[[[105.3117,-5.8288],[105.3219,-5.8282],[105.3117,-5.8288]]],[[[105.321,-5.8205],[105.321,-5.8205]]],[[[105.3162,-5.8198],[105.3162,-5.8198]]],[[[105.3137,-5.8126],[105.3137,-5.8126]]],[[[105.3084,-5.807],[105.3084,-5.807]]],[[[105.32,-5.801],[105.3319,-5.8212],[105.312,-5.7831],[105.32,-5.801]]],[[[105.2789,-5.7924],[105.2789,-5.7924]]],[[[105.307,-5.8103],[105.2805,-5.8398],[105.2283,-5.8299],[105.2791,-5.8128],[105.2914,-5.7874],[105.307,-5.8103]]],[[[105.2769,-5.8069],[105.2769,-5.8069]]],[[[105.278,-5.8062],[105.278,-5.8062]]],[[[105.2465,-5.5956],[105.2465,-5.5956]]],[[[105.3218,-5.7854],[105.3218,-5.7854]]],[[[105.3121,-5.7814],[105.3121,-5.7814]]],[[[105.2377,-5.6407],[105.2132,-5.6376],[105.2131,-5.6221],[105.2238,-5.6169],[105.2377,-5.6407]]],[[[105.2816,-5.5689],[105.2697,-5.5622],[105.2816,-5.5689]]],[[[105.264,-5.5441],[105.264,-5.5441]]],[[[105.258,-5.5271],[105.258,-5.5271]]],[[[105.2662,-5.5187],[105.2662,-5.5187]]],[[[105.2722,-5.5123],[105.2722,-5.5123]]],[[[105.2589,-5.4858],[105.2589,-5.4858]]],[[[105.2659,-5.4632],[105.2659,-5.4632]]],[[[106.2114,-5.2082],[106.2114,-5.2082]]],[[[106.1092,-5.1673],[106.1092,-5.1673]]],[[[106.111,-5.1539],[106.111,-5.1539]]],[[[104.4794,-4.2965],[104.4794,-4.2965]]]]}},{"type":"Feature","properties":{"NAME_1":"Maluku"},"geometry":{"type":"MultiPolygon","coordinates":[[[[130.9183,-8.2562],[130.9183,-8.2562]]],[[[127.6477,-8.2383],[127.5925,-8.215],[127.6816,-8.1545],[127.7451,-8.1839],[127.7296,-8.2171],[127.6477,-8.2383]]],[[[128.1466,-8.281],[128.0757,-8.2611],[128.0907,-8.2065],[128.2149,-8.2102],[128.23,-8.2735],[128.1466,-8.281]]],[[[128.0526,-8.1469],[128.0937,-8.1406],[128.1205,-8.1661],[128.0655,-8.1989],[128.0418,-8.2593],[128.0035,-8.2622],[127.952,-8.2489],[127.9362,-8.2214],[127.8636,-8.2198],[127.7998,-8.1965],[127.7513,-8.1149],[127.8038,-8.1053],[127.9342,-8.1458],[128.0526,-8.1469]]],[[[128.9364,-8.2164],[128.9403,-8.2353],[128.9067,-8.2333],[128.8221,-8.1899],[128.8635,-8.1743],[128.9634,-8.1752],[129.0336,-8.2156],[129.0173,-8.2494],[128.9364,-8.2164]]],[[[128.7195,-8.1966],[128.7195,-8.1966]]],[[[128.7112,-8.1956],[128.7112,-8.1956]]],[[[128.7039,-8.1786],[128.7079,-8.1912],[128.6905,-8.189],[128.6762,-8.1699],[128.7039,-8.1786]]],[[[128.7797,-8.1687],[128.7917,-8.1874],[128.7806,-8.1983],[128.7741,-8.1732],[128.75,-8.163],[128.7797,-8.1687]]],[[[129.8256,-8.2142],[129.8044,-8.2074],[129.842,-8.1452],[129.8938,-8.1396],[129.8256,-8.2142]]],[[[128.746,-8.1614],[128.746,-8.1614]]],[[[128.7265,-8.1622],[128.7132,-8.1586],[128.7265,-8.1622]]],[[[128.6774,-8.1561],[128.6774,-8.1561]]],[[[125.7396,-7.9243],[125.7387,-7.9496],[125.7396,-7.9243]]],[[[131.2925,-8.0285],[131.2842,-8.0551],[131.271,-8.0529],[131.2925,-8.0285]]],[[[125.7508,-7.9884],[125.7579,-8.0126],[125.7286,-8.0553],[125.7258,-7.9652],[125.7508,-7.9884]]],[[[127.2077,-8.0972],[127.1544,-8.0927],[127.1505,-8.0474],[127.1732,-8.0273],[127.205,-8.0344],[127.2186,-8.094],[127.2077,-8.0972]]],[[[131.214,-8.0586],[131.1926,-8.0767],[131.2073,-8.0453],[131.214,-8.0586]]],[[[131.1906,-8.0309],[131.1906,-8.0309]]],[[[125.7448,-7.9711],[125.7499,-7.9835],[125.7448,-7.9711]]],[[[130.7849,-8.3323],[130.7584,-8.3322],[130.801,-8.2934],[130.8208,-8.2488],[130.9362,-8.193],[130.9207,-8.1723],[130.9368,-8.1625],[130.9174,-8.1669],[130.9236,-8.1313],[130.938,-8.1216],[130.9451,-8.1362],[130.9987,-8.1391],[131.0123,-8.12],[130.9873,-8.1236],[130.9871,-8.1095],[131.0166,-8.0751],[131.0334,-8.0719],[131.0835,-8.107],[131.0701,-8.1554],[131.128,-8.1079],[131.169,-8.1113],[131.1452,-8.1502],[130.9897,-8.2287],[130.8972,-8.2333],[130.8842,-8.2548],[130.8984,-8.2836],[130.8295,-8.3158],[130.8201,-8.3363],[130.7849,-8.3323]]],[[[129.9192,-8.113],[129.898,-8.1296],[129.8575,-8.1251],[129.9183,-8.0875],[129.9192,-8.113]]],[[[131.0912,-8.0775],[131.0821,-8.0857],[131.0912,-8.0775]]],[[[127.5527,-7.5435],[127.5527,-7.5435]]],[[[127.3001,-7.5242],[127.2777,-7.5189],[127.2973,-7.5096],[127.3001,-7.5242]]],[[[127.5422,-7.5276],[127.5385,-7.5427],[127.5422,-7.5276]]],[[[130.9873,-7.5226],[130.9847,-7.5442],[130.9639,-7.535],[130.9873,-7.5226]]],[[[127.5462,-7.5303],[127.5462,-7.5303]]],[[[127.5497,-7.5156],[127.5497,-7.5156]]],[[[130.8235,-7.4821],[130.8319,-7.4946],[130.8061,-7.4805],[130.8235,-7.4821]]],[[[131.1484,-7.518],[131.1525,-7.5382],[131.1246,-7.5256],[131.134,-7.5099],[131.1484,-7.518]]],[[[131.1621,-7.5228],[131.1526,-7.5155],[131.1621,-7.5228]]],[[[130.9891,-7.51],[130.9891,-7.51]]],[[[131.0019,-7.5145],[130.9954,-7.5033],[131.0019,-7.5145]]],[[[131.4559,-7.8447],[131.4559,-7.8447]]],[[[131.442,-7.8388],[131.43,-7.8365],[131.442,-7.8388]]],[[[131.3384,-7.9494],[131.3384,-7.9494]]],[[[129.5157,-7.9285],[129.5172,-7.8418],[129.5717,-7.9075],[129.5432,-7.9512],[129.5157,-7.9285]]],[[[131.2565,-7.9862],[131.2565,-7.9862]]],[[[131.0696,-8.0093],[131.0696,-8.0093]]],[[[131.082,-8.0299],[131.086,-8.0059],[131.1051,-8.0424],[131.082,-8.0299]]],[[[129.7694,-8.047],[129.7289,-8.0457],[129.6874,-8.0225],[129.5831,-7.9013],[129.5876,-7.8326],[129.6155,-7.804],[129.6806,-7.7837],[129.8182,-7.814],[129.857,-7.8389],[129.8424,-7.8704],[129.8656,-7.9146],[129.827,-7.96],[129.7943,-8.0395],[129.7694,-8.047]]],[[[125.8008,-8.0116],[125.7857,-7.9934],[125.8148,-7.9552],[125.8239,-7.9118],[125.8041,-7.8598],[125.87,-7.8127],[125.8624,-7.7658],[125.9146,-7.7442],[125.9365,-7.6777],[125.974,-7.6536],[126.0352,-7.698],[126.1881,-7.7275],[126.2402,-7.6875],[126.3285,-7.6954],[126.3717,-7.6678],[126.3816,-7.6367],[126.4541,-7.6244],[126.4799,-7.5885],[126.5999,-7.5734],[126.6276,-7.5573],[126.6423,-7.565],[126.6439,-7.6057],[126.6895,-7.6214],[126.7266,-7.6663],[126.8162,-7.6574],[126.8102,-7.6798],[126.8438,-7.7347],[126.8188,-7.7555],[126.7241,-7.7419],[126.5543,-7.8224],[126.4694,-7.9743],[126.4254,-7.9308],[126.3711,-7.935],[126.3337,-7.915],[126.1738,-7.926],[126.1329,-7.8925],[126.0704,-7.8879],[125.9775,-7.9193],[125.945,-7.9141],[125.8645,-7.9745],[125.8123,-7.9916],[125.8008,-8.0116]]],[[[125.9283,-7.6743],[125.9091,-7.674],[125.9275,-7.6586],[125.9283,-7.6743]]],[[[131.0838,-7.7365],[131.0952,-7.7214],[131.0966,-7.7466],[131.0825,-7.7379],[131.0914,-7.7513],[131.0789,-7.7642],[131.0684,-7.7505],[131.0838,-7.7365]]],[[[131.1041,-7.713],[131.1007,-7.7232],[131.1041,-7.713]]],[[[130.0765,-7.7985],[130.0527,-7.7755],[130.0236,-7.7733],[130.0341,-7.7614],[130.0878,-7.7714],[130.0765,-7.7985]]],[[[130.9564,-7.7677],[130.9596,-7.7337],[130.9564,-7.7677]]],[[[131.0322,-7.753],[131.0322,-7.753]]],[[[131.0112,-7.7582],[131.0175,-7.7396],[131.0112,-7.7582]]],[[[130.0225,-7.7349],[130.0105,-7.7441],[129.9831,-7.7307],[129.98,-7.7134],[129.9966,-7.7041],[130.0225,-7.7349]]],[[[127.4388,-7.6444],[127.4332,-7.6355],[127.4388,-7.6444]]],[[[127.6377,-7.5949],[127.6377,-7.5949]]],[[[127.5951,-7.565],[127.619,-7.601],[127.5993,-7.6287],[127.5894,-7.5513],[127.5951,-7.565]]],[[[131.0337,-7.7103],[131.0444,-7.7196],[130.974,-7.7379],[130.9652,-7.6873],[131.0456,-7.6515],[131.0468,-7.6709],[131.0627,-7.6431],[131.0962,-7.6301],[131.1243,-7.6342],[131.1045,-7.6904],[131.0584,-7.701],[131.064,-7.6774],[131.0523,-7.6783],[131.0368,-7.6847],[131.0337,-7.7103]]],[[[131.1186,-7.6806],[131.1186,-7.6806]]],[[[131.051,-7.655],[131.0573,-7.6456],[131.051,-7.655]]],[[[130.9469,-7.6345],[130.9469,-7.6345]]],[[[127.4827,-7.5779],[127.4429,-7.6084],[127.4139,-7.6064],[127.3915,-7.6588],[127.3496,-7.6593],[127.333,-7.6375],[127.3431,-7.6072],[127.3773,-7.5932],[127.3617,-7.5308],[127.3763,-7.4972],[127.3979,-7.5006],[127.3881,-7.5117],[127.399,-7.5165],[127.4141,-7.5017],[127.4593,-7.5339],[127.4876,-7.5274],[127.4827,-7.5779]]],[[[129.6765,-7.5631],[129.6585,-7.5504],[129.6683,-7.5273],[129.693,-7.5525],[129.7273,-7.554],[129.7164,-7.5734],[129.6765,-7.5631]]],[[[130.8564,-7.4999],[130.9343,-7.5307],[130.9755,-7.5045],[130.9856,-7.5119],[130.9643,-7.513],[130.9743,-7.5239],[130.9528,-7.5395],[130.9807,-7.5586],[130.94,-7.5379],[130.9111,-7.5735],[130.843,-7.5612],[130.8313,-7.5534],[130.8336,-7.5004],[130.8564,-7.4999]]],[[[134.5215,-7.0651],[134.5339,-7.0755],[134.5222,-7.0993],[134.4759,-7.0869],[134.4909,-7.0624],[134.5215,-7.0651]]],[[[131.56,-7.0495],[131.56,-7.0495]]],[[[134.6816,-7.005],[134.6827,-7.0248],[134.6697,-7.0162],[134.6816,-7.005]]],[[[131.5915,-6.9799],[131.5915,-6.9799]]],[[[131.6039,-6.9779],[131.6039,-6.9779]]],[[[131.9148,-7.0765],[131.9034,-7.0608],[131.9127,-7.0452],[132.0027,-6.9818],[131.9576,-7.0486],[131.9148,-7.0765]]],[[[131.5788,-6.9823],[131.5754,-6.9713],[131.5788,-6.9823]]],[[[131.6449,-7.0896],[131.6512,-7.0776],[131.6449,-7.0896]]],[[[131.4666,-7.0935],[131.4666,-7.0935]]],[[[131.4327,-7.08],[131.4325,-7.0636],[131.4471,-7.0886],[131.4327,-7.08]]],[[[131.5946,-6.9647],[131.5946,-6.9647]]],[[[134.1996,-6.942],[134.1996,-6.942]]],[[[131.5112,-6.8285],[131.5357,-6.8084],[131.5112,-6.8285]]],[[[131.5411,-6.8127],[131.5411,-6.8127]]],[[[131.494,-6.9062],[131.4789,-6.9222],[131.4567,-6.9123],[131.487,-6.8642],[131.5131,-6.8705],[131.494,-6.9062]]],[[[131.5916,-6.6607],[131.5916,-6.6607]]],[[[131.5225,-6.7913],[131.5186,-6.7483],[131.5635,-6.7031],[131.564,-6.678],[131.6194,-6.6777],[131.599,-6.7279],[131.5749,-6.7103],[131.5619,-6.724],[131.5644,-6.7621],[131.5915,-6.7566],[131.5822,-6.7758],[131.5302,-6.8026],[131.5225,-6.7913]]],[[[131.1618,-7.419],[131.1415,-7.4274],[131.1273,-7.4615],[131.0871,-7.4838],[131.0791,-7.4748],[131.0566,-7.5187],[131.0325,-7.5091],[131.0565,-7.4943],[131.0539,-7.4791],[130.9998,-7.5],[130.9641,-7.4868],[130.9653,-7.4513],[130.9856,-7.4237],[131.1521,-7.3978],[131.1618,-7.419]]],[[[131.3301,-7.9493],[131.341,-7.9833],[131.2952,-8.0228],[131.289,-7.9949],[131.309,-7.9552],[131.3007,-7.9048],[131.2287,-8.0024],[131.1874,-7.988],[131.106,-7.9905],[131.1215,-7.9033],[131.1041,-7.8688],[131.1021,-7.8882],[131.0845,-7.875],[131.0846,-7.8421],[131.1098,-7.8192],[131.1246,-7.8333],[131.1496,-7.8198],[131.1464,-7.7995],[131.1128,-7.7805],[131.1387,-7.7682],[131.1312,-7.7589],[131.147,-7.7436],[131.1149,-7.7523],[131.1081,-7.7014],[131.1322,-7.6763],[131.1703,-7.7205],[131.2437,-7.7228],[131.2361,-7.7068],[131.1839,-7.6974],[131.1575,-7.6668],[131.1792,-7.648],[131.1954,-7.5827],[131.1833,-7.5915],[131.2236,-7.5247],[131.2266,-7.4859],[131.3147,-7.416],[131.3428,-7.4403],[131.3532,-7.3906],[131.3807,-7.3892],[131.3656,-7.3668],[131.3908,-7.355],[131.3837,-7.3409],[131.4245,-7.3329],[131.4472,-7.3448],[131.4288,-7.3155],[131.4414,-7.2782],[131.4525,-7.2851],[131.4818,-7.23],[131.5351,-7.2235],[131.5167,-7.1757],[131.5308,-7.1397],[131.5723,-7.1442],[131.5825,-7.1215],[131.6494,-7.1143],[131.6547,-7.1444],[131.6367,-7.1692],[131.6471,-7.1748],[131.6775,-7.1681],[131.6758,-7.1495],[131.706,-7.1362],[131.6891,-7.1597],[131.7169,-7.1618],[131.7159,-7.1841],[131.7414,-7.2152],[131.6526,-7.2251],[131.6291,-7.2528],[131.6543,-7.3262],[131.6479,-7.3481],[131.676,-7.3624],[131.6737,-7.384],[131.6442,-7.3926],[131.6583,-7.3987],[131.6543,-7.4265],[131.7037,-7.4173],[131.6675,-7.4453],[131.6695,-7.49],[131.6494,-7.4949],[131.6644,-7.5096],[131.6209,-7.6416],[131.5844,-7.6585],[131.553,-7.7182],[131.4834,-7.7276],[131.4804,-7.7791],[131.4521,-7.7739],[131.4635,-7.8044],[131.3837,-7.8458],[131.3599,-7.8763],[131.379,-7.8913],[131.3414,-7.9068],[131.3264,-7.9317],[131.3536,-7.9281],[131.3301,-7.9493]]],[[[131.1907,-7.42],[131.2008,-7.4154],[131.1907,-7.42]]],[[[131.326,-7.401],[131.314,-7.4064],[131.3169,-7.3854],[131.326,-7.401]]],[[[131.1672,-7.3975],[131.1782,-7.3916],[131.1672,-7.3975]]],[[[128.5611,-7.3242],[128.5619,-7.2961],[128.5611,-7.3242]]],[[[131.3785,-7.2871],[131.3785,-7.2871]]],[[[128.5595,-7.3715],[128.5594,-7.3905],[128.5595,-7.3715]]],[[[131.2711,-7.3213],[131.2995,-7.3347],[131.2577,-7.354],[131.2662,-7.375],[131.2044,-7.3541],[131.2239,-7.3465],[131.2223,-7.3273],[131.2392,-7.3355],[131.2355,-7.3086],[131.2506,-7.2999],[131.2711,-7.3213]]],[[[128.3972,-7.232],[128.3972,-7.232]]],[[[128.3907,-7.2321],[128.3907,-7.2321]]],[[[131.4584,-7.2424],[131.4552,-7.2307],[131.4694,-7.2297],[131.4584,-7.2424]]],[[[131.4742,-7.2338],[131.4742,-7.2338]]],[[[131.4001,-7.2619],[131.3983,-7.2432],[131.4001,-7.2619]]],[[[131.4878,-7.1728],[131.487,-7.2054],[131.4507,-7.1961],[131.4729,-7.1648],[131.4857,-7.1597],[131.4878,-7.1728]]],[[[131.5016,-7.1772],[131.5016,-7.1772]]],[[[131.9557,-7.164],[131.9846,-7.2089],[131.9733,-7.2371],[131.9482,-7.247],[131.9086,-7.2243],[131.8998,-7.1802],[131.8681,-7.1635],[131.776,-7.1612],[131.7586,-7.1782],[131.7535,-7.1655],[131.7245,-7.1727],[131.7108,-7.1514],[131.7163,-7.1321],[131.7497,-7.1136],[131.9122,-7.1005],[131.9557,-7.164]]],[[[131.4015,-7.2345],[131.3988,-7.2213],[131.3793,-7.2366],[131.362,-7.228],[131.3859,-7.1965],[131.4015,-7.2345]]],[[[128.6432,-7.0864],[128.6985,-7.1169],[128.6817,-7.141],[128.6536,-7.1409],[128.6664,-7.1641],[128.688,-7.1655],[128.6485,-7.2216],[128.5179,-7.1481],[128.5892,-7.0696],[128.6432,-7.0864]]],[[[131.4919,-7.1328],[131.4991,-7.1254],[131.4919,-7.1328]]],[[[131.6104,-7.1144],[131.6104,-7.1144]]],[[[131.4788,-7.1146],[131.4788,-7.1146]]],[[[131.4332,-7.1325],[131.4448,-7.0926],[131.4542,-7.1196],[131.4332,-7.1325]]],[[[134.2119,-6.527],[134.2119,-6.527]]],[[[134.2097,-6.5241],[134.2097,-6.5241]]],[[[134.2205,-6.5205],[134.2205,-6.5205]]],[[[134.1733,-6.4692],[134.1837,-6.4625],[134.1733,-6.4692]]],[[[134.7568,-6.4934],[134.7719,-6.4892],[134.7568,-6.4934]]],[[[134.5169,-6.53],[134.5286,-6.4809],[134.5839,-6.4741],[134.5483,-6.5354],[134.5169,-6.53]]],[[[134.7733,-6.4207],[134.763,-6.4299],[134.7733,-6.4207]]],[[[134.7678,-6.4096],[134.7594,-6.4154],[134.7678,-6.4096]]],[[[134.6239,-6.5041],[134.5942,-6.5177],[134.5792,-6.5067],[134.5899,-6.4748],[134.6359,-6.4486],[134.6434,-6.4622],[134.6239,-6.5041]]],[[[134.3432,-6.3977],[134.3432,-6.3977]]],[[[134.7738,-6.1457],[134.7738,-6.1457]]],[[[134.7548,-6.1455],[134.7548,-6.1455]]],[[[134.2651,-6.1289],[134.274,-6.1188],[134.2875,-6.1342],[134.2809,-6.1451],[134.2651,-6.1289]]],[[[134.243,-6.1114],[134.243,-6.1114]]],[[[134.7934,-6.1006],[134.7934,-6.1006]]],[[[134.8933,-6.0802],[134.8839,-6.0728],[134.8933,-6.0802]]],[[[134.8668,-6.0185],[134.8668,-6.0185]]],[[[134.8681396226415,-6.009781132075473],[134.8681396226415,-6.009781132075473]]],[[[134.8661,-6.0159],[134.8661,-6.0159]]],[[[134.3491,-6.0366],[134.3491,-6.0366]]],[[[134.8643,-5.9555],[134.8535,-5.9594],[134.8643,-5.9555]]],[[[134.8235,-5.8282],[134.8235,-5.8282]]],[[[134.8206,-5.8281],[134.8206,-5.8281]]],[[[134.8158,-5.8215],[134.8158,-5.8215]]],[[[134.7284,-6.4218],[134.7321,-6.3819],[134.7538,-6.3587],[134.7539,-6.4176],[134.7445,-6.4328],[134.7284,-6.4218]]],[[[134.5551,-6.4845],[134.5414,-6.4613],[134.5485,-6.4835],[134.5283,-6.4805],[134.5094,-6.5165],[134.4733,-6.4681],[134.5148,-6.4073],[134.533,-6.3453],[134.5963,-6.3847],[134.6118,-6.4283],[134.6002,-6.4593],[134.5551,-6.4845]]],[[[134.7683,-6.4079],[134.7776,-6.3664],[134.7872,-6.3983],[134.7753,-6.418],[134.7683,-6.4079]]],[[[134.3099,-6.3508],[134.2958,-6.3311],[134.3142,-6.3074],[134.3271,-6.3605],[134.3099,-6.3508]]],[[[134.8614,-6.3236],[134.8656,-6.3461],[134.8894,-6.2853],[134.9086,-6.3213],[134.8448,-6.4765],[134.8018,-6.4497],[134.807,-6.4315],[134.8201,-6.435],[134.7974,-6.3901],[134.8444,-6.3279],[134.8517,-6.2829],[134.8694,-6.2821],[134.8786,-6.3028],[134.8614,-6.3236]]],[[[134.364,-6.36],[134.3648945945946,-6.346908108108111],[134.3738,-6.3775],[134.364,-6.36]]],[[[134.3648945945946,-6.346908108108111],[134.3744,-6.3199],[134.3914,-6.3123],[134.4039,-6.3312],[134.4064,-6.2951],[134.4495,-6.2739],[134.5034,-6.303],[134.5333,-6.3389],[134.5172,-6.3977],[134.4771,-6.4494],[134.4487,-6.4479],[134.4073,-6.3974],[134.3685,-6.3972],[134.3775,-6.3677],[134.3648945945946,-6.346908108108111]]],[[[134.3551,-6.3643],[134.3606,-6.3532],[134.3551,-6.3643]]],[[[134.3436,-6.3572],[134.3314,-6.366],[134.3436,-6.3572]]],[[[134.3306,-6.3503],[134.3306,-6.3503]]],[[[134.7923,-6.326],[134.7923,-6.326]]],[[[134.8255,-6.3264],[134.8021,-6.3542],[134.7877,-6.3483],[134.8261,-6.2954],[134.8255,-6.3264]]],[[[134.5363,-6.3331],[134.522,-6.3275],[134.5363,-6.3331]]],[[[134.3407,-6.3235],[134.356,-6.3236],[134.349,-6.3428],[134.3407,-6.3235]]],[[[134.3596,-6.3328],[134.3596,-6.3328]]],[[[134.532,-6.3129],[134.5448,-6.3028],[134.5427,-6.3332],[134.5224,-6.3246],[134.532,-6.3129]]],[[[134.8731,-6.1572],[134.8888,-6.1383],[134.8867,-6.1595],[134.8731,-6.1572]]],[[[134.8621,-6.1585],[134.8621,-6.1585]]],[[[134.7217,-6.3114],[134.6992,-6.3042],[134.7217,-6.3114]]],[[[134.3339,-6.3254],[134.3081,-6.2795],[134.3339,-6.3254]]],[[[134.7417,-6.2633],[134.7417,-6.2633]]],[[[134.858,-6.2251],[134.858,-6.2251]]],[[[134.2051,-6.2044],[134.2112,-6.1948],[134.22,-6.2073],[134.2051,-6.2044]]],[[[134.8582,-6.22],[134.8632,-6.185],[134.876,-6.1947],[134.8582,-6.22]]],[[[134.8865,-6.1823],[134.8865,-6.1823]]],[[[134.8454,-6.1635],[134.8454,-6.1635]]],[[[134.519,-6.9517],[134.4926,-6.9539],[134.4892,-6.9404],[134.5121,-6.9301],[134.53,-6.9471],[134.519,-6.9517]]],[[[134.2061,-6.9264],[134.2061,-6.9264]]],[[[134.5326,-6.9176],[134.522,-6.9076],[134.5481,-6.9091],[134.5326,-6.9176]]],[[[134.76,-6.8578],[134.7553,-6.8697],[134.76,-6.8578]]],[[[134.4807,-6.831],[134.4807,-6.831]]],[[[134.6149,-6.8979],[134.5867,-6.8765],[134.6048,-6.8847],[134.6326,-6.855],[134.6462,-6.8542],[134.6444,-6.8665],[134.6613,-6.8436],[134.6805,-6.8469],[134.6149,-6.8979]]],[[[134.7304,-6.8675],[134.7527,-6.8674],[134.7153,-6.876],[134.6868,-6.8585],[134.7304,-6.8675]]],[[[134.6429,-6.8438],[134.6429,-6.8438]]],[[[134.7763,-6.6627],[134.7763,-6.6627]]],[[[134.781,-6.6022],[134.781,-6.6022]]],[[[134.765,-6.5659],[134.765,-6.5659]]],[[[134.7148,-6.5499],[134.7351,-6.5607],[134.726,-6.5712],[134.702,-6.5617],[134.7148,-6.5499]]],[[[134.5308,-6.6616],[134.5308,-6.6616]]],[[[134.7947,-6.6274],[134.7874,-6.6406],[134.7645,-6.6349],[134.7555,-6.608],[134.7755,-6.6027],[134.7947,-6.6274]]],[[[134.5948,-6.6252],[134.5885,-6.6059],[134.6019,-6.6146],[134.5948,-6.6252]]],[[[134.7406,-6.5943],[134.7281,-6.5847],[134.7406,-6.5943]]],[[[134.759,-6.5857],[134.759,-6.5857]]],[[[134.5376,-6.7714],[134.5094,-6.7783],[134.5209,-6.7514],[134.5525,-6.75],[134.5376,-6.7714]]],[[[134.5287,-6.7495],[134.4748,-6.7563],[134.5069,-6.7159],[134.5287,-6.7495]]],[[[134.4108,-6.738],[134.4108,-6.738]]],[[[134.442,-6.7271],[134.442,-6.7271]]],[[[134.4711,-6.7047],[134.4711,-6.7047]]],[[[134.4743,-6.6996],[134.4948,-6.682],[134.4847,-6.7087],[134.4743,-6.6996]]],[[[134.6973,-6.7421],[134.6735,-6.7821],[134.6226,-6.7552],[134.6275,-6.7103],[134.6661,-6.6759],[134.6868,-6.592],[134.7095,-6.5783],[134.7611,-6.6238],[134.7391,-6.6474],[134.7381,-6.7014],[134.6973,-6.7421]]],[[[134.4982,-6.7045],[134.5087,-6.6606],[134.5281,-6.6901],[134.5101,-6.7112],[134.4982,-6.7045]]],[[[134.8454,-6.5045],[134.8133,-6.5618],[134.7781,-6.5498],[134.7752,-6.5091],[134.7954,-6.5088],[134.8211,-6.4803],[134.8493,-6.4902],[134.8454,-6.5045]]],[[[134.5776,-6.5457],[134.5488,-6.537],[134.5784,-6.5074],[134.5961,-6.5184],[134.5776,-6.5457]]],[[[134.7407,-6.4855],[134.7635,-6.5327],[134.7408,-6.5536],[134.7219,-6.5426],[134.683,-6.5635],[134.6381,-6.4862],[134.6891,-6.4422],[134.7306,-6.4737],[134.7248,-6.4924],[134.7324,-6.4742],[134.7407,-6.4855]]],[[[134.2086,-6.9127],[134.1973,-6.9417],[134.1505,-6.8689],[134.1505,-6.8496],[134.1882,-6.8501],[134.1909,-6.833],[134.181,-6.8262],[134.1842,-6.8488],[134.1505,-6.8468],[134.1472,-6.866],[134.1238,-6.8456],[134.0913,-6.8476],[134.0511,-6.7744],[134.0818,-6.6948],[134.0978,-6.4939],[134.116,-6.4461],[134.1355,-6.4809],[134.1809,-6.4837],[134.1543,-6.5272],[134.1436,-6.5179],[134.1491,-6.5329],[134.2003,-6.4849],[134.2133,-6.5141],[134.1852,-6.5324],[134.2087,-6.5208],[134.2296,-6.6053],[134.2557,-6.6386],[134.303,-6.6604],[134.2361,-6.6104],[134.2516,-6.5785],[134.2358,-6.5944],[134.2124,-6.5351],[134.2383,-6.4996],[134.2225,-6.5098],[134.1954,-6.4659],[134.2184,-6.4421],[134.1835,-6.4572],[134.2091,-6.4256],[134.1378,-6.4626],[134.1157,-6.4164],[134.1156,-6.3845],[134.1703,-6.359],[134.1173,-6.3817],[134.1348,-6.3102],[134.1615,-6.3],[134.1327,-6.3002],[134.1051,-6.2019],[134.1602,-6.2287],[134.1025,-6.1956],[134.0958,-6.1651],[134.1165,-6.1593],[134.1567,-6.2064],[134.2239,-6.2219],[134.25,-6.2597],[134.2671,-6.2613],[134.2875,-6.2881],[134.2738,-6.3079],[134.3038,-6.2932],[134.2981,-6.3601],[134.3113,-6.3549],[134.3082,-6.3735],[134.3394,-6.3886],[134.3152,-6.4173],[134.3515,-6.3963],[134.3526,-6.378],[134.3687,-6.4034],[134.4049,-6.3976],[134.4509,-6.4537],[134.4686,-6.453],[134.5043,-6.5229],[134.4776,-6.5189],[134.4738,-6.5492],[134.4965,-6.548],[134.4894,-6.5648],[134.4394,-6.5729],[134.4719,-6.5644],[134.4839,-6.5816],[134.5315,-6.5836],[134.5237,-6.6097],[134.5028,-6.6152],[134.4939,-6.657],[134.4718,-6.6575],[134.4642,-6.6797],[134.4449,-6.668],[134.444,-6.6398],[134.4003,-6.6738],[134.4314,-6.6573],[134.43,-6.6759],[134.4573,-6.6907],[134.4007,-6.732],[134.3827,-6.7227],[134.4019,-6.7556],[134.374,-6.7689],[134.3606,-6.8044],[134.3304,-6.8093],[134.3562,-6.8062],[134.3458,-6.8325],[134.3581,-6.8063],[134.3784,-6.81],[134.3745,-6.82],[134.3326,-6.8601],[134.2765,-6.8722],[134.2086,-6.9127]]],[[[131.9163,-5.6285],[131.9212,-5.6545],[131.9163,-5.6285]]],[[[134.8046,-5.7213],[134.8046,-5.7213]]],[[[134.803,-5.7203],[134.803,-5.7203]]],[[[132.2361,-5.7051],[132.2466,-5.7032],[132.2361,-5.7051]]],[[[132.2713,-5.7069],[132.2753,-5.6933],[132.2713,-5.7069]]],[[[132.6807,-5.7445],[132.6807,-5.7445]]],[[[132.5601,-5.7279],[132.5601,-5.7279]]],[[[134.7968,-5.7181],[134.7968,-5.7181]]],[[[134.3411,-5.7019],[134.3313,-5.6932],[134.3411,-5.7019]]],[[[134.7708,-5.6886],[134.7708,-5.6886]]],[[[134.7693,-5.6828],[134.7587,-5.6769],[134.7693,-5.6828]]],[[[132.7676,-5.6967],[132.7797,-5.6978],[132.7676,-5.6967]]],[[[132.56,-5.7066],[132.5779,-5.7135],[132.56,-5.7066]]],[[[132.6284,-5.7037],[132.6126,-5.7008],[132.6284,-5.7037]]],[[[132.7569,-5.7013],[132.7628,-5.7166],[132.7569,-5.7013]]],[[[134.7714,-5.6517],[134.7714,-5.6517]]],[[[132.7597,-5.6656],[132.7578,-5.6776],[132.7492,-5.6649],[132.7597,-5.6656]]],[[[134.7986,-5.6061],[134.7986,-5.6061]]],[[[132.7307,-5.6358],[132.7368,-5.6461],[132.7142,-5.6245],[132.7307,-5.6358]]],[[[132.9905,-5.6374],[132.9905,-5.6374]]],[[[134.7515,-5.6304],[134.7515,-5.6304]]],[[[134.3129,-5.627],[134.3129,-5.627]]],[[[132.2505,-5.6289],[132.2505,-5.6289]]],[[[132.3076,-5.5961],[132.2999,-5.618],[132.3104,-5.6118],[132.3204,-5.6294],[132.2955,-5.6568],[132.286,-5.6051],[132.2558,-5.5894],[132.3076,-5.5961]]],[[[132.9985,-5.614],[132.9985,-5.614]]],[[[132.9765,-5.6309],[132.9765,-5.6309]]],[[[132.5929,-5.6364],[132.5822,-5.6244],[132.5929,-5.6364]]],[[[134.7399,-5.6054],[134.7399,-5.6054]]],[[[132.3164,-5.6101],[132.3218,-5.6002],[132.337,-5.6159],[132.3164,-5.6101]]],[[[132.6873,-5.5833],[132.6742,-5.6011],[132.6873,-5.5833]]],[[[132.0235,-5.1877],[132.012,-5.1763],[132.0239,-5.1583],[132.0235,-5.1877]]],[[[132.0241,-5.1495],[132.0241,-5.1495]]],[[[132.0112,-5.1337],[132.0244,-5.1316],[132.0112,-5.1337]]],[[[131.9015,-4.7626],[131.9015,-4.7626]]],[[[131.7295,-4.7583],[131.7282,-4.7001],[131.7666,-4.7367],[131.7468,-4.7848],[131.7295,-4.7583]]],[[[131.6972,-4.5992],[131.6907,-4.5845],[131.6972,-4.5992]]],[[[130.0315,-4.595],[130.037,-4.5795],[130.0479,-4.586],[130.0419,-4.6054],[130.0315,-4.595]]],[[[129.6681,-4.5629],[129.6933,-4.5419],[129.6859,-4.5626],[129.6681,-4.5629]]],[[[131.7148,-4.5342],[131.7148,-4.5342]]],[[[129.8472,-4.505],[129.8472,-4.505]]],[[[129.9369,-4.4952],[129.9369,-4.4952]]],[[[129.8868,-4.5031],[129.8868,-4.5031]]],[[[131.6019,-4.4164],[131.5778,-4.3788],[131.6155,-4.4078],[131.6019,-4.4164]]],[[[131.5471,-4.3396],[131.5471,-4.3396]]],[[[131.5443,-4.3346],[131.5443,-4.3346]]],[[[131.4353,-3.9773],[131.4353,-3.9773]]],[[[131.3875,-4.1742],[131.3714,-4.1474],[131.2851,-4.1073],[131.2747,-4.0771],[131.3024,-4.0744],[131.3812,-4.1263],[131.4041,-4.1626],[131.3875,-4.1742]]],[[[131.4317,-4.0737],[131.4056,-4.0533],[131.3637,-3.9672],[131.4033,-3.9443],[131.4181,-3.9481],[131.4417,-4.03],[131.4484,-4.0636],[131.4317,-4.0737]]],[[[127.1977,-3.962],[127.233,-3.9099],[127.2996,-3.8837],[127.3371,-3.8866],[127.3803,-3.9294],[127.3691,-3.957],[127.1766,-4.0289],[127.1676,-4.0019],[127.1977,-3.962]]],[[[131.2051,-3.9147],[131.2051,-3.9147]]],[[[131.0078,-3.9127],[131.0078,-3.9127]]],[[[131.2183,-4.0242],[131.1995,-3.9916],[131.2071,-3.9759],[131.2447,-3.9956],[131.2465,-4.0556],[131.2183,-4.0242]]],[[[129.9458,-4.5623],[129.9183,-4.5716],[129.8832,-4.5528],[129.8687,-4.5647],[129.8611,-4.5496],[129.9281,-4.5426],[129.9469,-4.5082],[129.9576,-4.5489],[129.9458,-4.5623]]],[[[129.6973,-4.5345],[129.6973,-4.5345]]],[[[129.7842,-4.5248],[129.7731,-4.5382],[129.7638,-4.5182],[129.7842,-4.5248]]],[[[129.889,-4.5284],[129.868,-4.5298],[129.8782,-4.5051],[129.889,-4.5284]]],[[[129.8929,-4.5028],[129.9069,-4.5067],[129.9035,-4.5306],[129.8929,-4.5028]]],[[[131.652,-4.5256],[131.6091,-4.4237],[131.6638,-4.4757],[131.6886,-4.5275],[131.6834,-4.5396],[131.652,-4.5256]]],[[[130.9611,-3.8777],[130.9611,-3.8777]]],[[[130.9113,-3.8785],[130.9113,-3.8785]]],[[[131.0065,-3.912],[131.0065,-3.912]]],[[[130.9948,-3.9108],[130.9948,-3.9108]]],[[[131.0099,-3.9121],[131.0099,-3.9121]]],[[[131.1807,-3.9086],[131.1911,-3.91],[131.1807,-3.9086]]],[[[131.0125,-3.9095],[131.0125,-3.9095]]],[[[130.9907,-3.9088],[130.9907,-3.9088]]],[[[131.012,-3.9104],[131.012,-3.9104]]],[[[130.8897,-3.8944],[130.8897,-3.8944]]],[[[130.8938,-3.8938],[130.8938,-3.8938]]],[[[131.0006,-3.8983],[131.0006,-3.8983]]],[[[130.897,-3.8986],[130.897,-3.8986]]],[[[130.9873,-3.8972],[130.9873,-3.8972]]],[[[131.0879,-3.897],[131.0879,-3.897]]],[[[130.9185,-3.9034],[130.9185,-3.9034]]],[[[131.1058,-3.902],[131.1058,-3.902]]],[[[130.9259,-3.9038],[130.9101,-3.8937],[130.921,-3.8752],[130.9375,-3.8663],[130.9355,-3.8797],[130.9588,-3.8806],[130.9259,-3.9038]]],[[[130.9029,-3.8793],[130.896,-3.8871],[130.9029,-3.8793]]],[[[130.7993,-3.3072],[130.799,-3.3331],[130.7625,-3.3146],[130.7759,-3.2978],[130.7993,-3.3072]]],[[[127.6149,-3.3729],[127.6149,-3.3729]]],[[[127.6481,-3.37],[127.6481,-3.37]]],[[[127.6126,-3.3723],[127.6126,-3.3723]]],[[[127.5883,-3.3668],[127.5883,-3.3668]]],[[[127.5931,-3.3661],[127.5931,-3.3661]]],[[[127.581,-3.3602],[127.581,-3.3602]]],[[[127.5901,-3.3667],[127.5901,-3.3667]]],[[[127.5905,-3.3553],[127.5905,-3.3553]]],[[[127.5826,-3.3549],[127.5826,-3.3549]]],[[[127.6185,-3.3032],[127.6185,-3.3032]]],[[[130.7648,-3.8355],[130.7648,-3.8355]]],[[[130.765,-3.834],[130.765,-3.834]]],[[[130.8788,-3.6582],[130.8788,-3.6582]]],[[[130.8692,-3.525],[130.8692,-3.525]]],[[[128.3748,-3.5323],[128.3748,-3.5323]]],[[[128.3995,-3.6315],[128.424,-3.5667],[128.4149,-3.5322],[128.447,-3.5104],[128.4994,-3.5134],[128.5505,-3.5384],[128.5763,-3.5819],[128.5386,-3.6153],[128.5122,-3.606],[128.4979,-3.6242],[128.4657,-3.614],[128.4402,-3.6315],[128.3995,-3.6315]]],[[[128.6613,-3.6158],[128.6427,-3.6316],[128.6081,-3.5952],[128.6273,-3.5858],[128.5543,-3.5299],[128.5675,-3.497],[128.6036,-3.4967],[128.6393,-3.5312],[128.6823,-3.5441],[128.6938,-3.494],[128.7303,-3.5126],[128.734,-3.6189],[128.6555,-3.5732],[128.6613,-3.6158]]],[[[127.9302,-3.7651],[127.9302,-3.7651]]],[[[128.1618,-3.7017],[128.1618,-3.7017]]],[[[127.9106,-3.6792],[127.9106,-3.6792]]],[[[127.9097,-3.675],[127.9097,-3.675]]],[[[128.779,-3.6923],[128.7615,-3.6892],[128.7584,-3.6648],[128.7727,-3.6393],[128.8061,-3.6488],[128.8114,-3.6753],[128.779,-3.6923]]],[[[127.905,-3.6509],[127.905,-3.6509]]],[[[128.2742,-3.7024],[128.2415,-3.7434],[128.16,-3.7497],[128.1525,-3.7708],[128.0938,-3.7945],[128.1549,-3.7072],[128.2463,-3.6354],[128.1956,-3.6409],[128.2016,-3.6592],[128.1171,-3.6862],[128.0994,-3.7146],[128.0385,-3.7342],[127.9958,-3.7798],[127.9416,-3.7726],[127.9168,-3.7179],[127.9284,-3.6809],[128.0263,-3.5922],[128.171,-3.5865],[128.2242,-3.5181],[128.2889,-3.4902],[128.3457,-3.5081],[128.3531,-3.5286],[128.3219,-3.5671],[128.3574,-3.6104],[128.3474,-3.6364],[128.2612,-3.6187],[128.2573,-3.6312],[128.3015,-3.6804],[128.2987,-3.6965],[128.2742,-3.7024]],[[128.0939,-3.7944],[128.0939,-3.7944]],[[128.1643,-3.7017],[128.1643,-3.7017]]],[[[128.6036,-3.6368],[128.6107,-3.6574],[128.6036,-3.6368]]],[[[128.1477,-3.3015],[128.1387,-3.3142],[128.1477,-3.3015]]],[[[127.4739,-3.3035],[127.4739,-3.3035]]],[[[127.612,-3.3027],[127.6569,-3.3664],[127.6168,-3.3692],[127.6008,-3.3484],[127.5062,-3.3305],[127.4872,-3.3008],[127.5264,-3.2802],[127.5229,-3.26],[127.5598,-3.2663],[127.5699,-3.2551],[127.612,-3.3027]]],[[[127.6134,-3.3005],[127.6134,-3.3005]]],[[[125.9968,-3.2362],[126.0068,-3.2165],[125.997,-3.2527],[125.9968,-3.2362]]],[[[128.172,-3.2263],[128.1551,-3.2318],[128.1703,-3.2156],[128.172,-3.2263]]],[[[127.6384,-3.2225],[127.6384,-3.2225]]],[[[127.5275,-3.2499],[127.5275,-3.2499]]],[[[127.5362,-3.2574],[127.5362,-3.2574]]],[[[127.5613,-3.2584],[127.5429,-3.2501],[127.5613,-3.2584]]],[[[127.9353,-3.1208],[127.9353,-3.1208]]],[[[127.937,-3.1174],[127.937,-3.1174]]],[[[127.9342,-3.1074],[127.9342,-3.1074]]],[[[127.9307,-3.1057],[127.9307,-3.1057]]],[[[127.935,-3.1168],[127.935,-3.1168]]],[[[127.7946,-3.1929],[127.7894,-3.2568],[127.751,-3.2481],[127.7077,-3.2604],[127.638,-3.2258],[127.7338,-3.1555],[127.7724,-3.1568],[127.7995,-3.1812],[127.7946,-3.1929]]],[[[127.8251,-3.1527],[127.8351,-3.1558],[127.8035,-3.1572],[127.8062,-3.1722],[127.7757,-3.1554],[127.8251,-3.1527]]],[[[127.8392,-3.1554],[127.8392,-3.1554]]],[[[127.9373,-3.0996],[127.9373,-3.0996]]],[[[127.9461,-3.0962],[127.9461,-3.0962]]],[[[127.9508,-3.0926],[127.9508,-3.0926]]],[[[127.9559,-3.0897],[127.9559,-3.0897]]],[[[128.0244,-3.0726],[128.0244,-3.0726]]],[[[128.0886,-3.0547],[128.0886,-3.0547]]],[[[128.0894,-3.0526],[128.0894,-3.0526]]],[[[128.084,-3.0562],[128.084,-3.0562]]],[[[128.0807,-3.0524],[128.0807,-3.0524]]],[[[127.9308,-3.1022],[127.9308,-3.1022]]],[[[127.9392,-3.0992],[127.9392,-3.0992]]],[[[129.0241,-2.7615],[129.0241,-2.7615]]],[[[129.0041,-2.7561],[129.0041,-2.7561]]],[[[129.0213,-2.7521],[129.0213,-2.7521]]],[[[128.9963,-2.73],[128.9783,-2.7488],[128.9812,-2.7303],[128.9963,-2.73]]],[[[128.7502,-1.5243],[128.7502,-1.5243]]],[[[128.63,-1.5053],[128.6472,-1.5031],[128.63,-1.5053]]],[[[128.652,-1.486],[128.6629,-1.4861],[128.652,-1.486]]],[[[128.9364,-1.393],[128.9364,-1.393]]],[[[128.9301,-1.3833],[128.9119,-1.3932],[128.9156,-1.3793],[128.9301,-1.3833]]],[[[128.729,-1.5217],[128.732,-1.5052],[128.729,-1.5217]]],[[[128.7135,-1.5091],[128.7058,-1.5155],[128.7135,-1.5091]]],[[[128.0918,-3.0394],[128.0918,-3.0394]]],[[[127.8323,-3.0366],[127.8323,-3.0366]]],[[[128.0904,-3.0373],[128.0904,-3.0373]]],[[[128.0792,-3.0221],[128.0792,-3.0221]]],[[[128.0741,-3.0329],[128.0741,-3.0329]]],[[[128.0841,-3.0211],[128.0841,-3.0211]]],[[[128.0491,-3.0171],[128.0586,-2.9948],[128.0491,-3.0171]]],[[[127.8666,-2.9628],[127.8666,-2.9628]]],[[[127.9002,-2.9228],[127.9002,-2.9228]]],[[[127.8975,-2.9252],[127.8975,-2.9252]]],[[[129.1804,-2.9173],[129.1688,-2.9217],[129.1804,-2.9173]]],[[[129.2229,-2.9103],[129.2229,-2.9103]]],[[[129.2393,-2.9008],[129.2393,-2.9008]]],[[[129.0612,-2.787],[129.0612,-2.787]]],[[[129.2258,-2.9031],[129.2258,-2.9031]]],[[[129.2058,-2.9037],[129.2058,-2.9037]]],[[[129.0726,-2.9003],[129.0743,-2.8893],[129.0726,-2.9003]]],[[[129.1673,-2.9242],[129.1673,-2.9242]]],[[[127.944,-3.0169],[127.9145,-3.0386],[127.8288,-3.0344],[127.869,-3.004],[127.8779,-2.9612],[127.9247,-2.9349],[127.9414,-2.9408],[127.9131,-2.9199],[127.9245,-2.9113],[127.9907,-2.9239],[128.004,-2.94],[127.944,-3.0169]]],[[[127.9245,-2.9253],[127.9098,-2.9489],[127.8746,-2.9586],[127.9245,-2.9253]]],[[[127.9106,-2.9196],[127.9106,-2.9196]]],[[[129.0434,-2.7812],[129.0434,-2.7812]]],[[[130.8264,-3.8808],[130.8264,-3.8808]]],[[[130.825,-3.8798],[130.825,-3.8798]]],[[[130.8676,-3.8785],[130.8676,-3.8785]]],[[[130.8279,-3.8777],[130.8279,-3.8777]]],[[[130.8718,-3.8778],[130.8718,-3.8778]]],[[[130.8196,-3.8748],[130.8196,-3.8748]]],[[[130.8768,-3.8692],[130.8616,-3.8622],[130.8768,-3.8692]]],[[[130.8644,-3.86193],[130.8644,-3.86193]]],[[[130.8182,-3.8546],[130.8229,-3.8719],[130.7923,-3.8614],[130.8182,-3.8546]]],[[[130.7182,-3.8499],[130.7182,-3.8499]]],[[[130.7669,-3.85],[130.7669,-3.85]]],[[[130.7703,-3.8478],[130.7703,-3.8478]]],[[[126.5455,-3.791],[126.5148,-3.795],[126.5217,-3.782],[126.502,-3.7854],[126.4141,-3.7331],[126.3996,-3.7094],[126.3854,-3.7179],[126.3358,-3.68],[126.2805,-3.6642],[126.232,-3.6188],[126.1967,-3.6241],[126.1676,-3.5935],[126.1512,-3.5259],[126.0736,-3.4778],[126.0452,-3.4414],[126.04,-3.398],[126.0068,-3.3588],[126.0184,-3.3348],[126.0059,-3.3166],[126.0117,-3.194],[126.0178,-3.173],[126.0901,-3.1124],[126.1368,-3.1631],[126.2034,-3.1859],[126.2275,-3.1796],[126.2275,-3.1378],[126.2607,-3.1324],[126.2996,-3.0934],[126.3459,-3.1009],[126.406,-3.0806],[126.7907,-3.0589],[126.8674,-3.0957],[126.8911,-3.1274],[126.9092,-3.1227],[126.9327,-3.1432],[126.9879,-3.1398],[127.1063,-3.225],[127.1168,-3.2804],[127.0953,-3.2836],[127.0722,-3.2599],[127.0307,-3.265],[127.0429,-3.3288],[127.0732,-3.3219],[127.0758,-3.3738],[127.1348,-3.379],[127.1638,-3.3354],[127.1822,-3.3559],[127.2199,-3.3571],[127.2666,-3.3848],[127.2485,-3.4501],[127.2515,-3.5923],[127.2333,-3.6435],[127.1996,-3.6735],[127.1363,-3.6612],[127.0503,-3.6895],[126.9552,-3.7705],[126.8118,-3.8043],[126.7412,-3.8574],[126.7217,-3.8457],[126.6873,-3.8614],[126.6367,-3.8221],[126.62,-3.8278],[126.5455,-3.791]]],[[[129.4359,-3.4319],[129.3728,-3.4118],[129.252,-3.4076],[129.0843,-3.3411],[128.9346,-3.3567],[128.91,-3.3284],[128.9291,-3.337],[128.9389,-3.3086],[128.9665,-3.2904],[128.9667,-3.2268],[128.8895,-3.2035],[128.8589,-3.2117],[128.8401,-3.2432],[128.783,-3.2628],[128.7179,-3.3187],[128.6718,-3.3715],[128.6705,-3.3912],[128.6987,-3.4115],[128.6765,-3.4324],[128.5951,-3.4263],[128.522,-3.4585],[128.4606,-3.4583],[128.4052,-3.4286],[128.3953,-3.3947],[128.3331,-3.3293],[128.296,-3.2338],[128.2691,-3.2035],[128.2489,-3.2079],[128.2531,-3.1976],[128.2212,-3.2177],[128.1925,-3.1987],[128.2029,-3.2181],[128.1816,-3.2313],[128.1603,-3.2001],[128.1708,-3.1866],[128.1579,-3.1877],[128.1589,-3.1607],[128.1729,-3.164],[128.1714,-3.1403],[128.1952,-3.141],[128.1999,-3.0798],[128.1705,-3.0655],[128.0837,-3.1451],[128.0549,-3.3416],[128.016,-3.3815],[127.984,-3.3842],[127.9456,-3.4665],[127.96,-3.528],[127.9216,-3.5685],[127.8953,-3.4899],[127.9433,-3.3523],[127.9235,-3.3025],[127.8885,-3.2715],[127.8722,-3.1896],[127.8376,-3.1574],[127.9129,-3.1505],[127.9515,-3.1068],[127.9856,-3.1078],[127.9774,-3.0953],[127.9996,-3.0707],[128.0017,-3.0843],[128.0049,-3.0726],[128.1148,-3.0654],[128.0871,-3.021],[128.1227,-3.0008],[128.1196,-2.9742],[128.08,-2.9874],[128.0714,-2.9723],[128.1346,-2.9361],[128.1291,-2.9051],[128.1647,-2.8833],[128.1638,-2.8633],[128.2377,-2.8539],[128.2662,-2.8687],[128.3497,-2.8598],[128.3983,-2.8705],[128.4344,-2.8473],[128.4712,-2.852],[128.511,-2.8338],[128.5637,-2.8538],[128.6639,-2.8396],[128.7042,-2.8613],[128.753,-2.8507],[128.8364,-2.867],[128.9573,-2.842],[129.0463,-2.7946],[129.066,-2.8085],[129.0783,-2.8551],[129.0638,-2.9045],[129.0831,-2.9392],[129.1313,-2.9689],[129.1574,-2.9481],[129.1958,-2.9599],[129.1737,-2.9358],[129.1864,-2.9215],[129.2193,-2.9536],[129.2098,-2.9429],[129.2233,-2.922],[129.3461,-2.8589],[129.377,-2.7893],[129.4699,-2.7841],[129.5191,-2.7988],[129.5287,-2.7727],[129.5476,-2.8002],[129.619,-2.803],[129.6366,-2.8269],[129.7088,-2.8344],[129.7852,-2.8646],[129.8138,-2.9131],[129.8788,-2.896],[129.8661,-2.9129],[129.8802,-2.9332],[129.8927,-2.9216],[129.8825,-2.9143],[129.9019,-2.9142],[129.9095,-2.9424],[130.0117,-2.9792],[130.0349,-3.0037],[130.1536,-2.9858],[130.1936,-3.0109],[130.2767,-2.9758],[130.3518,-2.9749],[130.4387,-3.0327],[130.4448,-3.06],[130.4876,-3.0955],[130.5759,-3.1226],[130.6061,-3.1535],[130.6382,-3.2818],[130.6327,-3.3403],[130.6628,-3.4013],[130.8047,-3.4067],[130.8442,-3.4614],[130.8018,-3.4838],[130.8813,-3.5956],[130.8726,-3.6292],[130.8306,-3.652],[130.8197,-3.6908],[130.8366,-3.6841],[130.831,-3.8377],[130.8629,-3.8719],[130.8441,-3.8833],[130.823,-3.8535],[130.7759,-3.8517],[130.7676,-3.8318],[130.7528,-3.8388],[130.6214,-3.797],[130.5704,-3.7276],[130.479,-3.7017],[130.4432,-3.6507],[130.4035,-3.6281],[130.3512,-3.6205],[130.2953,-3.5861],[130.1317,-3.532],[130.0995,-3.5009],[130.0154,-3.4827],[129.9709,-3.4266],[129.9606,-3.3606],[129.9186,-3.3374],[129.8593,-3.3378],[129.8667,-3.3135],[129.8552,-3.336],[129.8091,-3.3216],[129.7639,-3.3322],[129.7289,-3.3148],[129.6778,-3.3235],[129.5246,-3.2979],[129.4975,-3.3271],[129.5607,-3.3985],[129.5591,-3.4625],[129.5289,-3.4703],[129.4359,-3.4319]]],[[[131.9176,-5.5772],[131.9277,-5.569],[131.9176,-5.5772]]],[[[132.0114,-5.5803],[132.014,-5.6001],[131.9966,-5.6001],[132.0038,-5.5636],[132.0114,-5.5803]]],[[[134.739,-5.6368],[134.729,-5.6444],[134.7434,-5.6156],[134.7681,-5.6683],[134.7314,-5.6723],[134.7347,-5.7052],[134.7166,-5.7415],[134.6396,-5.7118],[134.6162,-5.7227],[134.5753,-5.6707],[134.5755,-5.6496],[134.5473,-5.6494],[134.5295,-5.5761],[134.5696,-5.5631],[134.6405,-5.5931],[134.6518,-5.5761],[134.6631,-5.5983],[134.6867,-5.5816],[134.6901,-5.6153],[134.69,-5.5864],[134.739,-5.6368]]],[[[132.7971,-5.6128],[132.8149,-5.6758],[132.7983,-5.6943],[132.7966,-5.6532],[132.7708,-5.6873],[132.7567,-5.6616],[132.7676,-5.6472],[132.7598,-5.6401],[132.7492,-5.6637],[132.7401,-5.6132],[132.7988,-5.5278],[132.7912,-5.5769],[132.8166,-5.5537],[132.7971,-5.6128]]],[[[132.7563,-5.558],[132.7563,-5.558]]],[[[134.3433,-5.5861],[134.2764,-5.6456],[134.2447,-5.6264],[134.2515,-5.6103],[134.2822,-5.6077],[134.304,-5.5637],[134.3418,-5.5671],[134.3433,-5.5861]]],[[[132.7262,-5.5685],[132.728,-5.5924],[132.7114,-5.5832],[132.7262,-5.5685]]],[[[134.703,-5.5799],[134.703,-5.5799]]],[[[134.7095,-5.5704],[134.6988,-5.5725],[134.7024,-5.5492],[134.7151,-5.5512],[134.7095,-5.5704]]],[[[134.6645,-5.5662],[134.6645,-5.5662]]],[[[132.5828,-5.5678],[132.593,-5.5696],[132.5828,-5.5678]]],[[[132.5672,-5.57],[132.5576,-5.5597],[132.5672,-5.57]]],[[[132.3203,-5.572],[132.3033,-5.5373],[132.3114,-5.5238],[132.3434,-5.5331],[132.3559,-5.5539],[132.3781,-5.5356],[132.357,-5.5777],[132.3343,-5.5861],[132.3203,-5.572]]],[[[132.7389,-5.5595],[132.7032,-5.5651],[132.6852,-5.5507],[132.7366,-5.5382],[132.7512,-5.5482],[132.7389,-5.5595]]],[[[132.7374,-5.5139],[132.7343,-5.5011],[132.7374,-5.5139]]],[[[132.7639,-5.4867],[132.7474,-5.5152],[132.7639,-5.4867]]],[[[134.7004,-5.5448],[134.6903,-5.5361],[134.7004,-5.5448]]],[[[134.2594,-5.5504],[134.2504,-5.4995],[134.2708,-5.4836],[134.2858,-5.5229],[134.2594,-5.5504]]],[[[134.4816,-5.5307],[134.4847,-5.5166],[134.4816,-5.5307]]],[[[134.5074,-5.5121],[134.4984,-5.5239],[134.5074,-5.5121]]],[[[134.502,-5.4982],[134.4912,-5.5054],[134.4859,-5.4909],[134.502,-5.4982]]],[[[134.5982,-5.5635],[134.5523,-5.5574],[134.531,-5.5693],[134.5062,-5.5544],[134.5204,-5.5111],[134.5027,-5.4945],[134.5365,-5.479],[134.4919,-5.4867],[134.5,-5.4198],[134.5598,-5.4499],[134.5554,-5.4348],[134.578,-5.4392],[134.5641,-5.4314],[134.5716,-5.4187],[134.5975,-5.4143],[134.6094,-5.4548],[134.6083,-5.4212],[134.6283,-5.4275],[134.6475,-5.4392],[134.6446,-5.4763],[134.662,-5.5109],[134.6645,-5.4814],[134.706,-5.517],[134.701,-5.5356],[134.6738,-5.5384],[134.6964,-5.5704],[134.683,-5.5599],[134.6595,-5.5706],[134.6479,-5.5516],[134.6492,-5.573],[134.6205,-5.5808],[134.5982,-5.5635]]],[[[134.6879,-5.4656],[134.6856,-5.4767],[134.6879,-5.4656]]],[[[134.6614,-5.4715],[134.6614,-5.4715]]],[[[134.675,-5.464],[134.6773,-5.4776],[134.675,-5.464]]],[[[134.6543,-5.451],[134.6644,-5.448],[134.6691,-5.4746],[134.6543,-5.451]]],[[[134.4897,-5.4374],[134.4621,-5.4609],[134.4927,-5.4223],[134.4897,-5.4374]]],[[[134.5616,-5.425],[134.5616,-5.425]]],[[[134.6381,-5.4199],[134.6381,-5.4199]]],[[[134.6101,-5.3702],[134.6101,-5.3702]]],[[[134.646,-5.4061],[134.646,-5.4061]]],[[[134.6252,-5.399],[134.6252,-5.399]]],[[[134.6707,-5.389],[134.6835,-5.3934],[134.6707,-5.389]]],[[[134.6666,-5.3933],[134.6666,-5.3933]]],[[[134.6238,-5.3885],[134.6238,-5.3885]]],[[[134.6457,-5.4081],[134.6452,-5.4204],[134.6457,-5.4081]]],[[[134.6772,-5.4058],[134.6772,-5.4058]]],[[[134.6171,-5.4041],[134.6302,-5.4107],[134.6171,-5.4041]]],[[[134.6569,-5.4088],[134.6566,-5.3866],[134.6569,-5.4088]]],[[[131.9809,-5.3833],[131.9604,-5.3729],[131.9695,-5.3374],[132.0154,-5.3054],[132.0101,-5.3708],[131.9809,-5.3833]]],[[[134.524,-5.3357],[134.5103,-5.3452],[134.5193,-5.3307],[134.5401,-5.3362],[134.524,-5.3357]]],[[[134.4666,-5.374],[134.4783,-5.377],[134.4666,-5.374]]],[[[134.5666,-5.398],[134.5666,-5.398]]],[[[134.5791,-5.3992],[134.5953,-5.3992],[134.5791,-5.3992]]],[[[134.5905,-5.3854],[134.6046,-5.3852],[134.5905,-5.3854]]],[[[134.5959,-5.3708],[134.5636,-5.394],[134.5802,-5.3593],[134.6009,-5.3571],[134.5959,-5.3708]]],[[[134.6154,-5.4021],[134.5925,-5.3932],[134.6103,-5.381],[134.6154,-5.4021]]],[[[134.5745,-5.3608],[134.5396,-5.4115],[134.5022,-5.386],[134.5322,-5.3508],[134.5502,-5.357],[134.5705,-5.3245],[134.6031,-5.3499],[134.5745,-5.3608]]],[[[132.4506,-6.0337],[132.4429,-6.0116],[132.4693,-6.0181],[132.484,-5.9887],[132.4862,-6.0186],[132.4506,-6.0337]]],[[[132.4673,-6.0039],[132.4673,-6.0039]]],[[[134.7707,-5.8843],[134.7389,-5.9074],[134.7266,-5.8946],[134.7515,-5.8582],[134.7707,-5.8843]]],[[[134.8004,-5.8795],[134.783,-5.8882],[134.8004,-5.8795]]],[[[134.7898,-5.8721],[134.7898,-5.8721]]],[[[134.8044,-5.8695],[134.8044,-5.8695]]],[[[132.5347,-5.8429],[132.5554,-5.8415],[132.5661,-5.8705],[132.5347,-5.8429]]],[[[134.3211,-5.8597],[134.3211,-5.8597]]],[[[134.7522,-5.8572],[134.7693,-5.851],[134.7689,-5.8656],[134.7522,-5.8572]]],[[[132.6066,-5.8198],[132.5998,-5.8096],[132.6066,-5.8198]]],[[[134.7808,-5.794],[134.7808,-5.794]]],[[[134.7424,-5.7991],[134.7505,-5.7853],[134.7596,-5.8006],[134.7424,-5.7991]]],[[[134.7779,-5.7913],[134.7779,-5.7913]]],[[[134.7658,-5.8278],[134.7658,-5.8278]]],[[[134.8097,-5.8096],[134.814,-5.8193],[134.8013,-5.8163],[134.8097,-5.8096]]],[[[132.6336,-5.8005],[132.6302,-5.813],[132.6336,-5.8005]]],[[[134.7905,-5.8209],[134.7671,-5.817],[134.8009,-5.8102],[134.7905,-5.8209]]],[[[132.616,-5.8352],[132.623,-5.8518],[132.6044,-5.8583],[132.6004,-5.8439],[132.616,-5.8352]]],[[[134.7724,-5.8418],[134.7724,-5.8418]]],[[[134.7685,-5.8436],[134.7685,-5.8436]]],[[[134.7699,-5.8399],[134.7699,-5.8399]]],[[[132.6071,-5.8313],[132.5981,-5.8395],[132.5769,-5.817],[132.6071,-5.8313]]],[[[134.306,-5.8322],[134.3129,-5.8437],[134.306,-5.8322]]],[[[134.6893,-5.8378],[134.7053,-5.8279],[134.6893,-5.8378]]],[[[134.241,-5.8095],[134.243,-5.8281],[134.1916,-5.8307],[134.1958,-5.7507],[134.2385,-5.7568],[134.2523,-5.7821],[134.241,-5.8095]]],[[[134.7968,-5.9493],[134.7968,-5.9493]]],[[[134.6118,-5.9336],[134.6272,-5.9081],[134.6348,-5.929],[134.6118,-5.9336]]],[[[134.1792,-5.9187],[134.165,-5.9183],[134.1792,-5.9187]]],[[[134.6869,-5.9613],[134.6869,-5.9613]]],[[[134.6565,-5.9591],[134.6565,-5.9591]]],[[[134.7415,-5.9504],[134.7489,-5.9597],[134.7415,-5.9504]]],[[[132.5281,-5.897],[132.5424,-5.8745],[132.5446,-5.9209],[132.5281,-5.897]]],[[[134.7888,-5.8979],[134.7737,-5.9071],[134.7888,-5.8979]]],[[[134.761,-5.9073],[134.7705,-5.9188],[134.761,-5.9073]]],[[[134.5931,-5.9203],[134.6485,-5.8747],[134.6513,-5.8946],[134.6034,-5.9398],[134.5877,-5.9336],[134.5931,-5.9203]]],[[[134.7387,-5.8808],[134.7093,-5.8898],[134.7063,-5.9098],[134.7494,-5.9401],[134.7297,-5.9379],[134.7427,-5.9632],[134.7334,-5.9792],[134.6992,-5.9717],[134.6685,-5.9237],[134.6561,-5.9349],[134.6281,-5.9181],[134.6522,-5.8956],[134.6486,-5.865],[134.7041,-5.832],[134.7543,-5.846],[134.7387,-5.8808]]],[[[134.24,-6.108],[134.2334,-6.1268],[134.2699,-6.1473],[134.2719,-6.1833],[134.2774,-6.1605],[134.29,-6.161],[134.3384,-6.2258],[134.3669,-6.2264],[134.3932,-6.2609],[134.4484,-6.2707],[134.3636,-6.3241],[134.3372,-6.3126],[134.3146,-6.2764],[134.2882,-6.2841],[134.2154,-6.1906],[134.1973,-6.204],[134.1677,-6.1981],[134.1625,-6.1777],[134.2021,-6.1445],[134.1998,-6.1275],[134.1768,-6.1194],[134.1499,-6.1507],[134.1136,-6.1077],[134.1394,-6.0143],[134.1568,-6.006],[134.1621,-6.039],[134.2277,-6.0163],[134.2452,-6.0751],[134.2744,-6.0541],[134.24,-6.108]]],[[[134.5686,-6.3465],[134.5415,-6.3403],[134.5449,-6.2907],[134.5209,-6.3239],[134.5017,-6.2937],[134.4761,-6.2955],[134.4576,-6.2672],[134.4675,-6.2582],[134.4413,-6.2685],[134.4,-6.2578],[134.3872,-6.2297],[134.3412,-6.2185],[134.2843,-6.1486],[134.2875,-6.1248],[134.2708,-6.1091],[134.2901,-6.0703],[134.2804,-6.0479],[134.3203,-6.0238],[134.347,-6.038],[134.338,-6.0583],[134.3782,-6.0219],[134.4004,-6.0501],[134.4445,-6.068],[134.4,-6.0474],[134.3816,-6.0188],[134.433,-6.0188],[134.4696,-5.9582],[134.4984,-5.9606],[134.5366,-5.9185],[134.5878,-5.9383],[134.5814,-5.9527],[134.5968,-5.9425],[134.5688,-5.9814],[134.6081,-5.9425],[134.6208,-5.9605],[134.6155,-5.9444],[134.6314,-5.9365],[134.6557,-5.9436],[134.6368,-6.0165],[134.6554,-5.9612],[134.7221,-6.0211],[134.6827,-6.0534],[134.727,-6.023],[134.741,-6.0332],[134.7369,-6.057],[134.755,-6.0476],[134.7735,-6.0757],[134.7636,-6.0862],[134.7828,-6.0948],[134.7551,-6.1216],[134.7618,-6.1388],[134.724,-6.1605],[134.7276,-6.1475],[134.7196,-6.1641],[134.7007,-6.144],[134.7122,-6.1745],[134.6756,-6.1888],[134.6944,-6.1938],[134.7672,-6.1591],[134.7648,-6.2059],[134.7417,-6.2383],[134.7517,-6.2449],[134.7259,-6.2644],[134.7414,-6.2675],[134.7257,-6.3054],[134.6908,-6.2974],[134.7046,-6.3244],[134.6344,-6.359],[134.6211,-6.3382],[134.6229,-6.3733],[134.5686,-6.3465]]],[[[134.7533,-5.7837],[134.7533,-5.7837]]],[[[134.7958,-5.7884],[134.7776,-5.7832],[134.7886,-5.7747],[134.7958,-5.7884]]],[[[132.567,-5.7873],[132.567,-5.7873]]],[[[132.6404,-5.7891],[132.641,-5.7765],[132.6404,-5.7891]]],[[[134.3175,-5.7779],[134.3175,-5.7779]]],[[[134.3274,-5.7728],[134.3274,-5.7728]]],[[[134.7929,-5.7707],[134.7929,-5.7707]]],[[[132.1707,-5.7403],[132.2006,-5.7195],[132.1897,-5.7681],[132.1707,-5.7403]]],[[[132.5616,-5.7444],[132.5616,-5.7444]]],[[[132.6703,-5.7703],[132.6757,-5.7441],[132.6911,-5.7513],[132.7028,-5.8106],[132.6889,-5.8129],[132.6703,-5.7703]]],[[[132.6786,-5.7288],[132.6488,-5.7122],[132.6519,-5.6737],[132.6351,-5.676],[132.6396,-5.637],[132.6108,-5.5939],[132.6692,-5.6304],[132.7104,-5.5902],[132.7113,-5.6523],[132.7,-5.6506],[132.7032,-5.6276],[132.694,-5.6575],[132.7187,-5.6613],[132.7229,-5.6451],[132.7421,-5.6436],[132.7383,-5.692],[132.7635,-5.7467],[132.7601,-5.7187],[132.7788,-5.7281],[132.7721,-5.8135],[132.7899,-5.7753],[132.8112,-5.8102],[132.8154,-5.8499],[132.7763,-5.9445],[132.7221,-5.9502],[132.7289,-5.8898],[132.7054,-5.9486],[132.7039,-5.9084],[132.6735,-5.9014],[132.6812,-5.846],[132.7081,-5.8108],[132.6786,-5.7288]]],[[[134.7417,-5.7437],[134.7475,-5.7861],[134.7142,-5.8132],[134.6558,-5.7455],[134.668,-5.7248],[134.7205,-5.7489],[134.7417,-5.7437]]],[[[134.3271,-5.7688],[134.3271,-5.7688]]],[[[134.7893,-5.7631],[134.7893,-5.7631]]],[[[132.8014,-5.752],[132.8029,-5.7689],[132.7854,-5.7247],[132.8019,-5.7299],[132.8014,-5.752]]],[[[132.6534,-5.7407],[132.6638,-5.7363],[132.657,-5.7542],[132.6534,-5.7407]]],[[[134.8131,-5.7427],[134.7823,-5.7575],[134.7924,-5.7279],[134.8131,-5.7427]]],[[[134.3017,-6.0195],[134.3366,-5.9463],[134.297,-5.9257],[134.2982,-5.8983],[134.3167,-5.9039],[134.3474,-5.8461],[134.3739,-5.8477],[134.3582,-5.8277],[134.3768,-5.8204],[134.3693,-5.8024],[134.4137,-5.7866],[134.4425,-5.8],[134.3648,-5.7681],[134.3276,-5.7953],[134.3365,-5.7707],[134.325,-5.7573],[134.3069,-5.7654],[134.3116,-5.7533],[134.2918,-5.7572],[134.2885,-5.7444],[134.2607,-5.759],[134.2143,-5.709],[134.2509,-5.6621],[134.3142,-5.704],[134.3154,-5.7256],[134.3222,-5.7153],[134.3438,-5.7273],[134.3641,-5.711],[134.3561,-5.6841],[134.4117,-5.6439],[134.4315,-5.5973],[134.4181,-5.594],[134.4445,-5.5784],[134.4527,-5.5306],[134.4732,-5.5638],[134.5043,-5.5316],[134.505,-5.5565],[134.5278,-5.5656],[134.5464,-5.6507],[134.5726,-5.6562],[134.616,-5.7256],[134.6363,-5.7129],[134.6603,-5.7269],[134.6541,-5.7471],[134.7132,-5.8158],[134.6253,-5.8787],[134.585,-5.9299],[134.5349,-5.9165],[134.4864,-5.9594],[134.4685,-5.9563],[134.4303,-6.0182],[134.3715,-6.0097],[134.3535,-6.0349],[134.3508,-6.0119],[134.344,-6.0292],[134.3017,-6.0195]]],[[[132.925,-5.7789],[132.9398,-5.684],[132.9713,-5.6397],[132.9779,-5.6568],[133.0009,-5.6475],[133.1041,-5.2915],[133.1435,-5.2688],[133.1825,-5.3083],[133.1814,-5.3368],[133.1601,-5.3527],[133.1148,-5.5629],[133.0837,-5.619],[133.0211,-5.66],[132.9593,-5.742],[132.9429,-5.8242],[132.961,-5.8523],[132.9537,-5.8729],[132.9297,-5.8843],[132.8976,-5.9518],[132.8687,-5.9651],[132.8471,-6.0077],[132.8688,-5.9026],[132.8892,-5.8934],[132.8738,-5.8799],[132.877,-5.855],[132.8933,-5.8542],[132.8821,-5.8404],[132.925,-5.7789]]]]}},{"type":"Feature","properties":{"NAME_1":"MalukuUtara"},"geometry":{"type":"MultiPolygon","coordinates":[[[[124.4479,-2.0401],[124.4479,-2.0401]]],[[[124.4481,-2.0395],[124.4481,-2.0395]]],[[[124.4492,-2.0373],[124.4492,-2.0373]]],[[[124.4486,-2.0362],[124.4486,-2.0362]]],[[[127.6479,-1.8297],[127.6479,-1.8297]]],[[[127.5709,-1.8603],[127.5709,-1.8603]]],[[[127.5712,-1.8568],[127.5712,-1.8568]]],[[[127.6434,-1.8443],[127.6336,-1.8512],[127.6434,-1.8443]]],[[[127.5704,-1.8459],[127.5704,-1.8459]]],[[[127.6036,-1.8476],[127.5718,-1.8656],[127.5824,-1.8283],[127.6432,-1.8237],[127.6351,-1.8469],[127.6036,-1.8476]]],[[[126.4785,-1.8365],[126.4785,-1.8365]]],[[[124.3938,-2.0338],[124.4053,-2.0467],[124.3876,-2.0736],[124.3727,-2.0491],[124.3938,-2.0338]]],[[[124.4884,-2.0187],[124.4982,-2.0156],[124.4884,-2.0187]]],[[[126.0731,-2.4425],[126.0492,-2.4774],[125.9905,-2.4399],[125.9635,-2.3866],[125.957,-2.3223],[125.8801,-2.212],[125.8865,-2.1695],[125.8579,-2.0602],[125.9105,-1.9745],[125.9441,-1.98],[125.9923,-2.026],[125.9579,-2.1601],[126.0731,-2.4425]]],[[[124.5336,-2.0003],[124.5336,-2.0003]]],[[[124.5295,-1.9956],[124.5295,-1.9956]]],[[[125.9529,-1.9875],[125.9529,-1.9875]]],[[[124.3123,-1.9852],[124.3123,-1.9852]]],[[[125.9287,-1.9814],[125.9287,-1.9814]]],[[[125.9276,-1.9777],[125.9276,-1.9777]]],[[[125.9292,-1.978],[125.9292,-1.978]]],[[[124.3403,-1.9015],[124.3403,-1.9015]]],[[[125.4209,-1.8849],[125.4125,-1.8954],[125.4209,-1.8849]]],[[[125.3867,-1.884],[125.3722,-1.8897],[125.3867,-1.884]]],[[[125.806,-1.9173],[125.7955,-1.9209],[125.806,-1.9173]]],[[[124.3453,-1.9094],[124.3453,-1.9094]]],[[[125.8581,-1.9064],[125.8581,-1.9064]]],[[[124.3384,-1.9036],[124.3384,-1.9036]]],[[[125.7854,-1.943],[125.7854,-1.943]]],[[[125.7725,-1.9286],[125.7725,-1.9286]]],[[[124.3349,-1.968],[124.3702,-1.9765],[124.3719,-2.0408],[124.3172,-2.0159],[124.3154,-1.9979],[124.305,-2.008],[124.3103,-1.976],[124.3349,-1.968]]],[[[125.9287,-1.9756],[125.9287,-1.9756]]],[[[124.3111,-1.9731],[124.3111,-1.9731]]],[[[125.9425,-1.971],[125.9425,-1.971]]],[[[124.6981,-1.9728],[124.6981,-1.9728]]],[[[124.3124,-1.9675],[124.3124,-1.9675]]],[[[124.3174,-1.9701],[124.3174,-1.9701]]],[[[124.3109,-1.9703],[124.3109,-1.9703]]],[[[124.3155,-1.7881],[124.3057,-1.8013],[124.3155,-1.7881]]],[[[126.3371,-1.8339],[126.3371,-1.8339]]],[[[126.3371,-1.8329],[126.3371,-1.8329]]],[[[124.3409,-1.8221],[124.3409,-1.8221]]],[[[126.3393,-1.8354],[126.3393,-1.8354]]],[[[126.3375,-1.8344],[126.3375,-1.8344]]],[[[126.3521,-1.8238],[126.3521,-1.8238]]],[[[126.3492,-1.8237],[126.3492,-1.8237]]],[[[126.3455,-1.8214],[126.3455,-1.8214]]],[[[126.3373,-1.8222],[126.3373,-1.8222]]],[[[126.4565,-1.8018],[126.4789,-1.8058],[126.4635,-1.8191],[126.4867,-1.8203],[126.4804,-1.8326],[126.3502,-1.8263],[126.4565,-1.8018]]],[[[126.2672,-1.8145],[126.2672,-1.8145]]],[[[125.6246,-1.8095],[125.6246,-1.8095]]],[[[126.2039,-1.8079],[126.2039,-1.8079]]],[[[125.7966,-1.8032],[125.7966,-1.8032]]],[[[125.4166,-1.7964],[125.4166,-1.7964]]],[[[125.7492,-1.8007],[125.7492,-1.8007]]],[[[124.4768,-1.5788],[124.4803,-1.6044],[124.4768,-1.5788]]],[[[128.0993,-1.5637],[128.095,-1.5778],[128.0844,-1.5722],[128.0993,-1.5637]]],[[[127.3552,-1.5267],[127.3552,-1.5267]]],[[[128.0652,-1.5439],[128.0652,-1.5439]]],[[[128.0929,-1.5381],[128.0787,-1.5339],[128.0929,-1.5381]]],[[[128.0419,-1.5275],[128.0456,-1.5383],[128.0315,-1.529],[128.0419,-1.5275]]],[[[128.3279,-1.6645],[128.2949,-1.6412],[128.3118,-1.6144],[128.3508,-1.6018],[128.3655,-1.6174],[128.3622,-1.6458],[128.3279,-1.6645]]],[[[128.6339486842105,-1.500757894736852],[128.6339486842105,-1.500757894736852]]],[[[127.4019,-1.4916],[127.4105,-1.5013],[127.396,-1.5254],[127.3779,-1.522],[127.3813,-1.4939],[127.4019,-1.4916]]],[[[128.6339486842105,-1.500757894736852],[128.6339486842105,-1.500757894736852]]],[[[127.9942,-1.4912],[127.9939,-1.505],[127.9942,-1.4912]]],[[[127.9656,-1.4705],[127.9656,-1.4705]]],[[[127.2818,-1.421],[127.2818,-1.421]]],[[[127.5239,-1.395],[127.5239,-1.395]]],[[[127.8733,-1.3868],[127.8733,-1.3868]]],[[[127.8698,-1.3858],[127.8698,-1.3858]]],[[[127.3912,-1.3801],[127.3912,-1.3801]]],[[[127.8344,-1.3635],[127.8344,-1.3635]]],[[[127.3521,-1.4347],[127.3521,-1.4347]]],[[[127.4661,-1.4334],[127.4661,-1.4334]]],[[[127.4234,-1.4289],[127.4234,-1.4289]]],[[[127.8652,-1.4256],[127.8788,-1.4207],[127.8652,-1.4256]]],[[[127.8422,-1.4301],[127.8422,-1.4301]]],[[[127.3548,-1.4286],[127.3275,-1.4543],[127.2808,-1.4146],[127.3194,-1.3921],[127.3225,-1.3642],[127.336,-1.388],[127.3426,-1.3646],[127.3487,-1.3839],[127.3604,-1.3641],[127.3675,-1.3776],[127.3815,-1.3677],[127.3711,-1.3823],[127.3993,-1.4057],[127.3548,-1.4286]]],[[[124.2974,-1.7817],[124.2974,-1.7817]]],[[[124.2968,-1.7802],[124.2968,-1.7802]]],[[[124.2965,-1.7805],[124.2965,-1.7805]]],[[[124.3136,-1.7718],[124.3136,-1.7718]]],[[[125.4251,-1.7683],[125.4251,-1.7683]]],[[[125.9739,-1.9186],[125.9149,-1.9387],[125.8427,-1.8939],[125.7897,-1.9147],[125.7844,-1.9331],[125.7676,-1.9206],[125.5785,-1.9289],[125.5278,-1.9485],[125.494,-1.9342],[125.4227,-1.9506],[125.4407,-1.9274],[125.4358,-1.8881],[125.3943,-1.874],[125.3924,-1.8593],[125.3744,-1.8628],[125.3706,-1.8461],[125.3598,-1.8846],[125.3448,-1.8882],[125.3283,-1.8312],[125.3495,-1.8046],[125.3757,-1.8071],[125.3562,-1.7954],[125.3666,-1.7791],[125.4033,-1.7751],[125.4263,-1.8098],[125.4501,-1.7998],[125.4574,-1.7776],[125.4805,-1.7784],[125.4736,-1.7996],[125.4892,-1.8195],[125.4976,-1.8067],[125.5,-1.8215],[125.5095,-1.8081],[125.5167,-1.8176],[125.5179,-1.8006],[125.5265,-1.8113],[125.5401,-1.786],[125.5419,-1.8101],[125.5891,-1.8047],[125.6389,-1.83],[125.6973,-1.8299],[125.7149,-1.8161],[125.724,-1.8287],[125.7802,-1.798],[125.8154,-1.8112],[125.9127,-1.7932],[126.1967,-1.8048],[126.3052,-1.8286],[126.3124,-1.8157],[126.3528,-1.8151],[126.2457,-1.8795],[126.2061,-1.8671],[126.1389,-1.8914],[126.0892,-1.8789],[125.9739,-1.9186]]],[[[124.4323,-2.0254],[124.3951,-2.028],[124.3934,-1.9719],[124.3358,-1.8872],[124.3482,-1.788],[124.3721,-1.7419],[124.3617,-1.7047],[124.4006,-1.6601],[124.4918,-1.6584],[124.5295,-1.6299],[124.5263,-1.6655],[124.556,-1.6383],[124.6719,-1.644],[124.7508,-1.6707],[124.7792,-1.6655],[124.8094,-1.687],[124.8059,-1.6731],[124.871,-1.68],[124.8983,-1.7087],[124.9586,-1.695],[124.9609,-1.7095],[125.0021,-1.7156],[124.9999,-1.7274],[125.0213,-1.7183],[125.0156,-1.7522],[125.038,-1.7506],[125.0464,-1.7713],[125.0618,-1.743],[125.07,-1.7727],[125.0787,-1.7579],[125.1035,-1.7615],[125.1107,-1.7465],[125.0873,-1.7451],[125.1144,-1.7308],[125.1023,-1.7297],[125.1077,-1.6912],[125.1285,-1.6838],[125.1487,-1.7165],[125.165,-1.6951],[125.2042,-1.7246],[125.1868,-1.7869],[125.2136,-1.7924],[125.2291,-1.7657],[125.2217,-1.7363],[125.2428,-1.7229],[125.2973,-1.7376],[125.2729,-1.7969],[125.2995,-1.7787],[125.3228,-1.7877],[125.3151,-1.8466],[125.3273,-1.8841],[125.3148,-1.8935],[125.2316,-1.8719],[125.1888,-1.8852],[125.1271,-1.8775],[125.1019,-1.9],[125.0518,-1.8858],[125.0155,-1.898],[125.0213,-1.9281],[125.0082,-1.9436],[124.8908,-1.9266],[124.8617,-1.8916],[124.7741,-1.9158],[124.6819,-1.9757],[124.5243,-2.0183],[124.4939,-2.0132],[124.5185,-1.9909],[124.5291,-2.0089],[124.5672,-1.9954],[124.5212,-1.9809],[124.4822,-2.0249],[124.4323,-2.0254]]],[[[125.6927,-1.7592],[125.6927,-1.7592]]],[[[124.3116,-1.7557],[124.3116,-1.7557]]],[[[125.5435,-1.757],[125.5515,-1.7783],[125.5078,-1.7782],[125.5435,-1.757]]],[[[124.3138,-1.7694],[124.3138,-1.7694]]],[[[124.3489,-1.7604],[124.3446,-1.7783],[124.3489,-1.7604]]],[[[124.3148,-1.7683],[124.3148,-1.7683]]],[[[124.3597,-1.7575],[124.3597,-1.7575]]],[[[124.3131,-1.7502],[124.3131,-1.7502]]],[[[124.3426,-1.7475],[124.3426,-1.7475]]],[[[124.3535,-1.7468],[124.3535,-1.7468]]],[[[124.2995,-1.7326],[124.2995,-1.7326]]],[[[124.3083,-1.7311],[124.3083,-1.7311]]],[[[124.303,-1.7281],[124.303,-1.7281]]],[[[124.3053,-1.7263],[124.3053,-1.7263]]],[[[124.3661,-1.7226],[124.3661,-1.7226]]],[[[124.3432,-1.7098],[124.3489,-1.6931],[124.3432,-1.7098]]],[[[124.3413,-1.7238],[124.3413,-1.7238]]],[[[124.332,-1.727],[124.332,-1.727]]],[[[124.3375,-1.7168],[124.3368,-1.7041],[124.3375,-1.7168]]],[[[124.3456,-1.7233],[124.3456,-1.7233]]],[[[124.3593,-1.7394],[124.3593,-1.7394]]],[[[124.355,-1.7407],[124.355,-1.7407]]],[[[124.371,-1.7381],[124.371,-1.7381]]],[[[124.3682,-1.7378],[124.3682,-1.7378]]],[[[124.2915,-1.7452],[124.3112,-1.7855],[124.289,-1.7717],[124.2915,-1.7452]]],[[[124.3596,-1.7439],[124.3596,-1.7439]]],[[[124.3609,-1.7331],[124.3609,-1.7331]]],[[[124.3169,-1.7187],[124.3189,-1.7436],[124.3169,-1.7187]]],[[[124.8795,-1.6604],[124.8795,-1.6604]]],[[[124.895,-1.6605],[124.895,-1.6605]]],[[[124.4915,-1.6295],[124.4915,-1.6295]]],[[[124.9915,-1.7121],[124.9915,-1.7121]]],[[[124.9689,-1.698],[124.9689,-1.698]]],[[[124.9681,-1.6877],[124.9681,-1.6877]]],[[[124.969,-1.6642],[124.9497,-1.6662],[124.969,-1.6642]]],[[[124.9967,-1.6567],[125.023,-1.665],[124.9995,-1.6703],[124.9967,-1.6567]]],[[[127.7002,-1.2672],[127.7002,-1.2672]]],[[[127.7064,-1.2876],[127.7064,-1.2876]]],[[[127.7033,-1.2712],[127.7008,-1.282],[127.7033,-1.2712]]],[[[127.7063,-1.2701],[127.7063,-1.2701]]],[[[127.6965,-1.2746],[127.6965,-1.2746]]],[[[128.4528,-1.1428],[128.4528,-1.1428]]],[[[128.4442,-1.1575],[128.4442,-1.1575]]],[[[128.4415,-1.156],[128.4415,-1.156]]],[[[128.4314,-1.1562],[128.4093,-1.1561],[128.427,-1.1457],[128.4314,-1.1562]]],[[[128.4048,-1.1443],[128.4048,-1.1443]]],[[[127.5056,-1.2694],[127.4884,-1.2703],[127.4652,-1.2413],[127.5094,-1.2028],[127.5122,-1.1771],[127.5485,-1.1711],[127.5989,-1.2104],[127.6963,-1.2281],[127.693,-1.2851],[127.6665,-1.2848],[127.6771,-1.2928],[127.5614,-1.2478],[127.5056,-1.2694]]],[[[127.6991,-1.227],[127.6991,-1.227]]],[[[127.4416,-1.184],[127.4417,-1.2104],[127.4252,-1.2209],[127.3969,-1.1429],[127.4197,-1.1408],[127.4416,-1.184]]],[[[128.3133,-1.0887],[128.3133,-1.0887]]],[[[128.3348,-1.0981],[128.3348,-1.0981]]],[[[128.3104,-1.1193],[128.3104,-1.1193]]],[[[128.2977,-1.1109],[128.2977,-1.1109]]],[[[128.3181,-1.1129],[128.3181,-1.1129]]],[[[128.3351,-1.1208],[128.3351,-1.1208]]],[[[128.345,-1.1111],[128.3453,-1.1218],[128.3289,-1.1135],[128.345,-1.1111]]],[[[128.3958,-1.0828],[128.4534,-1.1307],[128.4127,-1.0972],[128.3692,-1.1224],[128.358,-1.0936],[128.3434,-1.0959],[128.36,-1.0737],[128.3958,-1.0828]]],[[[128.3458,-1.1082],[128.336,-1.1033],[128.3458,-1.1082]]],[[[128.1558,-1.0478],[128.1558,-1.0478]]],[[[128.1561,-1.0487],[128.1561,-1.0487]]],[[[128.1561,-1.0445],[128.1561,-1.0445]]],[[[128.3838,-1.1344],[128.4062,-1.1539],[128.363,-1.1337],[128.3838,-1.1344]]],[[[128.4055,-1.1384],[128.4055,-1.1384]]],[[[128.4064,-1.137],[128.4064,-1.137]]],[[[128.4033,-1.1255],[128.4006,-1.138],[128.3848,-1.1259],[128.4033,-1.1255]]],[[[128.1556,-1.0026],[128.1556,-1.0026]]],[[[128.1747,-1.0009],[128.1747,-1.0009]]],[[[128.3728,-0.9894],[128.3728,-0.9894]]],[[[128.3799,-0.9874],[128.3799,-0.9874]]],[[[128.3806,-0.996],[128.3806,-0.996]]],[[[128.3803,-0.9936],[128.3803,-0.9936]]],[[[128.3773,-0.9865],[128.3773,-0.9865]]],[[[128.3812,-0.9855],[128.3812,-0.9855]]],[[[128.3672,-0.9847],[128.3672,-0.9847]]],[[[128.3624,-0.9762],[128.3624,-0.9762]]],[[[128.3666,-0.9745],[128.3666,-0.9745]]],[[[128.3446,-0.9517],[128.3446,-0.9517]]],[[[128.3536,-0.9512],[128.3536,-0.9512]]],[[[128.1405,-1.0311],[128.1405,-1.0311]]],[[[128.3358,-1.0358],[128.3358,-1.0358]]],[[[128.1777,-1.0133],[128.1777,-1.0133]]],[[[128.136,-1.0273],[128.136,-1.0273]]],[[[128.1343,-1.0218],[128.1343,-1.0218]]],[[[128.1609,-1.0082],[128.1609,-1.0082]]],[[[128.1603,-1.0071],[128.1603,-1.0071]]],[[[128.1592,-1.0054],[128.1592,-1.0054]]],[[[128.1583,-1.0044],[128.1583,-1.0044]]],[[[128.1409,-1.0296],[128.1409,-1.0296]]],[[[128.1396,-1.0295],[128.1396,-1.0295]]],[[[128.2388,-1.0401],[128.2521,-1.0476],[128.2354,-1.0507],[128.2364,-1.0683],[128.226,-1.0403],[128.2388,-1.0401]]],[[[128.3551,-1.0379],[128.3551,-1.0379]]],[[[128.3477,-1.0355],[128.3605,-1.0443],[128.3392,-1.0539],[128.3348,-1.0391],[128.3477,-1.0355]]],[[[128.1785,-1.0382],[128.1785,-1.0382]]],[[[128.3291,-0.942],[128.3411,-0.9509],[128.3324,-0.9646],[128.367,-0.9919],[128.4053,-0.9902],[128.414,-1.0288],[128.3633,-1.0413],[128.3291,-1.0176],[128.339,-0.9737],[128.3058,-0.9555],[128.3148,-0.9381],[128.3291,-0.942]]],[[[127.7094,-1.3318],[127.7094,-1.3318]]],[[[127.5281,-1.7253],[127.4971,-1.7237],[127.4036,-1.6523],[127.3915,-1.6175],[127.4122,-1.5664],[127.4028,-1.538],[127.4315,-1.4988],[127.416,-1.4797],[127.4444,-1.4339],[127.4127,-1.418],[127.4408,-1.4091],[127.4372,-1.4262],[127.5045,-1.453],[127.5134,-1.4171],[127.6414,-1.3302],[127.6706,-1.3504],[127.6736,-1.3313],[127.7009,-1.3529],[127.7067,-1.3354],[127.7603,-1.3525],[127.7779,-1.3791],[127.7931,-1.3731],[127.8012,-1.4134],[127.8397,-1.4254],[127.8355,-1.435],[127.8782,-1.4393],[127.8918,-1.4255],[127.9338,-1.4478],[127.9915,-1.5122],[128.0787,-1.5669],[128.0724,-1.5793],[128.0897,-1.584],[128.1132,-1.561],[128.1663,-1.6195],[128.1565,-1.6839],[128.0869,-1.7224],[128.0242,-1.7273],[127.9813,-1.6995],[127.8895,-1.6829],[127.817,-1.7009],[127.7163,-1.6869],[127.6616,-1.7279],[127.6167,-1.7177],[127.5968,-1.7381],[127.5281,-1.7253]]],[[[127.382,-1.3339],[127.382,-1.3339]]],[[[127.4129,-1.3129],[127.4349,-1.3178],[127.4181,-1.333],[127.3748,-1.3177],[127.4129,-1.3129]]],[[[129.6358,-0.0755],[129.6358,-0.0755]]],[[[129.4222,-0.0823],[129.4324,-0.1181],[129.4105,-0.0919],[129.4222,-0.0823]]],[[[129.6325,-0.0746],[129.6325,-0.0746]]],[[[129.6337,-0.0732],[129.6337,-0.0732]]],[[[129.5605,-0.154],[129.5752,-0.1994],[129.5369,-0.2135],[129.5077,-0.1763],[129.516,-0.1623],[129.4695,-0.1395],[129.4798,-0.1245],[129.4613,-0.0923],[129.3831,-0.0729],[129.3818,-0.0306],[129.3627,-0.0032],[129.3298,0.0228],[129.2878,0.0298],[129.28,0.0482],[129.4014,-0.0132],[129.5605,-0.154]]],[[[129.6425,-0.0399],[129.6537,-0.0708],[129.6255,-0.0314],[129.6153,-0.0405],[129.6353,-0.0557],[129.6195,-0.0657],[129.6299,-0.0697],[129.6082,-0.0651],[129.5875,-0.0447],[129.5844,-0.0088],[129.6032,-0.0044],[129.6425,-0.0399]]],[[[129.6265,0.0092],[129.6287,0.0237],[129.6384,0.0114],[129.6265,0.0092]]],[[[127.1729,0.1555],[127.1729,0.1555]]],[[[127.1717,0.1573],[127.1717,0.1573]]],[[[127.1731,0.1602],[127.1731,0.1602]]],[[[127.156,0.1619],[127.1451,0.1509],[127.156,0.1619]]],[[[128.9436,0.1917],[128.9783,0.1648],[128.9436,0.1917]]],[[[128.4775,0.6662],[128.4775,0.6662]]],[[[128.3041,0.7072],[128.3041,0.7072]]],[[[128.5184,0.7102],[128.5184,0.7102]]],[[[127.4802,0.7133],[127.4802,0.7133]]],[[[128.5498,0.7309],[128.5498,0.7309]]],[[[127.3624,0.7333],[127.3795,0.7301],[127.3624,0.7333]]],[[[128.4964,0.7584],[128.4964,0.7584]]],[[[128.5092,0.8003],[128.5092,0.8003]]],[[[128.1726,0.4403],[128.1726,0.4403]]],[[[127.4188,0.4332],[127.3837,0.4468],[127.3941,0.4771],[127.4178,0.4795],[127.4343,0.4619],[127.4398,0.4482],[127.4188,0.4332]]],[[[128.8734,0.469],[128.8743,0.4545],[128.8619,0.4758],[128.8734,0.469]]],[[[128.8671,0.492],[128.8671,0.492]]],[[[128.816,0.5636],[128.8615,0.4905],[128.8235,0.519],[128.8059,0.5544],[128.816,0.5636]]],[[[127.4763,0.5816],[127.4763,0.5816]]],[[[127.47,0.5958],[127.47,0.5958]]],[[[128.6452,0.6272],[128.633,0.6323],[128.6452,0.6272]]],[[[128.3791,0.6414],[128.3791,0.6414]]],[[[128.5203,0.6266],[128.5407,0.6372],[128.5203,0.6266]]],[[[128.6579,0.5584],[128.6579,0.5584]]],[[[128.6309,0.5639],[128.6189,0.5656],[128.6309,0.5639]]],[[[128.6483,0.5725],[128.6704,0.5678],[128.6361,0.5653],[128.6483,0.5725]]],[[[127.4007,0.5671],[127.3794,0.5627],[127.3936,0.5867],[127.4107,0.581],[127.4007,0.5671]]],[[[127.4316,0.1446],[127.4316,0.1446]]],[[[127.4118,0.2793],[127.3847,0.2775],[127.3433,0.3297],[127.3736,0.3623],[127.4152,0.375],[127.4435,0.3243],[127.4118,0.2793]]],[[[127.6243,0.3544],[127.6243,0.3544]]],[[[127.6429,0.357],[127.6429,0.357]]],[[[127.5907,0.3815],[127.5907,0.3815]]],[[[127.5881,0.3883],[127.5881,0.3883]]],[[[128.2926,0.3948],[128.2926,0.3948]]],[[[127.6093,0.3867],[127.6093,0.3867]]],[[[127.5831,0.3993],[127.5831,0.3993]]],[[[127.9124,0.3971],[127.9124,0.3971]]],[[[126.1487,0.9627],[126.162,0.9578],[126.1273,0.9807],[126.1546,0.9771],[126.1487,0.9627]]],[[[126.1501,0.9875],[126.1501,0.9875]]],[[[126.3999,1.3109],[126.394,1.28],[126.3578,1.319],[126.3644,1.3419],[126.3815,1.3531],[126.4133,1.3371],[126.3999,1.3109]]],[[[127.3784,0.7678],[127.3784,0.7678]]],[[[127.3785,0.768],[127.3785,0.768]]],[[[127.5948,0.7727],[127.5948,0.7727]]],[[[127.5625,0.7829],[127.5625,0.7829]]],[[[127.3712,0.6405],[127.362,0.6783],[127.3855,0.7477],[127.4056,0.759],[127.4485,0.7459],[127.4605,0.7146],[127.4426,0.6468],[127.4124,0.6223],[127.3712,0.6405]]],[[[127.3881,0.8084],[127.3881,0.8084]]],[[[127.3228,0.7548],[127.2927,0.7976],[127.3021,0.841],[127.327,0.8676],[127.3864,0.8333],[127.3912,0.7893],[127.3706,0.7602],[127.3228,0.7548]],[[127.3891,0.7849],[127.3891,0.7849]]],[[[128.3199,0.8231],[128.3199,0.8231]]],[[[128.4431,0.8389],[128.4431,0.8389]]],[[[128.323,0.8418],[128.3268,0.8245],[128.323,0.8418]]],[[[127.5987,0.8606],[127.5987,0.8606]]],[[[127.5101,0.8617],[127.5101,0.8617]]],[[[127.516,0.863],[127.516,0.863]]],[[[127.5324,0.8644],[127.5324,0.8644]]],[[[127.4959,0.8763],[127.4959,0.8763]]],[[[127.6955,0.8803],[127.6955,0.8803]]],[[[127.6624,0.8769],[127.6624,0.8769]]],[[[127.5338,0.8801],[127.5338,0.8801]]],[[[127.5302,0.8774],[127.5302,0.8774]]],[[[127.5073,0.881],[127.5073,0.881]]],[[[127.5154,0.8791],[127.5154,0.8791]]],[[[127.5409,0.8814],[127.5409,0.8814]]],[[[127.5597,0.8692],[127.5597,0.8692]]],[[[127.5574,0.872],[127.5574,0.872]]],[[[127.514,0.8731],[127.514,0.8731]]],[[[127.5178,0.874],[127.5178,0.874]]],[[[127.5197,0.8725],[127.5197,0.8725]]],[[[127.5069,0.8653],[127.5069,0.8653]]],[[[127.5491,0.8709],[127.5491,0.8709]]],[[[127.532,0.8761],[127.532,0.8761]]],[[[127.529,0.8741],[127.529,0.8741]]],[[[127.5252,0.8738],[127.5252,0.8738]]],[[[127.3102,0.9125],[127.3102,0.9125]]],[[[127.509,0.8852],[127.509,0.8852]]],[[[127.5156,0.8851],[127.5156,0.8851]]],[[[127.5192,0.8858],[127.5192,0.8858]]],[[[127.931,0.9935],[127.931,0.9935]]],[[[127.9322,1.0048],[127.9322,1.0048]]],[[[127.9511,1.0266],[127.9511,1.0266]]],[[[127.8876,1.15],[127.8876,1.15]]],[[[127.8819,1.1485],[127.8819,1.1485]]],[[[128.0267,1.2989],[128.0065,1.2813],[128.0267,1.2989]]],[[[127.5165,1.5522],[127.5165,1.5522]]],[[[128.0479,1.5558],[128.0479,1.5558]]],[[[128.025,1.5908],[128.025,1.5908]]],[[[128.0586,1.5934],[128.0586,1.5934]]],[[[128.0507,1.5532],[128.0507,1.5532]]],[[[128.0622,1.5698],[128.0518,1.5558],[128.048,1.5805],[128.0622,1.5698]]],[[[128.0182,1.5961],[128.0182,1.5961]]],[[[127.5569,1.6455],[127.5569,1.6455]]],[[[127.5395,1.6605],[127.5395,1.6605]]],[[[127.4913,1.6605],[127.4913,1.6605]]],[[[127.4918,1.6716],[127.4854,1.6534],[127.481,1.6716],[127.4918,1.6716]]],[[[127.5225,0.8772],[127.5225,0.8772]]],[[[127.5384,0.8803],[127.5384,0.8803]]],[[[127.5129,0.883],[127.5129,0.883]]],[[[127.5088,0.8829],[127.5088,0.8829]]],[[[127.5043,0.8823],[127.5002,0.866],[127.5043,0.8823]]],[[[127.5229,0.884],[127.5229,0.884]]],[[[127.329,0.8879],[127.3071,0.8906],[127.3138,0.9131],[127.329,0.8879]]],[[[127.5183,0.8843],[127.5183,0.8843]]],[[[127.0634,-0.2772],[127.0569,-0.2979],[127.0634,-0.2772]]],[[[127.0289,-0.1972],[127.0289,-0.1972]]],[[[127.0302,-0.1961],[127.0302,-0.1961]]],[[[127.1384,-0.1777],[127.1384,-0.1777]]],[[[127.1411,-0.1774],[127.1411,-0.1774]]],[[[127.0736,-0.2676],[127.0367,-0.293],[127.021,-0.2622],[127.0312,-0.2554],[127.0431,-0.2748],[127.0432,-0.2411],[127.0611,-0.2283],[127.0908,-0.2457],[127.0736,-0.2676]]],[[[127.0197,-0.2604],[127.0197,-0.2604]]],[[[127.3013,-0.2396],[127.3013,-0.2396]]],[[[127.4341,-0.2329],[127.4341,-0.2329]]],[[[127.3158,-0.2327],[127.3057,-0.2426],[127.298,-0.228],[127.3158,-0.2327]]],[[[127.0588,-0.2289],[127.0588,-0.2289]]],[[[127.2789,-0.2932],[127.2789,-0.2932]]],[[[127.2603,-0.2704],[127.2603,-0.2704]]],[[[127.1338,-0.2735],[127.1338,-0.2735]]],[[[127.1178,-0.2852],[127.1178,-0.2852]]],[[[127.2723,-0.2783],[127.2723,-0.2783]]],[[[127.2751,-0.2778],[127.2751,-0.2778]]],[[[127.2702,-0.2943],[127.2702,-0.2943]]],[[[127.276,-0.2935],[127.276,-0.2935]]],[[[127.2518,-0.2605],[127.2518,-0.2605]]],[[[127.2468,-0.2553],[127.2468,-0.2553]]],[[[127.229,-0.2516],[127.229,-0.2516]]],[[[127.0939,-0.2558],[127.0915,-0.2145],[127.1096,-0.213],[127.1281,-0.1773],[127.1523,-0.1833],[127.1274,-0.2051],[127.1264,-0.2357],[127.0939,-0.2558]],[[127.136,-0.1774],[127.136,-0.1774]]],[[[127.2115,-0.1131],[127.2115,-0.1131]]],[[[127.2049,-0.1133],[127.2049,-0.1133]]],[[[127.4093,-0.1032],[127.4093,-0.1032]]],[[[127.4183,-0.093],[127.4183,-0.093]]],[[[127.4477,-0.0897],[127.434,-0.086],[127.4477,-0.0897]]],[[[127.4304,-0.0834],[127.4304,-0.0834]]],[[[127.4222,-0.0846],[127.4222,-0.0846]]],[[[127.4372,-0.0801],[127.4372,-0.0801]]],[[[127.2034,-0.0454],[127.2034,-0.0454]]],[[[127.4298,-0.0606],[127.4385,-0.0736],[127.4201,-0.0687],[127.4298,-0.0606]]],[[[127.4703,-0.0669],[127.4703,-0.0669]]],[[[127.1664,-0.0126],[127.1664,-0.0126]]],[[[127.1754,-0.0376],[127.1916,-0.0456],[127.1754,-0.0376]]],[[[127.202,-0.0412],[127.202,-0.0412]]],[[[127.1986,-0.032],[127.1986,-0.032]]],[[[127.2037,-0.0431],[127.2037,-0.0431]]],[[[127.4158,-0.08],[127.4105,-0.1043],[127.4161,-0.0162],[127.4295,-0.0433],[127.4158,-0.08]]],[[[127.4704,-0.0485],[127.468,-0.0596],[127.4704,-0.0485]]],[[[127.22,-0.0357],[127.22,-0.0357]]],[[[127.2375,-0.0308],[127.2375,-0.0308]]],[[[127.2198,-0.0336],[127.2198,-0.0336]]],[[[127.2069,-0.0311],[127.2069,-0.0311]]],[[[127.2273,0.0351],[127.2263,0.0211],[127.2167,0.0303],[127.2273,0.0351]]],[[[127.4301,0.0058],[127.4211,-0.0113],[127.4301,0.0058]]],[[[127.4284,0.0122],[127.4284,0.0122]]],[[[127.4287,-0.0189],[127.4287,-0.0189]]],[[[127.2264,-0.0194],[127.2264,-0.0194]]],[[[127.2269,-0.0197],[127.2269,-0.0197]]],[[[127.2184,-0.0192],[127.2184,-0.0192]]],[[[127.4118,-0.0125],[127.4118,-0.0125]]],[[[127.4124,-0.0114],[127.4124,-0.0114]]],[[[127.4668,-0.0308],[127.4572,-0.0397],[127.4324,-0.0058],[127.4427,0.0073],[127.4306,0.0219],[127.405,0.0099],[127.4261,0.1389],[127.4592,0.131],[127.4407,0.1023],[127.4478,0.0686],[127.4668,0.0725],[127.4668,-0.0308]]],[[[127.2514,-0.0287],[127.2514,-0.0287]]],[[[127.2308,-0.029],[127.2308,-0.029]]],[[[127.1954,-0.0251],[127.1954,-0.0251]]],[[[127.1988,-0.0278],[127.1988,-0.0278]]],[[[127.216,-0.0289],[127.216,-0.0289]]],[[[127.2255,-0.0284],[127.2255,-0.0284]]],[[[127.2378,-0.0289],[127.2378,-0.0289]]],[[[127.233,-0.0252],[127.233,-0.0252]]],[[[127.2361,-0.0213],[127.2361,-0.0213]]],[[[127.2069,-0.0217],[127.2069,-0.0217]]],[[[127.2022,-0.0208],[127.2022,-0.0208]]],[[[127.2181,-0.0206],[127.2181,-0.0206]]],[[[127.2252,-0.0228],[127.2252,-0.0228]]],[[[127.2072,-0.0217],[127.2072,-0.0217]]],[[[127.2119,-0.023],[127.2119,-0.023]]],[[[127.2104,-0.0225],[127.2104,-0.0225]]],[[[127.2028,-0.0204],[127.2028,-0.0204]]],[[[127.1862,-0.0136],[127.2027,-0.0246],[127.1643,-0.0163],[127.1862,-0.0136]]],[[[127.2055,-0.1138],[127.2055,-0.1138]]],[[[127.2101,-0.1145],[127.2101,-0.1145]]],[[[127.209,-0.1133],[127.209,-0.1133]]],[[[127.2082,-0.1144],[127.2082,-0.1144]]],[[[127.2098,-0.1141],[127.2098,-0.1141]]],[[[127.2674,-0.1087],[127.2326,-0.1398],[127.1977,-0.1191],[127.2305,-0.11],[127.2386,-0.0796],[127.2687,-0.0717],[127.2674,-0.1087]]],[[[127.1271,0.1423],[127.135,0.1277],[127.1135,0.132],[127.1185,0.1495],[127.1271,0.1423]]],[[[127.2167,0.1431],[127.2167,0.1321],[127.2167,0.1431]]],[[[127.701,0.0997],[127.701,0.0997]]],[[[127.741,2.2742],[127.741,2.2742]]],[[[127.7788,2.3003],[127.7788,2.3003]]],[[[128.6806,2.3805],[128.6806,2.3805]]],[[[127.7508,2.2677],[127.7508,2.2677]]],[[[127.744,2.2723],[127.744,2.2723]]],[[[127.7472,2.2699],[127.7472,2.2699]]],[[[127.8241,2.2714],[127.8241,2.2714]]],[[[127.8198,2.2729],[127.8198,2.2729]]],[[[127.7427,2.2735],[127.7427,2.2735]]],[[[128.1522,2.283],[128.1522,2.283]]],[[[128.1664,2.289],[128.1391,2.2993],[128.1249,2.3335],[128.1665,2.4127],[128.188,2.3065],[128.1664,2.289]]],[[[128.051,1.6616],[128.051,1.6616]]],[[[128.013,1.6662],[128.013,1.6662]]],[[[128.0223,1.6652],[128.0223,1.6652]]],[[[127.5755,1.6941],[127.5755,1.6941]]],[[[128.0683,1.6988],[128.0683,1.6988]]],[[[127.5497,1.7084],[127.5497,1.7084]]],[[[128.0543,1.6772],[128.0511,1.6657],[128.0543,1.6772]]],[[[127.5424,1.683],[127.5456,1.6699],[127.5292,1.673],[127.5424,1.683]]],[[[127.5766,1.6935],[127.5766,1.6935]]],[[[128.0361,1.685],[128.0361,1.685]]],[[[128.0279,1.7321],[128.0279,1.7321]]],[[[128.0519,1.7345],[128.0533,1.7243],[128.0519,1.7345]]],[[[128.0247,1.7528],[128.0247,1.7528]]],[[[128.0534,1.7585],[128.0534,1.7585]]],[[[128.0459,1.7535],[128.0563,1.7418],[128.0358,1.744],[128.0459,1.7535]]],[[[127.526,1.719],[127.535,1.6889],[127.4952,1.6675],[127.526,1.719]]],[[[127.534,1.7113],[127.534,1.7113]]],[[[128.0745,1.7222],[128.0621,1.7344],[128.0704,1.7447],[128.0745,1.7222]]],[[[127.6037,1.8043],[127.6037,1.8043]]],[[[127.7207,1.9556],[127.7207,1.9556]]],[[[128.2284,1.9661],[128.2284,1.9661]]],[[[127.9833,1.774],[127.9833,1.774]]],[[[127.9722,1.7728],[127.9722,1.7728]]],[[[128.0074,1.7733],[127.9935,1.8027],[128.0197,1.7695],[128.0074,1.7733]]],[[[127.7121,2.2033],[127.7121,2.2033]]],[[[128.2093,2.2152],[128.2093,2.2152]]],[[[127.801,2.2725],[127.8254,2.2697],[127.8229,2.2408],[127.7952,2.2172],[127.773,2.2197],[127.773,2.2596],[127.7595,2.271],[127.7781,2.2949],[127.7792,2.2755],[127.801,2.2725]]],[[[128.2241,2.0177],[128.2241,2.0177]]],[[[128.2804,2.0572],[128.2804,2.0572]]],[[[128.2722,2.0655],[128.2722,2.0655]]],[[[128.2785,2.0816],[128.2785,2.0816]]],[[[128.2734,2.0772],[128.2734,2.0772]]],[[[128.2719,2.0518],[128.2719,2.0518]]],[[[128.2107,2.0539],[128.2107,2.0539]]],[[[128.2519,2.0589],[128.2519,2.0589]]],[[[127.7743,2.1032],[127.7743,2.1032]]],[[[127.7869,2.1108],[127.7869,2.1108]]],[[[127.7743,2.1104],[127.7743,2.1104]]],[[[127.7822,2.1049],[127.7822,2.1049]]],[[[127.7772,2.1077],[127.7772,2.1077]]],[[[127.7748,2.107],[127.7748,2.107]]],[[[127.7757,2.1041],[127.7757,2.1041]]],[[[127.7738,2.1091],[127.7738,2.1091]]],[[[127.7782,2.1097],[127.7782,2.1097]]],[[[127.7799,2.1353],[127.7799,2.1353]]],[[[127.7843,2.1383],[127.7843,2.1383]]],[[[128.2467,2.1694],[128.2467,2.1694]]],[[[128.2204,2.1712],[128.2204,2.1712]]],[[[127.7684,2.1726],[127.7707,2.152],[127.7201,2.1941],[127.7591,2.1903],[127.7684,2.1726]]],[[[128.2086,2.1923],[128.2105,2.2095],[128.2086,2.1923]]],[[[128.2366,2.2071],[128.2366,2.2071]]],[[[127.7693,2.2108],[127.7686,2.1978],[127.7547,2.2046],[127.7693,2.2108]]],[[[127.7546,2.206],[127.7546,2.206]]],[[[128.2236,2.1168],[128.2236,2.1168]]],[[[127.7899,2.1214],[127.7899,2.1214]]],[[[128.2141,2.1211],[128.2141,2.1211]]],[[[127.7765,2.1281],[127.784,2.1039],[127.7672,2.1148],[127.7765,2.1281]]],[[[127.7846,2.1235],[127.7846,2.1235]]],[[[127.7861,2.1248],[127.7861,2.1248]]],[[[128.231,2.1345],[128.2229,2.1275],[128.231,2.1345]]],[[[128.1965,2.1262],[128.1965,2.1262]]],[[[127.7885,2.1268],[127.7885,2.1268]]],[[[128.1834,2.1265],[128.1834,2.1265]]],[[[128.1905,2.0936],[128.1959,2.0733],[128.1905,2.0936]]],[[[127.7757,2.0887],[127.7757,2.0887]]],[[[127.7771,2.0896],[127.7771,2.0896]]],[[[127.779,2.0939],[127.779,2.0939]]],[[[128.5925,2.1659],[128.5777,2.1115],[128.5477,2.1028],[128.5101,2.0612],[128.3002,2.0358],[128.2598,1.9805],[128.2932,2.0544],[128.2789,2.0876],[128.2534,2.0936],[128.246,2.1237],[128.2493,2.2476],[128.2224,2.2771],[128.1969,2.2788],[128.2847,2.3722],[128.2974,2.4428],[128.3227,2.4711],[128.4104,2.5271],[128.4615,2.5958],[128.5261,2.577],[128.5658,2.6455],[128.6137,2.5672],[128.6304,2.5639],[128.6328,2.5338],[128.6584,2.5252],[128.6706,2.4987],[128.6877,2.5023],[128.6927,2.4701],[128.6939,2.4224],[128.6498,2.3675],[128.6413,2.3322],[128.6538,2.3099],[128.5925,2.1659]]],[[[128.4592,-0.9173],[128.4592,-0.9173]]],[[[128.5977,-0.6581],[128.5977,-0.6581]]],[[[127.1442,-0.581],[127.1442,-0.581]]],[[[127.1704,-0.5887],[127.1704,-0.5887]]],[[[127.1463,-0.5817],[127.1463,-0.5817]]],[[[127.6141,-0.5829],[127.6051,-0.5759],[127.6141,-0.5829]]],[[[128.4133,-0.5724],[128.4133,-0.5724]]],[[[128.4086,-0.5816],[128.4086,-0.5816]]],[[[127.6176,-0.5721],[127.6176,-0.5721]]],[[[128.4948,-0.5979],[128.4948,-0.5979]]],[[[128.4927,-0.5947],[128.4927,-0.5947]]],[[[128.4931,-0.5939],[128.4931,-0.5939]]],[[[128.4919,-0.5943],[128.4919,-0.5943]]],[[[127.3798,-0.5938],[127.3798,-0.5938]]],[[[128.4801,-0.5839],[128.4879,-0.5925],[128.4801,-0.5839]]],[[[128.515,-0.6019],[128.515,-0.6019]]],[[[127.1284,-0.4998],[127.1284,-0.4998]]],[[[127.111,-0.4896],[127.111,-0.4896]]],[[[127.1197,-0.4804],[127.1197,-0.4804]]],[[[127.1161,-0.4762],[127.1161,-0.4762]]],[[[127.1234,-0.4396],[127.1234,-0.4396]]],[[[127.1192,-0.4353],[127.1192,-0.4353]]],[[[127.1098,-0.4293],[127.1098,-0.4293]]],[[[127.1277,-0.4983],[127.1277,-0.4983]]],[[[127.1279,-0.4979],[127.1279,-0.4979]]],[[[128.3464,-0.5682],[128.3616,-0.5752],[128.3296,-0.5774],[128.3464,-0.5682]]],[[[128.4245,-0.567],[128.4418,-0.573],[128.4279,-0.5916],[128.4053,-0.5616],[128.4245,-0.567]]],[[[128.4072,-0.5723],[128.4072,-0.5723]]],[[[128.4038,-0.5701],[128.4038,-0.5701]]],[[[128.4058,-0.5683],[128.4058,-0.5683]]],[[[128.402,-0.5661],[128.402,-0.5661]]],[[[128.4006,-0.5647],[128.4006,-0.5647]]],[[[127.2838,-0.5324],[127.2785,-0.5422],[127.2838,-0.5324]]],[[[127.2463,-0.536],[127.2463,-0.536]]],[[[127.1478,-0.5269],[127.1478,-0.5269]]],[[[127.3035,-0.5039],[127.3035,-0.5039]]],[[[127.3025,-0.4991],[127.3025,-0.4991]]],[[[127.1498,-0.529],[127.1498,-0.529]]],[[[127.1491,-0.5278],[127.1491,-0.5278]]],[[[127.258,-0.5396],[127.258,-0.5396]]],[[[127.2927,-0.5287],[127.2927,-0.5287]]],[[[127.2643,-0.5022],[127.267,-0.532],[127.2528,-0.513],[127.2643,-0.5022]]],[[[128.0894,-0.4639],[128.0894,-0.4639]]],[[[127.273,-0.4814],[127.273,-0.4814]]],[[[127.7119,-0.4577],[127.7023,-0.4533],[127.7119,-0.4577]]],[[[127.723,-0.4402],[127.723,-0.4402]]],[[[128.124,-0.4362],[128.124,-0.4362]]],[[[127.3113,-0.4291],[127.3113,-0.4291]]],[[[127.7308,-0.4131],[127.7457,-0.4275],[127.7248,-0.4228],[127.7308,-0.4131]]],[[[127.288,-0.4909],[127.3,-0.4982],[127.2875,-0.5006],[127.2902,-0.5276],[127.2733,-0.511],[127.288,-0.4909]]],[[[127.2587,-0.4969],[127.2587,-0.4969]]],[[[127.262,-0.4937],[127.262,-0.4937]]],[[[127.679,-0.495],[127.6808,-0.4849],[127.679,-0.495]]],[[[128.3974,-0.5628],[128.3974,-0.5628]]],[[[128.3864,-0.5569],[128.3864,-0.5569]]],[[[128.3641,-0.5526],[128.3641,-0.5526]]],[[[127.2352,-0.55],[127.2352,-0.55]]],[[[127.279,-0.545],[127.279,-0.545]]],[[[127.252,-0.5503],[127.252,-0.5503]]],[[[127.2687,-0.5514],[127.2687,-0.5514]]],[[[128.3339,-0.5491],[128.3157,-0.551],[128.3339,-0.5491]]],[[[128.394,-0.5609],[128.394,-0.5609]]],[[[128.3904,-0.5575],[128.3904,-0.5575]]],[[[128.3896,-0.5422],[128.4045,-0.5618],[128.3673,-0.5372],[128.3542,-0.5464],[128.3831,-0.5582],[128.3355,-0.5474],[128.3674,-0.5272],[128.3896,-0.5422]]],[[[127.2449,-0.5481],[127.2241,-0.544],[127.2334,-0.5327],[127.2449,-0.5481]]],[[[127.8762,-0.8271],[127.8762,-0.8271]]],[[[128.1352,-0.8264],[128.1352,-0.8264]]],[[[128.1325,-0.8281],[128.1325,-0.8281]]],[[[128.1453,-0.8147],[128.1453,-0.8147]]],[[[128.1426,-0.8148],[128.1426,-0.8148]]],[[[128.1427,-0.8058],[128.1532,-0.806],[128.1311,-0.8032],[128.1427,-0.8058]]],[[[128.0986,-0.8442],[128.1117,-0.8528],[128.1035,-0.8617],[128.0798,-0.8507],[128.0986,-0.8442]]],[[[128.1228,-0.8454],[128.1146,-0.8555],[128.1228,-0.8454]]],[[[127.8778,-0.7314],[127.8778,-0.7314]]],[[[127.1668,-0.7061],[127.1668,-0.7061]]],[[[128.548,-0.6968],[128.548,-0.6968]]],[[[127.1746,-0.6883],[127.1746,-0.6883]]],[[[127.6631,-0.676],[127.6631,-0.676]]],[[[127.3129,-0.6678],[127.3129,-0.6678]]],[[[128.5717,-0.6557],[128.5717,-0.6557]]],[[[128.5801,-0.6562],[128.5801,-0.6562]]],[[[128.5707,-0.6532],[128.5584,-0.6503],[128.5707,-0.6532]]],[[[127.3089,-0.6651],[127.3089,-0.6651]]],[[[127.3034,-0.6529],[127.3034,-0.6529]]],[[[127.2767,-0.6487],[127.2767,-0.6487]]],[[[127.3075,-0.6566],[127.3075,-0.6566]]],[[[128.5942,-0.6288],[128.6071,-0.6439],[128.5964,-0.6542],[128.5943,-0.6339],[128.5772,-0.6373],[128.5942,-0.6288]]],[[[128.5745,-0.6376],[128.5745,-0.6376]]],[[[127.2055,-0.6364],[127.2055,-0.6364]]],[[[127.2795,-0.6345],[127.2795,-0.6345]]],[[[128.5716,-0.6359],[128.5716,-0.6359]]],[[[128.5576,-0.6503],[128.5576,-0.6503]]],[[[127.4212,-0.6472],[127.4212,-0.6472]]],[[[127.3234,-0.6616],[127.3041,-0.6317],[127.3234,-0.6616]]],[[[127.3392,-0.6513],[127.3392,-0.6513]]],[[[128.5504,-0.647],[128.5504,-0.647]]],[[[128.5475,-0.6471],[128.5475,-0.6471]]],[[[127.2996,-0.6467],[127.2996,-0.6467]]],[[[128.5337,-0.6424],[128.5441,-0.6482],[128.5337,-0.6424]]],[[[127.4238,-0.6434],[127.4238,-0.6434]]],[[[127.3306,-0.6304],[127.3327,-0.6582],[127.309,-0.6248],[127.3306,-0.6304]]],[[[128.5156,-0.6403],[128.5156,-0.6403]]],[[[128.1608,-0.793],[128.1608,-0.793]]],[[[128.1617,-0.7912],[128.1617,-0.7912]]],[[[127.6562,-0.7792],[127.6562,-0.7792]]],[[[127.1986,-0.7779],[127.1986,-0.7779]]],[[[127.6578,-0.7773],[127.6578,-0.7773]]],[[[127.1917,-0.7759],[127.1917,-0.7759]]],[[[127.165,-0.7521],[127.1912,-0.7757],[127.165,-0.7521]]],[[[127.8923,-0.7507],[127.8923,-0.7507]]],[[[127.3275,-0.7762],[127.3344,-0.7867],[127.2965,-0.7993],[127.2459,-0.7656],[127.2002,-0.7789],[127.1656,-0.7508],[127.1675,-0.7084],[127.191,-0.6925],[127.1878,-0.6781],[127.2127,-0.6719],[127.2169,-0.6372],[127.1947,-0.6144],[127.2443,-0.6026],[127.2704,-0.6179],[127.2473,-0.6357],[127.3039,-0.6833],[127.2916,-0.6886],[127.2942,-0.7309],[127.3275,-0.7762]]],[[[128.5696,-0.634],[128.5696,-0.634]]],[[[128.5904,-0.6297],[128.5904,-0.6297]]],[[[128.5877,-0.6292],[128.5877,-0.6292]]],[[[128.5854,-0.629],[128.5854,-0.629]]],[[[128.5861,-0.627],[128.5861,-0.627]]],[[[128.5845,-0.6277],[128.5845,-0.6277]]],[[[128.5624,-0.631],[128.5624,-0.631]]],[[[128.5552,-0.63],[128.5552,-0.63]]],[[[128.5513,-0.6291],[128.5513,-0.6291]]],[[[128.5674,-0.6264],[128.5674,-0.6264]]],[[[128.5489,-0.6235],[128.5489,-0.6235]]],[[[128.5586,-0.6216],[128.5586,-0.6216]]],[[[128.5543,-0.6213],[128.5543,-0.6213]]],[[[128.5513,-0.6222],[128.5513,-0.6222]]],[[[128.5535,-0.6201],[128.5535,-0.6201]]],[[[128.5509,-0.6191],[128.5509,-0.6191]]],[[[127.1406,-0.6117],[127.1406,-0.6117]]],[[[127.1396,-0.618],[127.1396,-0.618]]],[[[127.1457,-0.6331],[127.1457,-0.6331]]],[[[127.4305,-0.6313],[127.4305,-0.6313]]],[[[127.1452,-0.6286],[127.1452,-0.6286]]],[[[127.4133,-0.6504],[127.3801,-0.6677],[127.3731,-0.6494],[127.3736,-0.6643],[127.3481,-0.6585],[127.3243,-0.6064],[127.3861,-0.612],[127.4133,-0.6504]]],[[[127.1977,-0.6318],[127.1977,-0.6318]]],[[[128.5143,-0.6298],[128.5143,-0.6298]]],[[[127.1983,-0.6272],[127.1983,-0.6272]]],[[[128.5429,-0.6257],[128.5429,-0.6257]]],[[[127.1934,-0.6223],[127.1934,-0.6223]]],[[[127.191,-0.6181],[127.191,-0.6181]]],[[[127.1966,-0.6246],[127.1966,-0.6246]]],[[[127.2938,-0.6296],[127.2938,-0.6296]]],[[[128.5414,-0.6253],[128.5414,-0.6253]]],[[[128.5357,-0.6237],[128.5357,-0.6237]]],[[[128.5441,-0.6175],[128.5441,-0.6175]]],[[[128.5221,-0.6084],[128.5221,-0.6084]]],[[[128.5269,-0.6095],[128.5269,-0.6095]]],[[[128.5264,-0.6094],[128.5264,-0.6094]]],[[[128.5305,-0.6121],[128.5305,-0.6121]]],[[[128.5195,-0.6047],[128.5195,-0.6047]]],[[[127.1915,-0.6174],[127.1915,-0.6174]]],[[[127.393,-0.6046],[127.393,-0.6046]]],[[[127.3949,-0.6028],[127.3808,-0.5987],[127.3949,-0.6028]]],[[[127.3944,-0.6081],[127.3944,-0.6081]]],[[[128.5022,-0.595],[128.5145,-0.6187],[128.5022,-0.595]]],[[[128.419,-0.595],[128.4097,-0.6037],[128.4114,-0.5844],[128.419,-0.595]]],[[[127.6138,-0.7611],[127.5001,-0.8013],[127.4749,-0.8237],[127.4631,-0.8141],[127.4423,-0.737],[127.4805,-0.6306],[127.4444,-0.6284],[127.421,-0.6074],[127.4078,-0.6209],[127.3897,-0.5882],[127.3592,-0.5795],[127.3464,-0.5392],[127.3062,-0.5138],[127.2952,-0.4376],[127.3187,-0.4286],[127.3383,-0.3842],[127.3209,-0.3301],[127.3382,-0.3387],[127.3724,-0.3169],[127.4125,-0.3584],[127.4263,-0.406],[127.452,-0.419],[127.4791,-0.3876],[127.4848,-0.34],[127.5141,-0.326],[127.5206,-0.3017],[127.5689,-0.3155],[127.5926,-0.3797],[127.6042,-0.3703],[127.6139,-0.3815],[127.6151,-0.4127],[127.645,-0.4121],[127.6584,-0.4387],[127.6927,-0.4568],[127.6637,-0.5175],[127.6002,-0.5771],[127.5976,-0.6195],[127.6471,-0.6291],[127.6483,-0.6827],[127.6714,-0.7099],[127.7976,-0.6786],[127.8517,-0.7155],[127.863,-0.7091],[127.877,-0.7595],[127.8938,-0.7584],[127.9062,-0.7839],[127.8803,-0.7748],[127.899,-0.7966],[127.8797,-0.7956],[127.8704,-0.8269],[127.8519,-0.827],[127.8276,-0.8548],[127.7323,-0.8713],[127.7533,-0.8616],[127.6875,-0.8424],[127.6822,-0.8219],[127.6584,-0.8126],[127.6651,-0.7758],[127.652,-0.7486],[127.6299,-0.7411],[127.6138,-0.7611]]],[[[127.7545,-0.4159],[127.7545,-0.4159]]],[[[127.7294,-0.4017],[127.7294,-0.4017]]],[[[127.7353,-0.398],[127.7353,-0.398]]],[[[127.1089,-0.3895],[127.1089,-0.3895]]],[[[127.1133,-0.414],[127.1133,-0.414]]],[[[127.7628,-0.3703],[127.7628,-0.3703]]],[[[127.1164,-0.3911],[127.1164,-0.3911]]],[[[127.1172,-0.3906],[127.1172,-0.3906]]],[[[127.1168,-0.3812],[127.1168,-0.3812]]],[[[127.113,-0.3808],[127.113,-0.3808]]],[[[127.4333,-0.3554],[127.4183,-0.3532],[127.4333,-0.3554]]],[[[127.7468,-0.3271],[127.7599,-0.3731],[127.7264,-0.3969],[127.7468,-0.3271]]],[[[127.3148,-0.3451],[127.3148,-0.3451]]],[[[127.7639,-0.333],[127.7639,-0.333]]],[[[127.3196,-0.3445],[127.3196,-0.3445]]],[[[127.4082,-0.3436],[127.4082,-0.3436]]],[[[127.3093,-0.3424],[127.3093,-0.3424]]],[[[127.1289,-0.3289],[127.1289,-0.3289]]],[[[127.1329,-0.3233],[127.1329,-0.3233]]],[[[127.569,-0.3106],[127.569,-0.3106]]],[[[127.1316,-0.3172],[127.1316,-0.3172]]],[[[127.1336,-0.3158],[127.1336,-0.3158]]],[[[127.1365,-0.3162],[127.1365,-0.3162]]],[[[127.1296,-0.3317],[127.1296,-0.3317]]],[[[127.1232,-0.3317],[127.1232,-0.3317]]],[[[127.2956,-0.3363],[127.3024,-0.3458],[127.2808,-0.3472],[127.2956,-0.3363]]],[[[127.3168,-0.3443],[127.3168,-0.3443]]],[[[127.4086,-0.3295],[127.4046,-0.3408],[127.3999,-0.3226],[127.4086,-0.3295]]],[[[127.071,-0.3077],[127.071,-0.3077]]],[[[127.1179,-0.4016],[127.1093,-0.3882],[127.1355,-0.3609],[127.1398,-0.3125],[127.115,-0.3031],[127.1104,-0.2808],[127.1504,-0.2566],[127.1752,-0.2643],[127.2399,-0.2453],[127.2621,-0.2803],[127.3052,-0.2702],[127.3029,-0.2876],[127.2552,-0.2947],[127.2537,-0.3375],[127.268,-0.3361],[127.2882,-0.3748],[127.2869,-0.3995],[127.2633,-0.4063],[127.2788,-0.4513],[127.2569,-0.4733],[127.264,-0.4922],[127.2278,-0.4934],[127.2288,-0.5122],[127.1712,-0.5309],[127.1278,-0.5186],[127.1367,-0.4995],[127.1114,-0.4855],[127.1548,-0.4735],[127.1227,-0.428],[127.1033,-0.4256],[127.1179,-0.4016]]],[[[127.123,-0.3142],[127.123,-0.3142]]],[[[127.554,-0.2985],[127.5688,-0.3099],[127.5457,-0.3092],[127.554,-0.2985]]],[[[127.1107,-0.304],[127.1107,-0.304]]],[[[127.1098,-0.3079],[127.1098,-0.3079]]],[[[127.2606,-0.3057],[127.2606,-0.3057]]],[[[127.2645,-0.3048],[127.2645,-0.3048]]],[[[127.7148,-0.2916],[127.6869,-0.27],[127.6893,-0.2476],[127.661,-0.2088],[127.6999,-0.0999],[127.6974,0.0078],[127.7218,0.0724],[127.7122,0.1026],[127.6846,0.0985],[127.7018,0.1251],[127.696,0.1852],[127.7342,0.3114],[127.7095,0.3529],[127.6613,0.3422],[127.6217,0.3603],[127.6223,0.396],[127.5786,0.4148],[127.5619,0.5159],[127.5269,0.5544],[127.5473,0.7288],[127.5746,0.7537],[127.5997,0.7503],[127.6024,0.7791],[127.6361,0.8101],[127.6401,0.8505],[127.6249,0.8438],[127.6288,0.8611],[127.6135,0.8539],[127.5662,0.8741],[127.5572,0.8634],[127.5486,0.8806],[127.5433,0.8615],[127.5257,0.8585],[127.5463,0.8808],[127.4927,0.8916],[127.5118,0.9725],[127.4723,1.0064],[127.4945,1.0147],[127.5006,1.0464],[127.4793,1.0644],[127.4249,1.0505],[127.4242,1.0323],[127.4009,1.0412],[127.4127,1.0474],[127.3993,1.0842],[127.4315,1.1432],[127.3992,1.1961],[127.4237,1.2652],[127.4826,1.3503],[127.4859,1.3922],[127.521,1.4343],[127.5359,1.5032],[127.5284,1.5519],[127.5108,1.5576],[127.5279,1.5857],[127.5522,1.5922],[127.549,1.6647],[127.5596,1.6643],[127.5553,1.6393],[127.5649,1.6615],[127.5847,1.66],[127.5844,1.69],[127.5505,1.7108],[127.5764,1.7251],[127.5734,1.7562],[127.6466,1.8247],[127.6543,1.8767],[127.6632,1.868],[127.6937,1.9314],[127.7439,1.9589],[127.8376,2.0911],[127.9295,2.1623],[127.9601,2.1979],[127.9566,2.2216],[127.9773,2.2086],[127.9835,2.1805],[128.0531,2.201],[128.0681,2.1969],[128.0653,2.1738],[127.9547,2.0404],[127.9519,1.9913],[127.8525,1.9259],[127.8416,1.8451],[127.8608,1.8056],[127.8982,1.7974],[127.9292,1.8116],[127.9604,1.7676],[127.9917,1.7624],[128.012,1.7372],[128.0215,1.6893],[127.9932,1.6679],[127.9998,1.6238],[127.9871,1.6175],[128.0374,1.583],[128.0096,1.4257],[128.024,1.4047],[127.9886,1.3805],[127.9924,1.336],[128.0103,1.314],[127.9781,1.3068],[127.9725,1.2758],[127.9194,1.2276],[127.9034,1.1502],[127.8252,1.1469],[127.7585,1.0688],[127.6551,1.0269],[127.6262,0.9723],[127.6342,0.9151],[127.6497,0.9175],[127.6611,0.8683],[127.6805,0.8676],[127.6669,0.8743],[127.6744,0.8835],[127.703,0.8766],[127.7057,0.8552],[127.754,0.8075],[127.7977,0.7959],[127.8482,0.8073],[127.9307,0.8762],[127.9248,0.9656],[127.9453,0.9942],[127.9325,1.0051],[127.9524,1.019],[127.9813,1.0874],[128.0327,1.1163],[128.166,1.1248],[128.1946,1.1647],[128.2,1.2056],[128.1797,1.2428],[128.146,1.2536],[128.1005,1.2386],[128.0863,1.257],[128.0939,1.285],[128.1199,1.2903],[128.1862,1.3846],[128.3451,1.46],[128.3698,1.5007],[128.4673,1.5507],[128.4937,1.5495],[128.507,1.5316],[128.5533,1.5669],[128.6131,1.5693],[128.6267,1.5826],[128.6699,1.5899],[128.7222,1.5732],[128.7314,1.534],[128.6969,1.5368],[128.684,1.4632],[128.7218,1.4084],[128.7586,1.3924],[128.7421,1.371],[128.7416,1.3099],[128.7105,1.2895],[128.7194,1.2477],[128.691,1.1985],[128.6883,1.0947],[128.7008,1.0669],[128.6103,1.0424],[128.5334,0.9708],[128.5046,0.9715],[128.4417,0.9296],[128.3347,0.9119],[128.2797,0.8657],[128.3118,0.8158],[128.2494,0.8414],[128.2512,0.8251],[128.2058,0.8077],[128.1983,0.7896],[128.2387,0.7351],[128.2602,0.7384],[128.2953,0.7014],[128.3244,0.6515],[128.4342,0.6323],[128.5717,0.5617],[128.6801,0.549],[128.6895,0.5256],[128.6683,0.4913],[128.6875,0.4589],[128.6869,0.4045],[128.6712,0.3436],[128.8361,0.2925],[128.9034,0.2075],[128.8653,0.2235],[128.843,0.2614],[128.5591,0.3178],[128.4579,0.4036],[128.2842,0.3961],[128.2403,0.4246],[128.2318,0.4111],[128.1791,0.4288],[128.1682,0.4571],[128.1111,0.4551],[128.0789,0.4773],[127.978,0.4711],[127.9772,0.4832],[127.9293,0.4651],[127.9014,0.4325],[127.9062,0.3645],[127.886,0.3653],[127.8746,0.299],[127.8627,0.2961],[127.8752,0.2887],[127.8791,0.3019],[127.9211,0.2735],[127.9301,0.1095],[127.8882,0.0838],[127.8897,0.0007],[127.9655,-0.1636],[127.9818,-0.264],[128.0495,-0.4174],[128.1854,-0.6285],[128.2122,-0.6952],[128.3815,-0.853],[128.4355,-0.8821],[128.4539,-0.9139],[128.3803,-0.878],[128.3522,-0.8895],[128.3162,-0.864],[128.2995,-0.8816],[128.2653,-0.8687],[128.2257,-0.8393],[128.2406,-0.8211],[128.2836,-0.8326],[128.2298,-0.7795],[128.2472,-0.7699],[128.2247,-0.7698],[128.2338,-0.7502],[128.2169,-0.7724],[128.0656,-0.718],[128.0195,-0.6864],[127.8644,-0.366],[127.7148,-0.2916]],[[127.9569,1.7822],[127.9569,1.7822]]]]}},{"type":"Feature","properties":{"NAME_1":"NusaTenggaraBarat"},"geometry":{"type":"MultiPolygon","coordinates":[[[[119.2006,-8.5811],[119.2006,-8.5811]]],[[[118.1997,-8.5956],[118.1997,-8.5956]]],[[[119.1301,-8.5956],[119.1301,-8.5956]]],[[[119.041,-8.5933],[119.041,-8.5933]]],[[[119.128,-8.5935],[119.128,-8.5935]]],[[[119.0439,-8.6095],[119.0439,-8.6095]]],[[[117.7686,-8.6057],[117.7686,-8.6057]]],[[[117.8398,-8.6006],[117.8398,-8.6006]]],[[[118.1998,-8.5986],[118.1998,-8.5986]]],[[[119.0398,-8.598],[119.0398,-8.598]]],[[[117.8415,-8.6038],[117.8415,-8.6038]]],[[[117.7627,-8.6464],[117.7627,-8.6464]]],[[[119.049,-8.5872],[119.049,-8.5872]]],[[[117.7641,-8.5916],[117.7641,-8.5916]]],[[[117.8417,-8.5771],[117.8343,-8.5947],[117.8261,-8.5779],[117.8417,-8.5771]]],[[[119.03,-8.5799],[119.03,-8.5799]]],[[[119.0336,-8.5787],[119.0336,-8.5787]]],[[[119.1969,-8.5701],[119.1969,-8.5701]]],[[[119.0383,-8.5755],[119.0383,-8.5755]]],[[[119.0407,-8.5726],[119.0407,-8.5726]]],[[[119.2453,-8.6652],[119.2453,-8.6652]]],[[[119.2377,-8.6704],[119.2377,-8.6704]]],[[[119.2451,-8.6663],[119.2451,-8.6663]]],[[[119.2446,-8.6655],[119.2446,-8.6655]]],[[[117.7763,-8.6604],[117.7763,-8.6604]]],[[[117.833,-8.6625],[117.833,-8.6625]]],[[[119.2269,-8.6522],[119.2269,-8.6522]]],[[[118.2286,-8.6522],[118.2286,-8.6522]]],[[[118.4243,-8.6685],[118.4243,-8.6685]]],[[[118.2129,-8.6618],[118.2129,-8.6618]]],[[[118.0518,-8.661],[118.0518,-8.661]]],[[[117.8868,-8.6601],[117.8868,-8.6601]]],[[[117.8597,-8.6584],[117.8597,-8.6584]]],[[[119.218,-8.655],[119.218,-8.655]]],[[[119.2178,-8.6545],[119.2178,-8.6545]]],[[[118.2299,-8.653],[118.2299,-8.653]]],[[[118.2708,-8.6529],[118.2708,-8.6529]]],[[[119.199,-8.6355],[119.199,-8.6355]]],[[[119.0381,-8.6118],[119.0381,-8.6118]]],[[[117.8729,-8.6083],[117.8729,-8.6083]]],[[[118.2373,-8.6513],[118.2373,-8.6513]]],[[[118.138,-8.6472],[118.138,-8.6472]]],[[[118.1919,-8.6476],[118.1919,-8.6476]]],[[[118.2278,-8.6514],[118.2278,-8.6514]]],[[[118.2392,-8.641],[118.2392,-8.641]]],[[[119.1866,-8.6243],[119.1866,-8.6243]]],[[[118.3917,-8.6165],[118.3917,-8.6165]]],[[[118.2227,-8.6483],[118.224,-8.6586],[118.2227,-8.6483]]],[[[118.2079,-8.6425],[118.2093,-8.6541],[118.1949,-8.6487],[118.2079,-8.6425]]],[[[118.2257,-8.6464],[118.2257,-8.6464]]],[[[118.1949,-8.6431],[118.1949,-8.6431]]],[[[118.1947,-8.6399],[118.1947,-8.6399]]],[[[118.2268,-8.6378],[118.2268,-8.6378]]],[[[118.2006,-8.6398],[118.2006,-8.6398]]],[[[119.3358,-8.4308],[119.3358,-8.4308]]],[[[119.3309,-8.4346],[119.3309,-8.4346]]],[[[119.3271,-8.4421],[119.3271,-8.4421]]],[[[119.3283,-8.4435],[119.3283,-8.4435]]],[[[119.2792,-8.4675],[119.2792,-8.4675]]],[[[119.271,-8.4634],[119.271,-8.4634]]],[[[119.2957,-8.4579],[119.2957,-8.4579]]],[[[119.3164,-8.4569],[119.3164,-8.4569]]],[[[119.3167,-8.4555],[119.3167,-8.4555]]],[[[119.2962,-8.4572],[119.2962,-8.4572]]],[[[119.2965,-8.4568],[119.2965,-8.4568]]],[[[119.2715,-8.4619],[119.2715,-8.4619]]],[[[119.2645,-8.5484],[119.2645,-8.5484]]],[[[119.244,-8.548],[119.244,-8.548]]],[[[119.2641,-8.5476],[119.2641,-8.5476]]],[[[119.2428,-8.5467],[119.2428,-8.5467]]],[[[119.0282,-8.5697],[119.0282,-8.5697]]],[[[119.0412,-8.5681],[119.0412,-8.5681]]],[[[119.1873,-8.5672],[119.1983,-8.5849],[119.1873,-8.5672]]],[[[117.7117,-8.5626],[117.7117,-8.5626]]],[[[119.0484,-8.5578],[119.0556,-8.5725],[119.0434,-8.582],[119.0484,-8.5578]]],[[[119.1776,-8.5627],[119.1776,-8.5627]]],[[[117.6977,-8.5613],[117.6977,-8.5613]]],[[[117.823,-8.5593],[117.823,-8.5593]]],[[[119.0406,-8.5588],[119.0406,-8.5588]]],[[[118.2219,-8.5582],[118.2219,-8.5582]]],[[[119.0421,-8.5563],[119.0421,-8.5563]]],[[[119.045,-8.5558],[119.045,-8.5558]]],[[[119.0444,-8.5552],[119.0444,-8.5552]]],[[[119.044,-8.5561],[119.044,-8.5561]]],[[[119.1843,-8.5487],[119.1843,-8.5487]]],[[[119.1743,-8.5483],[119.1743,-8.5483]]],[[[119.1796,-8.5481],[119.1796,-8.5481]]],[[[119.1847,-8.5468],[119.1847,-8.5468]]],[[[119.1846,-8.5466],[119.1846,-8.5466]]],[[[119.1846,-8.5467],[119.1846,-8.5467]]],[[[119.2318,-8.5372],[119.2318,-8.5372]]],[[[117.6985,-8.5447],[117.6985,-8.5447]]],[[[116.7362,-8.4405],[116.7362,-8.4405]]],[[[116.7489,-8.4441],[116.7489,-8.4441]]],[[[117.6761,-8.4672],[117.6761,-8.4672]]],[[[116.7309,-8.45],[116.7309,-8.45]]],[[[117.0098,-8.4657],[117.0098,-8.4657]]],[[[116.8592,-8.4564],[116.8592,-8.4564]]],[[[116.7306,-8.446],[116.7306,-8.446]]],[[[118.6944,-8.4514],[118.6944,-8.4514]]],[[[117.0378,-8.4454],[117.0378,-8.4454]]],[[[119.2763,-8.4022],[119.2871,-8.4192],[119.3212,-8.4013],[119.3353,-8.4309],[119.3192,-8.428],[119.3207,-8.455],[119.3008,-8.4298],[119.2797,-8.4678],[119.2633,-8.4009],[119.2763,-8.4022]]],[[[117.6384,-8.52],[117.6384,-8.52]]],[[[116.7937,-8.5171],[116.7937,-8.5171]]],[[[116.7899,-8.5245],[116.7899,-8.5245]]],[[[117.6621,-8.5225],[117.6621,-8.5225]]],[[[117.6944,-8.5243],[117.6944,-8.5243]]],[[[119.0546,-8.5104],[119.0546,-8.5104]]],[[[116.8582,-8.5036],[116.8506,-8.5185],[116.8415,-8.51],[116.8582,-8.5036]]],[[[116.8196,-8.4989],[116.8196,-8.4989]]],[[[117.7525,-8.4925],[117.7525,-8.4925]]],[[[116.8785,-8.4934],[116.8652,-8.5008],[116.8785,-8.4934]]],[[[116.8308,-8.4986],[116.8308,-8.4986]]],[[[117.6292,-8.5078],[117.6292,-8.5078]]],[[[117.7479,-8.5047],[117.7479,-8.5047]]],[[[117.6362,-8.5027],[117.6362,-8.5027]]],[[[116.7887,-8.533],[116.769,-8.5592],[116.7726,-8.5377],[116.7887,-8.533]]],[[[119.0168,-8.5317],[119.0168,-8.5317]]],[[[117.7288,-8.482],[117.7317,-8.5012],[117.7467,-8.5032],[117.7347,-8.5185],[117.7484,-8.539],[117.7994,-8.5543],[117.7708,-8.5526],[117.7596,-8.5698],[117.7333,-8.5602],[117.7012,-8.4948],[117.7288,-8.482]]],[[[116.8086,-8.491],[116.8086,-8.491]]],[[[117.7623,-8.4894],[117.7623,-8.4894]]],[[[116.9973,-8.4766],[116.9973,-8.4766]]],[[[117.6548,-8.4489],[117.6741,-8.4662],[117.6797,-8.5221],[117.6671,-8.5138],[117.6506,-8.5331],[117.6365,-8.5093],[117.6548,-8.4489]]],[[[116.0829,-8.3639],[116.0853,-8.3502],[116.0829,-8.3639]]],[[[116.0537,-8.3568],[116.0589,-8.3421],[116.0537,-8.3568]]],[[[116.0323,-8.3597],[116.0409,-8.339],[116.0323,-8.3597]]],[[[116.6991,-8.2857],[116.7052,-8.3095],[116.6859,-8.2914],[116.6991,-8.2857]]],[[[119.0709,-8.1311],[119.1128,-8.1565],[119.1231,-8.1992],[119.0884,-8.2507],[119.0391,-8.2602],[119.0003,-8.2297],[119.0001,-8.1791],[119.0354,-8.1372],[119.0709,-8.1311]]],[[[117.7524,-8.1006],[117.7518,-8.1213],[117.735,-8.1076],[117.7524,-8.1006]]],[[[117.397,-8.1444],[117.3779,-8.1604],[117.3442,-8.1526],[117.3862,-8.1313],[117.4239,-8.1346],[117.397,-8.1444]]],[[[117.4237,-8.127],[117.4237,-8.127]]],[[[117.0732,-8.3899],[117.0732,-8.3899]]],[[[117.0823,-8.3738],[117.0708,-8.3731],[117.0823,-8.3738]]],[[[118.2854,-8.3582],[118.2854,-8.3582]]],[[[116.7507,-8.3869],[116.7507,-8.3869]]],[[[116.7482,-8.3842],[116.7482,-8.3842]]],[[[117.0588,-8.3782],[117.0588,-8.3782]]],[[[116.7228,-8.3143],[116.7435,-8.3454],[116.7097,-8.3252],[116.7097,-8.3116],[116.7228,-8.3143]]],[[[117.6854,-8.1866],[117.6103,-8.2381],[117.5703,-8.3353],[117.5282,-8.3896],[117.4705,-8.3568],[117.5079,-8.277],[117.4789,-8.2574],[117.4855,-8.1827],[117.5591,-8.144],[117.6633,-8.1503],[117.6854,-8.1866]]],[[[119.0337,-8.429],[119.0337,-8.429]]],[[[117.6578,-8.4368],[117.6419,-8.4389],[117.6616,-8.4187],[117.6578,-8.4368]]],[[[116.9562,-8.421],[116.9544,-8.4353],[116.9124,-8.4463],[116.8394,-8.4461],[116.9562,-8.421]]],[[[117.6292,-8.4262],[117.6292,-8.4262]]],[[[116.7483,-8.425],[116.7483,-8.425]]],[[[116.7522,-8.4292],[116.7522,-8.4292]]],[[[116.9912,-8.421],[116.9912,-8.421]]],[[[116.7545,-8.4208],[116.7545,-8.4208]]],[[[116.9922,-8.4208],[116.9922,-8.4208]]],[[[117.0482,-8.3828],[117.0337,-8.4125],[116.9768,-8.4311],[116.9921,-8.4029],[117.0222,-8.4068],[117.0482,-8.3828]]],[[[117.9487,-8.7246],[117.9487,-8.7246]]],[[[116.0259,-8.7217],[116.0259,-8.7217]]],[[[116.0275,-8.7253],[116.0275,-8.7253]]],[[[118.773,-8.7155],[118.773,-8.7155]]],[[[115.9771,-8.7088],[115.9771,-8.7088]]],[[[119.1955,-8.7083],[119.1955,-8.7083]]],[[[119.1988,-8.6924],[119.1988,-8.6924]]],[[[119.1987,-8.6916],[119.1987,-8.6916]]],[[[119.1986,-8.6911],[119.1986,-8.6911]]],[[[119.1992,-8.6978],[119.1992,-8.6978]]],[[[118.0137,-8.6943],[118.0137,-8.6943]]],[[[118.7509,-8.7119],[118.7509,-8.7119]]],[[[116.7685,-8.7094],[116.7685,-8.7094]]],[[[119.1756,-8.6904],[119.1756,-8.6904]]],[[[119.2218,-8.6891],[119.2218,-8.6891]]],[[[116.7695,-8.6895],[116.7695,-8.6895]]],[[[116.7265,-8.6876],[116.7265,-8.6876]]],[[[116.7306,-8.6836],[116.7306,-8.6836]]],[[[119.2434,-8.6749],[119.2434,-8.6749]]],[[[117.8444,-8.686],[117.8444,-8.686]]],[[[118.006,-8.6839],[118.006,-8.6839]]],[[[119.2435,-8.6743],[119.2435,-8.6743]]],[[[119.2424,-8.6737],[119.2424,-8.6737]]],[[[119.2381,-8.672],[119.2381,-8.672]]],[[[119.2397,-8.6723],[119.2397,-8.6723]]],[[[119.2457,-8.672],[119.2457,-8.672]]],[[[119.2425,-8.6731],[119.2425,-8.6731]]],[[[119.2493,-8.6727],[119.2493,-8.6727]]],[[[119.2419,-8.6711],[119.2419,-8.6711]]],[[[115.9618,-8.724],[115.9618,-8.724]]],[[[116.0135,-8.7201],[116.0135,-8.7201]]],[[[118.7742,-8.7205],[118.7742,-8.7205]]],[[[115.9143,-8.7171],[115.9143,-8.7171]]],[[[116.0071,-8.7169],[116.0071,-8.7169]]],[[[119.2449,-8.6711],[119.2449,-8.6711]]],[[[119.2378,-8.6712],[119.2378,-8.6712]]],[[[119.2306,-8.6587],[119.2385,-8.6692],[119.2233,-8.6904],[119.2082,-8.6724],[119.2158,-8.6544],[119.2306,-8.6587]]],[[[117.973,-8.6138],[117.9897,-8.6349],[118.0033,-8.6286],[118.0032,-8.6933],[117.9781,-8.6913],[117.9898,-8.6479],[117.9548,-8.6662],[117.9793,-8.6393],[117.9502,-8.6138],[117.973,-8.6138]]],[[[117.0542,-9.1063],[117.0542,-9.1063]]],[[[116.9926,-9.0902],[116.9926,-9.0902]]],[[[117.3835,-9.0512],[117.3835,-9.0512]]],[[[116.734,-8.9746],[116.734,-8.9746]]],[[[116.3753,-8.9553],[116.3753,-8.9553]]],[[[116.3641,-8.9542],[116.3641,-8.9542]]],[[[116.3676,-8.9527],[116.3676,-8.9527]]],[[[116.3659,-8.954],[116.3659,-8.954]]],[[[116.3912,-8.9512],[116.3912,-8.9512]]],[[[116.3956,-8.9498],[116.3956,-8.9498]]],[[[116.3972,-8.9381],[116.3972,-8.9381]]],[[[116.4939,-8.9373],[116.4939,-8.9373]]],[[[116.3499,-8.9314],[116.3499,-8.9314]]],[[[116.4992,-8.9269],[116.4992,-8.9269]]],[[[116.4732,-8.9237],[116.4732,-8.9237]]],[[[116.0023,-8.9222],[116.0023,-8.9222]]],[[[116.3289,-8.9221],[116.3289,-8.9221]]],[[[116.4849,-8.9202],[116.4849,-8.9202]]],[[[116.4848,-8.92],[116.4848,-8.92]]],[[[116.5026,-8.9198],[116.5026,-8.9198]]],[[[116.3286,-8.9216],[116.3286,-8.9216]]],[[[116.2931,-8.9159],[116.2931,-8.9159]]],[[[116.1833,-8.9142],[116.1833,-8.9142]]],[[[116.2762,-8.9135],[116.2762,-8.9135]]],[[[116.1863,-8.9134],[116.1863,-8.9134]]],[[[116.188,-8.9142],[116.188,-8.9142]]],[[[116.2004,-8.913],[116.2004,-8.913]]],[[[116.2354,-8.9165],[116.2354,-8.9165]]],[[[116.2249,-8.9163],[116.2249,-8.9163]]],[[[116.4874,-8.9232],[116.4874,-8.9232]]],[[[116.4463,-8.9219],[116.4463,-8.9219]]],[[[116.2718,-8.9105],[116.2718,-8.9105]]],[[[116.2995,-8.9106],[116.2995,-8.9106]]],[[[116.2566,-8.9077],[116.2566,-8.9077]]],[[[116.2171,-8.9084],[116.2171,-8.9084]]],[[[116.2169,-8.9107],[116.2169,-8.9107]]],[[[116.2202,-8.9095],[116.2202,-8.9095]]],[[[116.2174,-8.9099],[116.2174,-8.9099]]],[[[116.2193,-8.9099],[116.2193,-8.9099]]],[[[116.2174,-8.9097],[116.2174,-8.9097]]],[[[116.2168,-8.9093],[116.2168,-8.9093]]],[[[116.2535,-8.91],[116.2535,-8.91]]],[[[116.219,-8.9091],[116.219,-8.9091]]],[[[116.217,-8.9091],[116.217,-8.9091]]],[[[116.218,-8.9093],[116.218,-8.9093]]],[[[116.2174,-8.9085],[116.2174,-8.9085]]],[[[116.2977,-8.9117],[116.2977,-8.9117]]],[[[116.3007,-8.9115],[116.3007,-8.9115]]],[[[116.1911,-8.9128],[116.1911,-8.9128]]],[[[116.1808,-8.9123],[116.1808,-8.9123]]],[[[116.1791,-8.9122],[116.1791,-8.9122]]],[[[116.188,-8.9125],[116.188,-8.9125]]],[[[116.2776,-8.9125],[116.2776,-8.9125]]],[[[116.1898,-8.9123],[116.1898,-8.9123]]],[[[116.2005,-8.9121],[116.2005,-8.9121]]],[[[116.2159,-8.9117],[116.2159,-8.9117]]],[[[116.3715,-8.911],[116.3715,-8.911]]],[[[116.3018,-8.9115],[116.3018,-8.9115]]],[[[116.3052,-8.912],[116.3052,-8.912]]],[[[116.278,-8.9119],[116.278,-8.9119]]],[[[116.2745,-8.9121],[116.2745,-8.9121]]],[[[116.0061,-8.9059],[116.0061,-8.9059]]],[[[117.9578,-8.9064],[117.9578,-8.9064]]],[[[116.2962,-8.9064],[116.2962,-8.9064]]],[[[116.1617,-8.9057],[116.1617,-8.9057]]],[[[116.005,-8.9034],[116.005,-8.9034]]],[[[116.1626,-8.9042],[116.1626,-8.9042]]],[[[116.0051,-8.9028],[116.0051,-8.9028]]],[[[116.0729,-8.8998],[116.0729,-8.8998]]],[[[116.0175,-8.9009],[116.0175,-8.9009]]],[[[116.0035,-8.9018],[116.0035,-8.9018]]],[[[116.0181,-8.9016],[116.0181,-8.9016]]],[[[116.0209,-8.9026],[116.0209,-8.9026]]],[[[116.0197,-8.9024],[116.0197,-8.9024]]],[[[116.0185,-8.9023],[116.0185,-8.9023]]],[[[116.0244,-8.9018],[116.0244,-8.9018]]],[[[116.161,-8.9022],[116.161,-8.9022]]],[[[116.0195,-8.9018],[116.0195,-8.9018]]],[[[116.023,-8.9041],[116.023,-8.9041]]],[[[116.0197,-8.9035],[116.0197,-8.9035]]],[[[116.1619,-8.9033],[116.1619,-8.9033]]],[[[116.0768,-8.8961],[116.0768,-8.8961]]],[[[116.1609,-8.8962],[116.1609,-8.8962]]],[[[116.156,-8.8927],[116.156,-8.8927]]],[[[116.1583,-8.8954],[116.1583,-8.8954]]],[[[115.9867,-8.8899],[115.9867,-8.8899]]],[[[116.0843,-8.8893],[116.0843,-8.8893]]],[[[116.5084,-8.888],[116.5084,-8.888]]],[[[116.5131,-8.8872],[116.5131,-8.8872]]],[[[116.5148,-8.8833],[116.5148,-8.8833]]],[[[115.9805,-8.8842],[115.9805,-8.8842]]],[[[116.1476,-8.8811],[116.1476,-8.8811]]],[[[116.5026,-8.8873],[116.5026,-8.8873]]],[[[116.098,-8.8809],[116.098,-8.8809]]],[[[116.0963,-8.8802],[116.0963,-8.8802]]],[[[115.9748,-8.8798],[115.9748,-8.8798]]],[[[116.0825,-8.8761],[116.0825,-8.8761]]],[[[116.0969,-8.8731],[116.0969,-8.8731]]],[[[116.0957,-8.8734],[116.0957,-8.8734]]],[[[116.0398,-8.8707],[116.0398,-8.8707]]],[[[116.0388,-8.8712],[116.0388,-8.8712]]],[[[115.9597,-8.8686],[115.9597,-8.8686]]],[[[115.9609,-8.8624],[115.9609,-8.8624]]],[[[115.9618,-8.8614],[115.9618,-8.8614]]],[[[115.9607,-8.8608],[115.9607,-8.8608]]],[[[115.9595,-8.8606],[115.9595,-8.8606]]],[[[115.9946,-8.8995],[115.9946,-8.8995]]],[[[116.561,-8.8986],[116.561,-8.8986]]],[[[116.0497,-8.8987],[116.0497,-8.8987]]],[[[116.1622,-8.8988],[116.1622,-8.8988]]],[[[116.1624,-8.8989],[116.1624,-8.8989]]],[[[116.5724,-8.8602],[116.5724,-8.8602]]],[[[115.9563,-8.8596],[115.9563,-8.8596]]],[[[115.9567,-8.8591],[115.9567,-8.8591]]],[[[116.5714,-8.8552],[116.5714,-8.8552]]],[[[116.5712,-8.8548],[116.5712,-8.8548]]],[[[115.9476,-8.8537],[115.9476,-8.8537]]],[[[115.947,-8.8525],[115.947,-8.8525]]],[[[115.9218,-8.8496],[115.9218,-8.8496]]],[[[115.9451,-8.8487],[115.9451,-8.8487]]],[[[115.9459,-8.849],[115.9459,-8.849]]],[[[115.9459,-8.8482],[115.9459,-8.8482]]],[[[115.9193,-8.8462],[115.9193,-8.8462]]],[[[115.921,-8.8463],[115.921,-8.8463]]],[[[115.9222,-8.8468],[115.9222,-8.8468]]],[[[115.9461,-8.8519],[115.9461,-8.8519]]],[[[116.4163,-8.8514],[116.4163,-8.8514]]],[[[115.91936,-8.84516],[115.91936,-8.84516]]],[[[115.91936,-8.84516],[115.91936,-8.84516]]],[[[115.9127,-8.8438],[115.9127,-8.8438]]],[[[116.499,-8.8432],[116.499,-8.8432]]],[[[115.9394,-8.8451],[115.9394,-8.8451]]],[[[115.913,-8.8452],[115.913,-8.8452]]],[[[115.9201947368421,-8.844194736842105],[115.9201947368421,-8.844194736842105]]],[[[115.92016,-8.84422],[115.8313,-8.8152],[115.821,-8.7522],[115.866,-8.7208],[115.882,-8.7635],[115.8976,-8.7456],[115.8944,-8.7607],[115.917,-8.7755],[115.9657,-8.7288],[116.0105,-8.7517],[116.0339,-8.7197],[116.0469,-8.7268],[116.039,-8.7637],[116.0648,-8.7711],[116.0595,-8.7511],[116.084,-8.728],[116.0557,-8.7378],[116.0722,-8.5638],[116.0664,-8.5268],[116.0339,-8.485],[116.0334,-8.4421],[116.0568,-8.4038],[116.1019,-8.3934],[116.1008,-8.3613],[116.1198,-8.3703],[116.1788,-8.3402],[116.1943,-8.3051],[116.2537,-8.2544],[116.3505,-8.2111],[116.4302,-8.221],[116.506,-8.2555],[116.6507,-8.2883],[116.7183,-8.3474],[116.7112,-8.4428],[116.6615,-8.4876],[116.6714,-8.5036],[116.676,-8.4837],[116.6785,-8.4968],[116.6577,-8.5324],[116.6649,-8.5625],[116.6255,-8.602],[116.5459,-8.7526],[116.5101,-8.779],[116.4985,-8.8083],[116.4801,-8.8103],[116.501,-8.8112],[116.4926,-8.8475],[116.5047,-8.8593],[116.5145,-8.8318],[116.5292,-8.8403],[116.5244,-8.8255],[116.5413,-8.8327],[116.5418,-8.8685],[116.5487,-8.8503],[116.5664,-8.868],[116.5945,-8.8615],[116.5707,-8.8917],[116.5093,-8.9149],[116.5278,-8.8989],[116.5107,-8.8704],[116.4962,-8.9118],[116.4358,-8.9198],[116.4794,-8.8253],[116.4655,-8.817],[116.4408,-8.8411],[116.4117,-8.8289],[116.4044,-8.8653],[116.3962,-8.8557],[116.3863,-8.8666],[116.4049,-8.8992],[116.3965,-8.9469],[116.3766,-8.9561],[116.3665,-8.9251],[116.3771,-8.9041],[116.3408,-8.9001],[116.3466,-8.9305],[116.2797,-8.8934],[116.2763,-8.9131],[116.2487,-8.9026],[116.239,-8.9173],[116.229,-8.9004],[116.2069,-8.901],[116.1948,-8.9174],[116.1614,-8.9069],[116.1505,-8.8629],[116.0839,-8.8731],[116.0775,-8.8953],[116.0498,-8.8853],[116.0447,-8.8704],[116.0727,-8.8627],[116.0543,-8.8513],[116.0129,-8.8631],[116.0272,-8.8875],[116.0081,-8.9043],[115.9334,-8.8334],[115.92016,-8.84422]],[[116.5468,-8.898],[116.5468,-8.898]],[[116.1629,-8.9044],[116.1629,-8.9044]],[[115.8287,-8.7985],[115.8287,-8.7985]]],[[[115.9135,-8.8424],[115.9135,-8.8424]]],[[[115.9113,-8.8408],[115.9113,-8.8408]]],[[[116.5104,-8.8371],[116.5104,-8.8371]]],[[[116.4667,-8.8401],[116.4667,-8.8401]]],[[[116.508,-8.8363],[116.508,-8.8363]]],[[[118.9465,-8.8328],[118.9465,-8.8328]]],[[[116.4184,-8.8341],[116.4184,-8.8341]]],[[[115.9022,-8.8339],[115.9022,-8.8339]]],[[[115.8771,-8.8329],[115.8771,-8.8329]]],[[[115.8929,-8.8321],[115.8929,-8.8321]]],[[[116.4168,-8.8315],[116.4168,-8.8315]]],[[[115.9031,-8.834],[115.9031,-8.834]]],[[[116.4182,-8.8322],[116.4182,-8.8322]]],[[[116.5038,-8.8298],[116.5038,-8.8298]]],[[[115.8706,-8.8287],[115.8706,-8.8287]]],[[[116.503,-8.8283],[116.503,-8.8283]]],[[[115.8855,-8.8262],[115.8855,-8.8262]]],[[[115.8721,-8.8256],[115.8721,-8.8256]]],[[[116.5164,-8.8275],[116.5164,-8.8275]]],[[[115.8736,-8.8272],[115.8736,-8.8272]]],[[[115.8442,-8.8245],[115.8442,-8.8245]]],[[[118.9499,-8.8244],[118.9499,-8.8244]]],[[[115.8633,-8.8237],[115.8633,-8.8237]]],[[[116.5025,-8.8189],[116.5025,-8.8189]]],[[[116.5208,-8.8182],[116.5208,-8.8182]]],[[[115.862,-8.8237],[115.862,-8.8237]]],[[[115.8615,-8.8236],[115.8615,-8.8236]]],[[[118.9499,-8.8252],[118.9499,-8.8252]]],[[[115.8456,-8.8131],[115.8456,-8.8131]]],[[[115.8305,-8.8118],[115.8305,-8.8118]]],[[[116.8013,-8.806],[116.8013,-8.806]]],[[[116.5107,-8.8135],[116.5107,-8.8135]]],[[[116.5167,-8.8123],[116.5167,-8.8123]]],[[[116.5171,-8.7911],[116.5171,-8.7911]]],[[[115.8279,-8.7899],[115.8279,-8.7899]]],[[[115.8308,-8.7823],[115.8308,-8.7823]]],[[[115.8322,-8.7806],[115.8322,-8.7806]]],[[[118.972,-8.7796],[118.972,-8.7796]]],[[[115.8287,-8.7793],[115.8287,-8.7793]]],[[[118.7459,-8.8052],[118.7459,-8.8052]]],[[[116.527,-8.8043],[116.527,-8.8043]]],[[[119.0955,-8.7524],[119.0955,-8.7524]]],[[[119.1102,-8.7516],[119.1102,-8.7516]]],[[[119.0962,-8.7508],[119.0962,-8.7508]]],[[[119.0981,-8.7518],[119.0981,-8.7518]]],[[[115.8938,-8.7486],[115.8938,-8.7486]]],[[[119.0107,-8.7432],[119.0107,-8.7432]]],[[[116.0645,-8.7413],[116.0645,-8.7413]]],[[[119.0117,-8.746],[119.0117,-8.746]]],[[[119.012,-8.7457],[119.012,-8.7457]]],[[[118.695,-8.7447],[118.695,-8.7447]]],[[[119.0113,-8.7443],[119.0113,-8.7443]]],[[[116.7187,-8.7516],[116.7187,-8.7516]]],[[[118.8198,-8.7617],[118.8198,-8.7617]]],[[[115.9259,-8.7419],[115.9357,-8.7617],[115.9138,-8.7503],[115.9211,-8.7264],[115.9259,-8.7419]]],[[[116.5341,-8.8166],[116.5341,-8.8166]]],[[[116.5207,-8.8166],[116.5207,-8.8166]]],[[[116.5058,-8.8136],[116.5058,-8.8136]]],[[[119.0033,-8.7422],[119.0033,-8.7422]]],[[[119.0112,-8.7422],[119.0112,-8.7422]]],[[[119.0036,-8.7418],[119.0036,-8.7418]]],[[[115.8827,-8.7352],[115.8911,-8.7445],[115.8827,-8.7352]]],[[[116.0224,-8.7409],[116.0224,-8.7409]]],[[[117.9487,-8.7398],[117.9487,-8.7398]]],[[[115.9459,-8.7421],[115.9459,-8.7421]]],[[[118.6983,-8.7405],[118.6983,-8.7405]]],[[[115.9034,-8.7282],[115.9034,-8.7282]]],[[[115.9674,-8.7268],[115.9674,-8.7268]]],[[[115.9893,-8.7283],[115.9893,-8.7283]]],[[[116.0256,-8.7302],[116.0256,-8.7302]]],[[[116.0601,-8.7285],[116.0601,-8.7285]]],[[[115.9647,-8.7367],[115.9647,-8.7367]]],[[[118.8247,-8.7351],[118.8247,-8.7351]]],[[[116.0643,-8.7352],[116.0643,-8.7352]]],[[[118.7462,-8.7312],[118.7462,-8.7312]]],[[[118.7872,-8.7329],[118.7872,-8.7329]]],[[[116.0601,-8.7304],[116.0601,-8.7304]]],[[[116.9481,-9.0568],[116.8822,-9.0621],[116.8422,-9.0397],[116.7881,-9.0357],[116.7392,-8.9969],[116.7284,-9.0058],[116.7366,-8.9774],[116.7156,-8.9658],[116.7518,-8.9236],[116.7252,-8.911],[116.7319,-8.8917],[116.7522,-8.8939],[116.7329,-8.8693],[116.7679,-8.8555],[116.7866,-8.8139],[116.8035,-8.8261],[116.8148,-8.8122],[116.804,-8.7772],[116.7904,-8.7653],[116.7814,-8.7747],[116.7835,-8.7514],[116.7632,-8.7366],[116.7859,-8.7208],[116.7737,-8.6747],[116.7462,-8.6627],[116.7641,-8.6536],[116.7885,-8.5896],[116.8333,-8.5575],[116.8195,-8.5161],[116.843,-8.5386],[116.9162,-8.5265],[116.9873,-8.4791],[117.0045,-8.5055],[117.0169,-8.4634],[117.0995,-8.4144],[117.0876,-8.3989],[117.1095,-8.371],[117.1428,-8.3779],[117.1551,-8.3643],[117.2019,-8.4063],[117.2366,-8.3995],[117.3881,-8.4727],[117.408,-8.4677],[117.4356,-8.4108],[117.4278,-8.3958],[117.4725,-8.415],[117.5622,-8.405],[117.5703,-8.5007],[117.5919,-8.504],[117.5744,-8.4417],[117.6,-8.4269],[117.6348,-8.4651],[117.6318,-8.5613],[117.6889,-8.5776],[117.7003,-8.5639],[117.7372,-8.5637],[117.727,-8.5882],[117.7614,-8.5988],[117.7514,-8.631],[117.7813,-8.632],[117.7491,-8.6446],[117.7698,-8.6563],[117.7729,-8.7117],[117.8047,-8.7273],[117.871,-8.6964],[117.9018,-8.7051],[117.8885,-8.7234],[117.905,-8.741],[117.9217,-8.7189],[117.963,-8.7429],[117.9912,-8.7107],[118.0092,-8.712],[118.0361,-8.6714],[118.0734,-8.656],[118.1412,-8.6479],[118.2038,-8.6728],[118.2404,-8.6501],[118.2485,-8.6665],[118.2575,-8.6512],[118.2704,-8.6575],[118.2646,-8.642],[118.2879,-8.6257],[118.2782,-8.5913],[118.2506,-8.5871],[118.2308,-8.5518],[118.1939,-8.5709],[118.1801,-8.5324],[118.1427,-8.514],[118.131,-8.4822],[118.1054,-8.4952],[118.0819,-8.4506],[117.9802,-8.4647],[117.8466,-8.372],[117.8179,-8.3687],[117.7644,-8.2894],[117.6917,-8.2383],[117.7101,-8.2197],[117.7241,-8.15],[117.7421,-8.1551],[117.7866,-8.1239],[117.8291,-8.1294],[117.9238,-8.0801],[117.9606,-8.1072],[118.0062,-8.094],[118.0442,-8.1077],[118.0807,-8.1003],[118.1432,-8.1348],[118.1625,-8.2417],[118.218,-8.2841],[118.2335,-8.3323],[118.2571,-8.35],[118.2748,-8.3339],[118.2794,-8.3645],[118.3174,-8.3703],[118.3352,-8.3654],[118.3383,-8.3452],[118.356,-8.3523],[118.3887,-8.3285],[118.3884,-8.3043],[118.4395,-8.2783],[118.4636,-8.2459],[118.646,-8.2897],[118.6858,-8.3449],[118.6958,-8.3779],[118.6852,-8.3937],[118.698,-8.3965],[118.6833,-8.4116],[118.6865,-8.4598],[118.6644,-8.4883],[118.6711,-8.5196],[118.6506,-8.5509],[118.7134,-8.4983],[118.7248,-8.4361],[118.6986,-8.4121],[118.7123,-8.4062],[118.7015,-8.3903],[118.7652,-8.3098],[118.8161,-8.2808],[118.9853,-8.3038],[119.0042,-8.3141],[118.9921,-8.3765],[119.0172,-8.3983],[119.0271,-8.4403],[119.0466,-8.438],[119.039,-8.4552],[119.0521,-8.4537],[119.0349,-8.467],[119.0521,-8.5136],[119.013,-8.5378],[119.0256,-8.5519],[119.0151,-8.5754],[119.0368,-8.5958],[119.0358,-8.6418],[119.0779,-8.6513],[119.1291,-8.6301],[119.1091,-8.5962],[119.1506,-8.5929],[119.1471,-8.5672],[119.1653,-8.5564],[119.1758,-8.5634],[119.1599,-8.5798],[119.183,-8.5854],[119.1924,-8.61],[119.1725,-8.6111],[119.1827,-8.6336],[119.1708,-8.6248],[119.1506,-8.637],[119.1717,-8.6474],[119.1575,-8.6723],[119.1759,-8.7007],[119.1486,-8.7082],[119.1724,-8.7238],[119.1339,-8.7375],[119.1332,-8.7528],[119.1048,-8.7262],[119.0989,-8.7518],[119.0359,-8.7329],[118.9714,-8.7489],[118.9063,-8.6802],[118.8764,-8.6948],[118.8879,-8.7087],[118.8462,-8.7301],[118.8148,-8.7032],[118.7752,-8.7098],[118.7612,-8.6927],[118.72,-8.739],[118.6949,-8.739],[118.6963,-8.7523],[118.7265,-8.7593],[118.7264,-8.7776],[118.7465,-8.764],[118.9092,-8.7652],[118.9204,-8.7862],[118.9503,-8.79],[118.9597,-8.8176],[118.9038,-8.8436],[118.8647,-8.8464],[118.8526,-8.8334],[118.8363,-8.8458],[118.7581,-8.797],[118.7204,-8.7928],[118.6373,-8.8137],[118.5193,-8.8785],[118.4363,-8.8801],[118.3795,-8.8276],[118.3717,-8.7799],[118.4072,-8.7591],[118.4331,-8.6737],[118.4179,-8.6582],[118.4212,-8.6241],[118.3902,-8.6073],[118.3803,-8.6245],[118.4023,-8.6772],[118.3771,-8.6947],[118.3536,-8.6847],[118.3266,-8.7294],[118.2873,-8.7404],[118.2838,-8.7693],[118.2215,-8.8068],[118.208,-8.8345],[118.127,-8.8779],[118.0795,-8.8402],[118.0127,-8.8528],[117.9808,-8.8948],[117.9352,-8.8991],[117.8842,-8.9437],[117.8378,-8.9316],[117.8171,-8.899],[117.7655,-8.9342],[117.7338,-8.9161],[117.6905,-8.9188],[117.5952,-8.9814],[117.4104,-9.0494],[117.3596,-9.0557],[117.3456,-9.042],[117.3242,-9.0556],[117.1858,-9.0213],[117.1351,-9.084],[117.0575,-9.1042],[117.0119,-9.1089],[116.9481,-9.0568]]]]}},{"type":"Feature","properties":{"NAME_1":"NusaTenggaraTimur"},"geometry":{"type":"MultiPolygon","coordinates":[[[[122.8815,-10.9774],[122.8865,-11.0004],[122.8732,-11.0075],[122.8408,-10.9685],[122.8815,-10.9774]]],[[[122.8785,-10.955],[122.8785,-10.955]]],[[[121.2818,-10.826],[121.2696,-10.824],[121.2818,-10.826]]],[[[122.9921,-10.8641],[122.9921,-10.8641]]],[[[122.989,-10.8633],[122.989,-10.8633]]],[[[123.0612,-10.8624],[123.0612,-10.8624]]],[[[123.0712,-10.8603],[123.0712,-10.8603]]],[[[123.0866,-10.8601],[123.0866,-10.8601]]],[[[123.0883,-10.8577],[123.0883,-10.8577]]],[[[122.7871,-10.7746],[122.7498,-10.7853],[122.7871,-10.7746]]],[[[122.9941,-10.7308],[122.9941,-10.7308]]],[[[122.9519,-10.7315],[122.9519,-10.7315]]],[[[122.7306,-10.8307],[122.7491,-10.8274],[122.7306,-10.8307]]],[[[122.6688,-10.807],[122.6862,-10.8339],[122.6398,-10.8064],[122.6688,-10.807]]],[[[123.0881,-10.8585],[123.0881,-10.8585]]],[[[123.0864,-10.8587],[123.0864,-10.8587]]],[[[122.9626,-10.728],[122.9626,-10.728]]],[[[122.9507,-10.9441],[122.9507,-10.9441]]],[[[122.949,-10.9419],[122.949,-10.9419]]],[[[122.9817,-10.9306],[122.9817,-10.9306]]],[[[122.9676,-10.93],[122.9676,-10.93]]],[[[122.9684,-10.9287],[122.9684,-10.9287]]],[[[122.9523,-10.9146],[122.9523,-10.9146]]],[[[122.9538,-10.9143],[122.9538,-10.9143]]],[[[122.9003,-10.9127],[122.9003,-10.9127]]],[[[123.0265,-10.9124],[123.0265,-10.9124]]],[[[122.969,-10.8973],[122.969,-10.8973]]],[[[123.0646,-10.8764],[123.0646,-10.8764]]],[[[123.0444,-10.8852],[123.0444,-10.8852]]],[[[123.0431,-10.885],[123.0431,-10.885]]],[[[123.0198,-10.9133],[123.0198,-10.9133]]],[[[123.0201,-10.9127],[123.0201,-10.9127]]],[[[123.006,-10.9087],[123.006,-10.9087]]],[[[123.0192,-10.9079],[123.0192,-10.9079]]],[[[122.9952,-10.925],[122.9952,-10.925]]],[[[122.9932,-10.926],[122.9932,-10.926]]],[[[123.0307,-10.9195],[123.0307,-10.9195]]],[[[123.0028,-10.9216],[123.0028,-10.9216]]],[[[123.0004,-10.9214],[123.0004,-10.9214]]],[[[122.9598,-10.9168],[122.9718,-10.9205],[122.9562,-10.9381],[122.9328,-10.936],[122.9352,-10.9159],[122.9598,-10.9168]]],[[[122.9088,-10.9257],[122.9088,-10.9257]]],[[[122.947,-10.9189],[122.947,-10.9189]]],[[[122.906,-10.9189],[122.906,-10.9189]]],[[[122.9478,-10.9192],[122.9478,-10.9192]]],[[[122.9457,-10.9183],[122.9457,-10.9183]]],[[[122.9558,-10.9163],[122.9558,-10.9163]]],[[[122.9954,-10.9106],[122.9903,-10.9252],[122.9764,-10.9118],[122.9954,-10.9106]]],[[[121.5911,-10.6005],[121.6349,-10.6088],[121.5741,-10.6424],[121.5209,-10.6372],[121.5571,-10.6005],[121.5911,-10.6005]]],[[[123.2327,-10.6051],[123.2327,-10.6051]]],[[[123.3768,-10.5487],[123.3768,-10.5487]]],[[[123.3768,-10.5483],[123.3768,-10.5483]]],[[[123.3728,-10.5437],[123.3728,-10.5437]]],[[[123.3852,-10.5408],[123.3852,-10.5408]]],[[[123.3847,-10.5406],[123.3847,-10.5406]]],[[[123.3677,-10.5399],[123.3677,-10.5399]]],[[[123.3868,-10.5368],[123.3868,-10.5368]]],[[[123.3682,-10.5355],[123.3682,-10.5355]]],[[[123.3854,-10.5394],[123.3854,-10.5394]]],[[[123.3856,-10.5388],[123.3856,-10.5388]]],[[[123.3715,-10.5364],[123.3715,-10.5364]]],[[[123.3818,-10.5384],[123.3818,-10.5384]]],[[[122.8335,-10.9296],[122.81,-10.782],[122.8372,-10.7879],[122.8341,-10.7742],[122.8583,-10.7588],[122.9335,-10.7365],[122.9475,-10.7462],[123.0427,-10.7294],[123.1292,-10.6435],[123.149,-10.6528],[123.1778,-10.6371],[123.1949,-10.5938],[123.2602,-10.606],[123.3102,-10.5933],[123.3133,-10.5766],[123.2762,-10.5797],[123.2448,-10.6029],[123.2132,-10.5797],[123.2645,-10.5205],[123.3696,-10.478],[123.3741,-10.4314],[123.4259,-10.4721],[123.3829,-10.4882],[123.3777,-10.5021],[123.3875,-10.4933],[123.3999,-10.5052],[123.3573,-10.5459],[123.3835,-10.5685],[123.3425,-10.5867],[123.4164,-10.6088],[123.4267,-10.6565],[123.3994,-10.6875],[123.3313,-10.6783],[123.3,-10.7203],[123.2532,-10.7344],[123.2229,-10.8295],[123.2079,-10.8194],[123.189,-10.8369],[123.1326,-10.8155],[123.0897,-10.8567],[123.0706,-10.8477],[123.058,-10.8637],[122.9687,-10.8702],[122.949,-10.8929],[122.9705,-10.9151],[122.9493,-10.904],[122.9114,-10.9249],[122.9091,-10.9101],[122.8999,-10.9213],[122.8888,-10.9103],[122.8624,-10.9174],[122.8469,-10.9431],[122.8335,-10.9296]]],[[[123.3883,-10.5242],[123.3883,-10.5242]]],[[[123.3747,-10.5348],[123.3747,-10.5348]]],[[[123.3832,-10.5354],[123.3832,-10.5354]]],[[[123.3888,-10.5311],[123.3888,-10.5311]]],[[[123.3885,-10.5246],[123.3885,-10.5246]]],[[[123.3873,-10.5249],[123.3873,-10.5249]]],[[[121.8377,-10.6257],[121.7957,-10.6069],[121.7493,-10.6151],[121.6842,-10.5778],[121.8333,-10.4989],[121.8447,-10.45],[121.8775,-10.4273],[121.9105,-10.4188],[122.0002,-10.4437],[122.0082,-10.4641],[121.9862,-10.5509],[121.9462,-10.5568],[121.8754,-10.6181],[121.8377,-10.6257]]],[[[123.4304,-10.4917],[123.439,-10.5109],[123.3828,-10.5606],[123.3745,-10.5442],[123.4064,-10.5161],[123.404,-10.4986],[123.4304,-10.4917]]],[[[123.3943,-10.5226],[123.3943,-10.5226]]],[[[123.3934,-10.5219],[123.3934,-10.5219]]],[[[123.392,-10.5218],[123.392,-10.5218]]],[[[123.3936,-10.5183],[123.3936,-10.5183]]],[[[123.3965,-10.4823],[123.3965,-10.4823]]],[[[123.3986,-10.4808],[123.3986,-10.4808]]],[[[123.4024,-10.4786],[123.4024,-10.4786]]],[[[123.4117,-10.4738],[123.4117,-10.4738]]],[[[123.3314,-10.4574],[123.3314,-10.4574]]],[[[123.3853,-10.4921],[123.3853,-10.4921]]],[[[123.3899,-10.4906],[123.3899,-10.4906]]],[[[123.3972,-10.4907],[123.3972,-10.4907]]],[[[119.6732,-9.8313],[119.6732,-9.8313]]],[[[119.6743,-9.8357],[119.6743,-9.8357]]],[[[123.9938,-9.2586],[123.9938,-9.2586]]],[[[124.9922,-9.1855],[124.9922,-9.1855]]],[[[124.9946,-9.1819],[124.9946,-9.1819]]],[[[119.6944,-9.8546],[119.6944,-9.8546]]],[[[119.6834,-9.8489],[119.6834,-9.8489]]],[[[119.6833,-9.8483],[119.6833,-9.8483]]],[[[119.6852,-9.8448],[119.6852,-9.8448]]],[[[119.6818,-9.8429],[119.6818,-9.8429]]],[[[119.6796,-9.8375],[119.6796,-9.8375]]],[[[119.6747,-9.8364],[119.6747,-9.8364]]],[[[119.6769,-9.836],[119.6769,-9.836]]],[[[119.8702,-9.9492],[119.8702,-9.9492]]],[[[119.86757272727272,-9.942381818181817],[119.86757272727272,-9.942381818181817]]],[[[119.867,-9.942],[119.867,-9.942]]],[[[119.8535,-9.9238],[119.8535,-9.9238]]],[[[119.7693,-9.9073],[119.7693,-9.9073]]],[[[119.7666,-9.9062],[119.7666,-9.9062]]],[[[119.849,-9.9242],[119.849,-9.9242]]],[[[119.8489,-9.9238],[119.8489,-9.9238]]],[[[119.7718,-9.9051],[119.7718,-9.9051]]],[[[120.6864,-9.9027],[120.6864,-9.9027]]],[[[119.7586,-9.8937],[119.7586,-9.8937]]],[[[119.7026,-9.8609],[119.7026,-9.8609]]],[[[119.7592,-9.893],[119.7592,-9.893]]],[[[119.7597,-9.8924],[119.7597,-9.8924]]],[[[119.7017,-9.8574],[119.7017,-9.8574]]],[[[123.5595,-10.0873],[123.5595,-10.0873]]],[[[120.0185,-10.0836],[120.0185,-10.0836]]],[[[120.0187,-10.0834],[120.0187,-10.0834]]],[[[120.0174,-10.0791],[120.0174,-10.0791]]],[[[120.0137,-10.0752],[120.0137,-10.0752]]],[[[120.0171,-10.0822],[120.0171,-10.0822]]],[[[120.0177,-10.0821],[120.0177,-10.0821]]],[[[120.0174,-10.0822],[120.0174,-10.0822]]],[[[120.0136,-10.0736],[120.0136,-10.0736]]],[[[120.0081,-10.0668],[120.0081,-10.0668]]],[[[120.009,-10.067],[120.009,-10.067]]],[[[120.0087,-10.0668],[120.0087,-10.0668]]],[[[120.0088,-10.0665],[120.0088,-10.0665]]],[[[120.0084,-10.0661],[120.0084,-10.0661]]],[[[120.0083,-10.0658],[120.0083,-10.0658]]],[[[120.0002,-10.0553],[120.0002,-10.0553]]],[[[123.6128,-10.0522],[123.6128,-10.0522]]],[[[119.9975,-10.0524],[119.9975,-10.0524]]],[[[119.9986,-10.052],[119.9986,-10.052]]],[[[119.9973,-10.0519],[119.9973,-10.0519]]],[[[119.9556,-10.0089],[119.9556,-10.0089]]],[[[119.9556,-10.0083],[119.9556,-10.0083]]],[[[119.9468,-9.9997],[119.9468,-9.9997]]],[[[119.9971,-10.0506],[119.9971,-10.0506]]],[[[123.6878,-10.3608],[123.6878,-10.3608]]],[[[123.4581,-10.1994],[123.4581,-10.1994]]],[[[120.099,-10.1768],[120.099,-10.1768]]],[[[120.0972,-10.1767],[120.0972,-10.1767]]],[[[120.0764,-10.1651],[120.0764,-10.1651]]],[[[120.0094,-10.1261],[120.0094,-10.1261]]],[[[120.0195,-10.1236],[120.0195,-10.1236]]],[[[120.0124,-10.1233],[120.0124,-10.1233]]],[[[120.0071,-10.1154],[120.0071,-10.1154]]],[[[120.0087,-10.1109],[120.0087,-10.1109]]],[[[120.0138,-10.1024],[120.0138,-10.1024]]],[[[120.0147,-10.1023],[120.0147,-10.1023]]],[[[120.0319,-10.1214],[120.0319,-10.1214]]],[[[120.0323,-10.1212],[120.0323,-10.1212]]],[[[120.1662,-10.3151],[120.1662,-10.3151]]],[[[120.1648,-10.3103],[120.1648,-10.3103]]],[[[120.1739,-10.3224],[120.1739,-10.3224]]],[[[120.4555,-10.3158],[120.4555,-10.3158]]],[[[120.4553,-10.3127],[120.4553,-10.3127]]],[[[120.2086,-10.2538],[120.2086,-10.2538]]],[[[123.4356,-10.234],[123.4307,-10.2473],[123.4356,-10.234]]],[[[120.1571,-10.2331],[120.1571,-10.2331]]],[[[120.1578,-10.2331],[120.1578,-10.2331]]],[[[120.2127,-10.2542],[120.2127,-10.2542]]],[[[123.2859,-10.3101],[123.2701,-10.3183],[123.2859,-10.3101]]],[[[120.2133,-10.306],[120.2004,-10.3228],[120.1709,-10.3174],[120.2133,-10.306]]],[[[120.4604,-10.3081],[120.4604,-10.3081]]],[[[120.4617,-10.3077],[120.4617,-10.3077]]],[[[120.4673,-10.306],[120.4673,-10.306]]],[[[120.1065,-10.3332],[120.1261,-10.3274],[120.1065,-10.3332]]],[[[123.343,-10.3248],[123.343,-10.3248]]],[[[123.3472,-10.3054],[123.3216,-10.3388],[123.3009,-10.2712],[123.3679,-10.2037],[123.3963,-10.1342],[123.4536,-10.1151],[123.4689,-10.1618],[123.5005,-10.1577],[123.5055,-10.1782],[123.4613,-10.1956],[123.4281,-10.2304],[123.421,-10.2082],[123.3909,-10.2074],[123.4185,-10.2597],[123.4074,-10.2681],[123.4199,-10.2961],[123.3912,-10.2924],[123.415,-10.3139],[123.4087,-10.335],[123.3824,-10.3372],[123.3763,-10.308],[123.3472,-10.3054]]],[[[123.4644,-10.3245],[123.501,-10.2738],[123.4886,-10.2244],[123.5262,-10.2172],[123.5327,-10.1756],[123.6247,-10.14],[123.6494,-10.1454],[123.7414,-10.0986],[123.7688,-10.051],[123.7652,-10.0351],[123.6963,-10.0101],[123.6223,-10.0193],[123.5963,-10.0442],[123.5809,-10.018],[123.5785,-9.9423],[123.5946,-9.9025],[123.6417,-9.8946],[123.6679,-9.8537],[123.6656,-9.8014],[123.6424,-9.7739],[123.6814,-9.7434],[123.673,-9.6307],[123.7343,-9.567],[123.7876,-9.5419],[123.795,-9.4909],[123.8275,-9.496],[123.8716,-9.4747],[123.9007,-9.4291],[123.9352,-9.4208],[123.9806,-9.352],[124.0432,-9.3359],[124.0968,-9.4081],[124.1201,-9.4068],[124.1352,-9.4269],[124.1616,-9.4197],[124.1682,-9.3945],[124.2064,-9.3697],[124.235,-9.3744],[124.287,-9.4512],[124.2788,-9.5033],[124.3548,-9.4852],[124.3651,-9.4596],[124.3482,-9.434],[124.3804,-9.3968],[124.38,-9.3568],[124.4383,-9.3339],[124.4626,-9.2995],[124.4547,-9.2669],[124.4829,-9.1978],[124.4761,-9.1744],[124.5303,-9.1864],[124.6143,-9.1542],[124.6697,-9.1187],[124.6978,-9.0534],[124.7298,-9.0588],[124.801,-9.0086],[124.8094,-9.0181],[124.8162,-9.0024],[124.8657,-9.0036],[124.878,-8.9803],[124.9386,-8.9575],[124.9517,-8.9611],[124.9318,-9.028],[124.9423,-9.0489],[124.9839,-9.0662],[125.0766,-9.0219],[125.112,-8.9675],[125.1847,-9.0259],[125.1747,-9.175],[125.1343,-9.1744],[125.097,-9.2018],[125.0527,-9.1688],[124.9943,-9.1724],[124.9827,-9.1914],[124.9945,-9.2902],[125.0513,-9.3288],[125.0507,-9.3602],[125.08,-9.3921],[125.088,-9.4586],[124.9913,-9.5586],[124.9821,-9.6401],[124.947,-9.6779],[124.8531,-9.7304],[124.7508,-9.8816],[124.6726,-9.9202],[124.5882,-10.0002],[124.5424,-10.0162],[124.5168,-10.079],[124.4777,-10.1216],[124.3884,-10.1709],[124.1415,-10.1607],[124.1015,-10.1794],[124.0826,-10.2178],[124.0327,-10.2476],[124.0184,-10.2734],[123.9624,-10.2768],[123.7983,-10.3553],[123.7658,-10.3478],[123.7036,-10.3663],[123.6554,-10.3496],[123.6114,-10.3701],[123.542,-10.3276],[123.4651,-10.3603],[123.4644,-10.3245]],[[124.9778,-9.2316],[124.9778,-9.2316]],[[124.9794,-9.2332],[124.9794,-9.2332]]],[[[120.2167,-10.2524],[120.1817,-10.2295],[120.1648,-10.2402],[120.1107,-10.1781],[120.0826,-10.1775],[120.0392,-10.1215],[120.0081,-10.124],[120.0188,-10.0795],[119.9955,-10.0385],[119.9472,-9.9997],[119.9499,-9.9744],[119.9051,-9.9735],[119.905,-9.9502],[119.8821,-9.9579],[119.8629,-9.9223],[119.7837,-9.9223],[119.7675,-9.896],[119.6865,-9.848],[119.6744,-9.8319],[119.6897,-9.8148],[119.6711,-9.7809],[119.6535,-9.7763],[119.6211,-9.8009],[119.6232,-9.7651],[119.5949,-9.7791],[119.5834,-9.7619],[119.5532,-9.766],[119.5451,-9.7519],[119.5269,-9.7666],[119.4692,-9.7409],[119.4183,-9.7604],[119.3952,-9.7972],[119.3502,-9.7599],[119.3179,-9.766],[119.3013,-9.7444],[119.2187,-9.7377],[119.1851,-9.7588],[119.1741,-9.7412],[119.0914,-9.7158],[119.0262,-9.6751],[118.9861,-9.6077],[118.9279,-9.5576],[118.9408,-9.5158],[118.9898,-9.4563],[119.033,-9.431],[119.1013,-9.4215],[119.1726,-9.3763],[119.2197,-9.391],[119.2934,-9.3576],[119.3866,-9.3835],[119.4699,-9.3581],[119.5336,-9.3775],[119.6281,-9.3453],[119.6864,-9.3824],[119.7966,-9.399],[119.9359,-9.2759],[119.9536,-9.3157],[120.0845,-9.4697],[120.1283,-9.4854],[120.1849,-9.4682],[120.2107,-9.4908],[120.2446,-9.6419],[120.2989,-9.6419],[120.3166,-9.6755],[120.3659,-9.6436],[120.389,-9.6484],[120.3883,-9.6377],[120.4671,-9.616],[120.5041,-9.6857],[120.5449,-9.6887],[120.5971,-9.7316],[120.6781,-9.8992],[120.7847,-9.9487],[120.8459,-10.0288],[120.8385,-10.097],[120.7575,-10.1541],[120.7392,-10.1902],[120.6139,-10.2528],[120.5243,-10.2432],[120.4853,-10.2633],[120.4542,-10.3171],[120.3497,-10.2492],[120.2167,-10.2524]]],[[[119.3437,-8.5074],[119.3437,-8.5074]]],[[[119.3665,-8.5249],[119.3665,-8.5249]]],[[[119.7564,-8.5942],[119.7564,-8.5942]]],[[[119.7263,-8.5898],[119.7263,-8.5898]]],[[[119.3726,-8.5885],[119.3726,-8.5885]]],[[[119.3733,-8.5869],[119.3733,-8.5869]]],[[[119.6907,-8.5878],[119.6907,-8.5878]]],[[[119.3715,-8.56],[119.3715,-8.56]]],[[[119.3901,-8.5581],[119.3901,-8.5581]]],[[[119.3837,-8.5417],[119.3837,-8.5417]]],[[[119.3912,-8.5536],[119.3912,-8.5536]]],[[[119.3445,-8.6192],[119.3445,-8.6192]]],[[[122.8445,-8.6027],[122.8445,-8.6027]]],[[[119.4881,-8.599],[119.4881,-8.599]]],[[[119.7096,-8.5981],[119.7096,-8.5981]]],[[[119.7062,-8.6001],[119.7062,-8.6001]]],[[[119.4972,-8.6008],[119.4972,-8.6008]]],[[[119.767,-8.5971],[119.767,-8.5971]]],[[[119.6991,-8.5951],[119.6991,-8.5951]]],[[[119.7926,-8.5988],[119.7926,-8.5988]]],[[[124.3979,-8.2709],[124.3979,-8.2709]]],[[[124.367,-8.3144],[124.3301,-8.3242],[124.3156,-8.2962],[124.3552,-8.275],[124.376,-8.2955],[124.367,-8.3144]]],[[[124.5609,-8.4364],[124.5397,-8.4416],[124.5254,-8.4225],[124.4943,-8.419],[124.4164,-8.4614],[124.4174,-8.4386],[124.3624,-8.4424],[124.3373,-8.42],[124.3415,-8.3915],[124.3988,-8.3264],[124.407,-8.2954],[124.4754,-8.2547],[124.5059,-8.2594],[124.564,-8.2181],[124.504,-8.2207],[124.405,-8.2779],[124.4002,-8.2148],[124.477,-8.1281],[124.5999,-8.1216],[124.5914,-8.1839],[124.608,-8.197],[124.6676,-8.1618],[124.7484,-8.1464],[124.8614,-8.1669],[124.9198,-8.1632],[124.9586,-8.1396],[124.9974,-8.157],[125.0907,-8.1451],[125.1372,-8.2239],[125.1283,-8.2821],[125.1409,-8.3192],[125.1093,-8.3437],[124.8909,-8.3625],[124.7738,-8.4053],[124.6577,-8.3905],[124.5609,-8.4364]]],[[[124.5603,-8.2192],[124.5603,-8.2192]]],[[[124.3733,-8.1679],[124.3773,-8.1845],[124.3733,-8.1679]]],[[[124.367,-8.2254],[124.3721,-8.2003],[124.3801,-8.217],[124.367,-8.2254]]],[[[124.6161,-8.1216],[124.6161,-8.1216]]],[[[124.2762,-8.4896],[124.2712,-8.4733],[124.2909,-8.4703],[124.2762,-8.4896]]],[[[124.0994,-8.3657],[124.0931,-8.3735],[124.0994,-8.3657]]],[[[123.8131,-8.369],[123.8353,-8.3713],[123.8376,-8.4107],[123.8094,-8.4029],[123.8131,-8.369]]],[[[123.8845,-8.4374],[123.8732,-8.4308],[123.8915,-8.4268],[123.8845,-8.4374]]],[[[123.2741,-8.4715],[123.3393,-8.3959],[123.4323,-8.3656],[123.473,-8.335],[123.4157,-8.2887],[123.3463,-8.3033],[123.4075,-8.2502],[123.4561,-8.2688],[123.4952,-8.2395],[123.5607,-8.2368],[123.5443,-8.2831],[123.4979,-8.336],[123.5004,-8.3575],[123.5179,-8.3489],[123.5539,-8.3657],[123.5994,-8.3265],[123.5761,-8.3106],[123.5752,-8.285],[123.6047,-8.2866],[123.5997,-8.3159],[123.6365,-8.2837],[123.6056,-8.2162],[123.646,-8.214],[123.66,-8.2287],[123.6576,-8.2473],[123.6444,-8.2472],[123.6926,-8.2544],[123.7134,-8.2373],[123.6981,-8.2147],[123.7263,-8.2134],[123.7823,-8.1672],[123.8428,-8.1992],[123.8549,-8.2242],[123.8681,-8.2097],[123.9049,-8.2109],[123.9235,-8.2392],[123.9181,-8.2532],[123.8374,-8.2802],[123.7878,-8.2726],[123.7531,-8.2989],[123.6819,-8.4176],[123.6524,-8.4256],[123.6525,-8.4032],[123.6286,-8.4003],[123.5671,-8.4511],[123.5537,-8.4653],[123.5882,-8.526],[123.5492,-8.5667],[123.5188,-8.5593],[123.5083,-8.5195],[123.493,-8.5127],[123.4475,-8.5314],[123.4247,-8.5732],[123.3933,-8.5836],[123.3187,-8.5233],[123.2919,-8.5469],[123.2429,-8.5373],[123.2222,-8.5502],[123.2266,-8.5316],[123.2125,-8.5324],[123.2076,-8.5142],[123.2741,-8.4715]]],[[[123.9473,-8.3652],[123.9303,-8.3825],[123.8993,-8.368],[123.9521,-8.3466],[123.9473,-8.3652]]],[[[124.0913,-8.3704],[124.1065,-8.3894],[124.1198,-8.3818],[124.1031,-8.3623],[124.1659,-8.3121],[124.1849,-8.2738],[124.2034,-8.273],[124.2519,-8.1917],[124.2879,-8.1738],[124.3228,-8.184],[124.3263,-8.228],[124.2988,-8.2681],[124.3019,-8.3297],[124.2461,-8.3626],[124.2093,-8.416],[124.2124,-8.4596],[124.1733,-8.4864],[124.1413,-8.5384],[124.0557,-8.5442],[124.0655,-8.491],[124.033,-8.4202],[123.9829,-8.4201],[123.9441,-8.4609],[123.9137,-8.4393],[123.9456,-8.4079],[123.9652,-8.3474],[124.0586,-8.293],[124.085,-8.3136],[124.0913,-8.3704]]],[[[123.3289,-8.2539],[123.3289,-8.2539]]],[[[123.3321,-8.2511],[123.3321,-8.2511]]],[[[122.9029,-8.6091],[122.8863,-8.6094],[122.8705,-8.5851],[122.8825,-8.5286],[122.9454,-8.4932],[122.9767,-8.436],[123.0214,-8.4487],[123.1426,-8.423],[123.1682,-8.4359],[123.1484,-8.4616],[123.0784,-8.4888],[123.0219,-8.4765],[122.9761,-8.5149],[122.9364,-8.5957],[122.9029,-8.6091]]],[[[121.5523,-8.5742],[121.5523,-8.5742]]],[[[119.8036,-8.5844],[119.8036,-8.5844]]],[[[119.694,-8.5786],[119.694,-8.5786]]],[[[119.6813,-8.5777],[119.6813,-8.5777]]],[[[119.7515,-8.5758],[119.7515,-8.5758]]],[[[119.7281,-8.5746],[119.7054,-8.5742],[119.7281,-8.5746]]],[[[119.6312,-8.5561],[119.6312,-8.5561]]],[[[119.8264,-8.5527],[119.8264,-8.5527]]],[[[119.8189,-8.5523],[119.8189,-8.5523]]],[[[119.689,-8.5475],[119.682,-8.5579],[119.689,-8.5475]]],[[[119.7999,-8.5502],[119.7999,-8.5502]]],[[[119.7962,-8.5499],[119.7962,-8.5499]]],[[[119.6623,-8.5324],[119.656,-8.5672],[119.6467,-8.5356],[119.6623,-8.5324]]],[[[119.7887,-8.5497],[119.7887,-8.5497]]],[[[119.7829,-8.5505],[119.7829,-8.5505]]],[[[119.6917,-8.5509],[119.6917,-8.5509]]],[[[119.8139,-8.5454],[119.8139,-8.5454]]],[[[119.8298,-8.5444],[119.8298,-8.5444]]],[[[119.5659,-8.5431],[119.5659,-8.5431]]],[[[119.7108,-8.5176],[119.7108,-8.5176]]],[[[119.7448,-8.5262],[119.7448,-8.5262]]],[[[119.7341,-8.5212],[119.7341,-8.5212]]],[[[119.5858,-8.5189],[119.5858,-8.5189]]],[[[119.793,-8.5179],[119.793,-8.5179]]],[[[119.6409,-8.5394],[119.6409,-8.5394]]],[[[119.827,-8.5349],[119.827,-8.5349]]],[[[119.614,-8.537],[119.614,-8.537]]],[[[119.5668,-8.5348],[119.5668,-8.5348]]],[[[119.7933,-8.5315],[119.7933,-8.5315]]],[[[119.6279,-8.531],[119.6279,-8.531]]],[[[119.7919,-8.5317],[119.7919,-8.5317]]],[[[119.5746,-8.5343],[119.5746,-8.5343]]],[[[119.7925,-8.5225],[119.784,-8.5303],[119.7925,-8.5225]]],[[[119.7112,-8.5089],[119.7112,-8.5089]]],[[[119.7104,-8.5006],[119.7104,-8.5006]]],[[[119.869,-8.4944],[119.869,-8.4944]]],[[[119.5835,-8.4956],[119.5835,-8.4956]]],[[[119.7386,-8.5103],[119.7386,-8.5103]]],[[[119.4226,-8.5107],[119.4226,-8.5107]]],[[[119.7298,-8.5155],[119.7298,-8.5155]]],[[[119.5758,-8.5112],[119.5758,-8.5112]]],[[[119.6424,-8.5122],[119.6353,-8.5212],[119.6424,-8.5122]]],[[[119.7098,-8.5131],[119.696,-8.5121],[119.7098,-8.5131]]],[[[119.7317,-8.5108],[119.7317,-8.5108]]],[[[119.696,-8.5107],[119.696,-8.5107]]],[[[119.7123,-8.5104],[119.7123,-8.5104]]],[[[119.7306,-8.4943],[119.7162,-8.5184],[119.7164,-8.4973],[119.7306,-8.4943]]],[[[119.4217,-8.4437],[119.4217,-8.4437]]],[[[119.4221,-8.4438],[119.4221,-8.4438]]],[[[119.5633,-8.411],[119.5633,-8.411]]],[[[119.7961,-8.3895],[119.7961,-8.3895]]],[[[119.8882,-8.4049],[119.8882,-8.4049]]],[[[119.8781,-8.4002],[119.8781,-8.4002]]],[[[119.8096,-8.3997],[119.8096,-8.3997]]],[[[119.8648,-8.3835],[119.8775,-8.3799],[119.866,-8.4017],[119.8377,-8.3863],[119.8524,-8.3746],[119.8648,-8.3835]]],[[[119.8709,-8.4123],[119.8709,-8.4123]]],[[[119.473,-8.4733],[119.473,-8.4733]]],[[[119.5663,-8.467],[119.5514,-8.4748],[119.5663,-8.467]]],[[[119.8649,-8.4671],[119.8649,-8.4671]]],[[[119.8708,-8.4635],[119.8708,-8.4635]]],[[[119.8809,-8.461],[119.8809,-8.461]]],[[[119.914,-8.4656],[119.914,-8.4656]]],[[[119.8682,-8.4736],[119.8682,-8.4736]]],[[[119.8333,-8.4819],[119.8333,-8.4819]]],[[[119.5858,-8.4891],[119.5858,-8.4891]]],[[[119.7601,-8.4928],[119.7601,-8.4928]]],[[[119.7566,-8.4896],[119.7566,-8.4896]]],[[[119.8678,-8.4844],[119.8678,-8.4844]]],[[[119.8503,-8.4896],[119.8503,-8.4896]]],[[[119.8408,-8.488],[119.8408,-8.488]]],[[[119.7314,-8.4874],[119.7314,-8.4874]]],[[[119.8609,-8.4873],[119.8609,-8.4873]]],[[[119.8402,-8.4815],[119.8402,-8.4815]]],[[[119.8394,-8.4859],[119.8394,-8.4859]]],[[[119.9362,-8.4561],[119.9362,-8.4561]]],[[[119.5844,-8.4502],[119.5623,-8.4592],[119.5645,-8.4455],[119.5844,-8.4502]]],[[[119.8456,-8.4425],[119.8456,-8.4425]]],[[[119.8948,-8.4359],[119.8948,-8.4359]]],[[[119.8566,-8.4322],[119.8566,-8.4322]]],[[[119.9941,-8.4363],[119.9941,-8.4363]]],[[[119.9626,-8.4333],[119.9626,-8.4333]]],[[[119.9744,-8.4301],[119.9744,-8.4301]]],[[[119.9753,-8.4313],[119.9753,-8.4313]]],[[[119.8906,-8.4393],[119.8906,-8.4393]]],[[[122.1339,-8.1074],[122.1302,-8.1219],[122.1051,-8.1241],[122.1339,-8.1074]]],[[[120.0457,-8.3886],[120.0457,-8.3886]]],[[[120.0796,-8.3692],[120.0796,-8.3692]]],[[[121.0165,-8.3702],[121.02,-8.3852],[120.9967,-8.3911],[120.9899,-8.3737],[121.0165,-8.3702]]],[[[120.0605,-8.3959],[120.0605,-8.3959]]],[[[122.4612,-8.477],[122.4612,-8.477]]],[[[122.4485,-8.4637],[122.4552,-8.4762],[122.4229,-8.472],[122.4485,-8.4637]]],[[[122.4172,-8.4411],[122.4151,-8.4769],[122.389,-8.4978],[122.3347,-8.4643],[122.3454,-8.4284],[122.4172,-8.4411]]],[[[122.8045,-8.4502],[122.7938,-8.4549],[122.8045,-8.4502]]],[[[122.4489,-8.4523],[122.4489,-8.4523]]],[[[122.5175,-8.4167],[122.5191,-8.4314],[122.5012,-8.4352],[122.5007,-8.4177],[122.5175,-8.4167]]],[[[120.0317,-8.3609],[120.0164,-8.3725],[120.0222,-8.3522],[120.0317,-8.3609]]],[[[120.0842,-8.3501],[120.0842,-8.3501]]],[[[122.2921,-8.3639],[122.2754,-8.3677],[122.3237,-8.35],[122.3074,-8.3685],[122.2921,-8.3639]]],[[[122.952,-8.3508],[122.952,-8.3508]]],[[[120.1365,-8.3544],[120.1365,-8.3544]]],[[[120.1338,-8.3544],[120.112,-8.3436],[120.1545,-8.3495],[120.1338,-8.3544]]],[[[120.1212,-8.3391],[120.1212,-8.3391]]],[[[120.1179,-8.338],[120.1179,-8.338]]],[[[121.7461,-8.3279],[121.7358,-8.349],[121.7128,-8.3544],[121.6786,-8.34],[121.6767,-8.3232],[121.707,-8.292],[121.7315,-8.2979],[121.7461,-8.3279]]],[[[123.2408,-8.3943],[123.179,-8.3852],[123.0662,-8.4121],[123.0532,-8.3983],[123.006,-8.4127],[122.9968,-8.4009],[123.0329,-8.3076],[123.142,-8.2338],[123.1818,-8.2405],[123.2099,-8.2241],[123.2164,-8.2434],[123.2432,-8.2255],[123.3343,-8.2665],[123.305,-8.2966],[123.2947,-8.3881],[123.2408,-8.3943]]],[[[119.3947,-8.7278],[119.3947,-8.7278]]],[[[119.4084,-8.7283],[119.4084,-8.7283]]],[[[119.3819,-8.7367],[119.3819,-8.7367]]],[[[119.7977,-8.7067],[119.7977,-8.7067]]],[[[119.5248,-8.7015],[119.5248,-8.7015]]],[[[119.7658,-8.7097],[119.7667,-8.6981],[119.7658,-8.7097]]],[[[119.5239,-8.7003],[119.5239,-8.7003]]],[[[119.6134,-8.724],[119.6134,-8.724]]],[[[119.7526,-8.6942],[119.7526,-8.6942]]],[[[119.449,-8.6886],[119.449,-8.6886]]],[[[119.4735,-8.6905],[119.4735,-8.6905]]],[[[119.538,-8.692],[119.538,-8.692]]],[[[119.6473,-8.6913],[119.6473,-8.6913]]],[[[119.7522,-8.6866],[119.7522,-8.6866]]],[[[119.6478,-8.6913],[119.6478,-8.6913]]],[[[119.5397,-8.6885],[119.5397,-8.6885]]],[[[119.6573,-8.6898],[119.6573,-8.6898]]],[[[119.6492,-8.6891],[119.6492,-8.6891]]],[[[119.5716,-8.6889],[119.5716,-8.6889]]],[[[119.7847,-8.6606],[119.7847,-8.6606]]],[[[119.5382,-8.6572],[119.5382,-8.6572]]],[[[119.5816,-8.6566],[119.5816,-8.6566]]],[[[119.6322,-8.6486],[119.6322,-8.6486]]],[[[119.5714,-8.6517],[119.5714,-8.6517]]],[[[119.6319,-8.6491],[119.6319,-8.6491]]],[[[119.802,-8.6452],[119.802,-8.6452]]],[[[119.396,-8.6353],[119.396,-8.6353]]],[[[119.6211,-8.6284],[119.6211,-8.6284]]],[[[119.4969,-8.6491],[119.4969,-8.6491]]],[[[119.5541,-8.6445],[119.5541,-8.6445]]],[[[119.7108,-8.6326],[119.7108,-8.6326]]],[[[119.7101,-8.6296],[119.7101,-8.6296]]],[[[119.622,-8.6374],[119.622,-8.6374]]],[[[119.6176,-8.6267],[119.616,-8.6373],[119.6176,-8.6267]]],[[[119.6502,-8.6876],[119.6502,-8.6876]]],[[[119.5392,-8.6841],[119.5392,-8.6841]]],[[[119.6905,-8.672],[119.6905,-8.672]]],[[[119.5317,-8.6694],[119.5317,-8.6694]]],[[[119.6907,-8.6706],[119.6907,-8.6706]]],[[[119.7801,-8.6691],[119.7756,-8.6803],[119.7801,-8.6691]]],[[[119.7808,-8.6686],[119.7808,-8.6686]]],[[[119.5348,-8.6657],[119.5348,-8.6657]]],[[[119.5845,-8.6671],[119.5845,-8.6671]]],[[[119.5838,-8.6661],[119.5838,-8.6661]]],[[[119.5437,-8.6813],[119.5437,-8.6813]]],[[[119.6139,-8.6794],[119.6139,-8.6794]]],[[[119.533,-8.6778],[119.533,-8.6778]]],[[[119.5496,-8.677],[119.5496,-8.677]]],[[[119.6028,-8.6317],[119.6021,-8.6598],[119.5582,-8.6657],[119.5643,-8.692],[119.5405,-8.6783],[119.5405,-8.6625],[119.6028,-8.6317]]],[[[119.7123,-8.6286],[119.7123,-8.6286]]],[[[119.7434,-8.6265],[119.7434,-8.6265]]],[[[119.528,-8.6235],[119.528,-8.6235]]],[[[119.4747,-8.6166],[119.4747,-8.6166]]],[[[119.47,-8.6206],[119.47,-8.6206]]],[[[119.485,-8.614],[119.485,-8.614]]],[[[119.768,-8.6068],[119.768,-8.6068]]],[[[119.5193,-8.6164],[119.5193,-8.6164]]],[[[119.5321,-8.6149],[119.5321,-8.6149]]],[[[119.7204,-8.6162],[119.7204,-8.6162]]],[[[119.5332,-8.6069],[119.5217,-8.6137],[119.5332,-8.6069]]],[[[119.7923,-8.6025],[119.7923,-8.6025]]],[[[119.5297,-8.6038],[119.5297,-8.6038]]],[[[119.7665,-8.6048],[119.7665,-8.6048]]],[[[120.3018,-8.8757],[120.3058,-8.9006],[120.2744,-8.9157],[120.2596,-8.9069],[120.2807,-8.8709],[120.3018,-8.8757]]],[[[121.5291,-8.899],[121.5161,-8.907],[121.507,-8.8927],[121.5242,-8.8501],[121.5291,-8.899]]],[[[119.8841,-8.8416],[119.8841,-8.8416]]],[[[119.6345,-8.8094],[119.6345,-8.8094]]],[[[119.6466,-8.7919],[119.6466,-8.7919]]],[[[119.6482,-8.8132],[119.6482,-8.8132]]],[[[119.6158,-8.791],[119.6158,-8.791]]],[[[119.8123,-8.7817],[119.8123,-8.7817]]],[[[119.7908,-8.7961],[119.803,-8.8009],[119.7983,-8.8219],[119.7786,-8.8241],[119.7715,-8.8067],[119.7908,-8.7961]]],[[[119.6562,-8.7868],[119.6673,-8.8167],[119.6306,-8.807],[119.6562,-8.7868]]],[[[119.6467,-8.7915],[119.6467,-8.7915]]],[[[119.8073,-8.7853],[119.8073,-8.7853]]],[[[119.7978,-8.7847],[119.7978,-8.7847]]],[[[119.6708,-8.7889],[119.6708,-8.7889]]],[[[119.8013,-8.7863],[119.8013,-8.7863]]],[[[119.659,-8.7855],[119.659,-8.7855]]],[[[119.7997,-8.7654],[119.7997,-8.7654]]],[[[119.7995,-8.7616],[119.7995,-8.7616]]],[[[119.7986,-8.7598],[119.7986,-8.7598]]],[[[119.441,-8.7526],[119.441,-8.7526]]],[[[119.4242,-8.7627],[119.4242,-8.7627]]],[[[119.3678,-8.7487],[119.3678,-8.7487]]],[[[119.4096,-8.7425],[119.4096,-8.7425]]],[[[119.4076,-8.7439],[119.4076,-8.7439]]],[[[119.4068,-8.7435],[119.4068,-8.7435]]],[[[119.3712,-8.7457],[119.3712,-8.7457]]],[[[119.3746,-8.7413],[119.3639,-8.7478],[119.3746,-8.7413]]],[[[119.427,-8.7469],[119.4306,-8.7645],[119.427,-8.7469]]],[[[119.6027,-8.7498],[119.6027,-8.7498]]],[[[119.6025,-8.7483],[119.6025,-8.7483]]],[[[119.3755,-8.7372],[119.3755,-8.7372]]],[[[119.4097,-8.7379],[119.4097,-8.7379]]],[[[119.6049,-8.7391],[119.6049,-8.7391]]],[[[119.4812,-8.7373],[119.4812,-8.7373]]],[[[119.6395,-8.6094],[119.6628,-8.6124],[119.6585,-8.6569],[119.6736,-8.6878],[119.6776,-8.6729],[119.6857,-8.6848],[119.7082,-8.6698],[119.6873,-8.6394],[119.7145,-8.6558],[119.7187,-8.6214],[119.7924,-8.6141],[119.805,-8.6253],[119.799,-8.657],[119.7575,-8.6654],[119.745,-8.6986],[119.7256,-8.6993],[119.7109,-8.6794],[119.6899,-8.7231],[119.7234,-8.7403],[119.7335,-8.7566],[119.7166,-8.7638],[119.7334,-8.7668],[119.6937,-8.8105],[119.6756,-8.8089],[119.6593,-8.7732],[119.618,-8.7941],[119.6035,-8.7545],[119.6058,-8.7335],[119.6334,-8.7418],[119.6156,-8.7249],[119.637,-8.7248],[119.6175,-8.7077],[119.6612,-8.7013],[119.6526,-8.6688],[119.6389,-8.6889],[119.6241,-8.6817],[119.6419,-8.659],[119.6144,-8.6095],[119.6395,-8.6094]]],[[[119.4606,-8.4321],[119.4709,-8.4803],[119.5069,-8.494],[119.5264,-8.4825],[119.5349,-8.4974],[119.5522,-8.479],[119.5495,-8.4989],[119.5712,-8.4896],[119.5698,-8.5323],[119.56,-8.5142],[119.5492,-8.5299],[119.5596,-8.5867],[119.5743,-8.5953],[119.5185,-8.6022],[119.5248,-8.5822],[119.5053,-8.5685],[119.4798,-8.6054],[119.453,-8.6063],[119.4649,-8.6278],[119.4937,-8.6144],[119.4762,-8.6521],[119.4564,-8.6482],[119.4332,-8.6758],[119.4562,-8.7025],[119.4517,-8.745],[119.4714,-8.7372],[119.4438,-8.7512],[119.4063,-8.722],[119.377,-8.7377],[119.3713,-8.7174],[119.4044,-8.6882],[119.4098,-8.6469],[119.3977,-8.6223],[119.3734,-8.6307],[119.3885,-8.6007],[119.3737,-8.5852],[119.4366,-8.5264],[119.4124,-8.5022],[119.449,-8.4918],[119.425,-8.469],[119.4229,-8.4438],[119.4504,-8.4522],[119.4498,-8.4305],[119.4606,-8.4321]]],[[[121.3613,-8.8874],[121.3144,-8.911],[121.2697,-8.8865],[121.2571,-8.8976],[121.1715,-8.8868],[121.0574,-8.9477],[121.0013,-8.9561],[120.9134,-8.9206],[120.8693,-8.8836],[120.8372,-8.8288],[120.789,-8.8405],[120.7745,-8.8869],[120.746,-8.8932],[120.6463,-8.8671],[120.595,-8.8149],[120.4379,-8.8136],[120.3937,-8.8267],[120.3687,-8.8163],[120.3147,-8.8552],[120.2978,-8.8443],[120.2772,-8.8538],[120.2135,-8.8365],[120.1491,-8.7847],[120.0164,-8.8193],[119.9421,-8.8214],[119.9229,-8.8435],[119.9099,-8.8389],[119.922,-8.8613],[119.9057,-8.867],[119.886,-8.8518],[119.8902,-8.8127],[119.8442,-8.7969],[119.8333,-8.8066],[119.8005,-8.7649],[119.811,-8.6044],[119.7993,-8.5919],[119.8335,-8.5393],[119.8736,-8.5174],[119.8815,-8.4779],[119.8576,-8.4299],[119.88,-8.427],[119.8773,-8.4429],[119.8902,-8.443],[119.8773,-8.4589],[119.9075,-8.4756],[119.9617,-8.4506],[119.9694,-8.428],[119.9974,-8.4613],[120.0183,-8.4397],[119.9979,-8.4172],[120.0155,-8.413],[120.0192,-8.3841],[120.043,-8.3975],[120.0748,-8.377],[120.05,-8.4052],[120.0865,-8.3876],[120.0772,-8.4106],[120.0961,-8.4132],[120.0851,-8.4373],[120.1098,-8.4413],[120.1256,-8.4176],[120.1198,-8.3586],[120.1644,-8.3771],[120.2005,-8.3056],[120.2394,-8.3019],[120.261,-8.2827],[120.3708,-8.2935],[120.4079,-8.2807],[120.4286,-8.2409],[120.467,-8.2955],[120.5297,-8.2723],[120.5583,-8.3002],[120.5908,-8.2971],[120.6011,-8.2554],[120.6555,-8.2889],[120.678,-8.3232],[120.7154,-8.3263],[120.7353,-8.3493],[120.7624,-8.3362],[120.8544,-8.3577],[120.8821,-8.3494],[120.8836,-8.372],[120.8931,-8.3532],[120.94,-8.3484],[120.9516,-8.372],[120.9445,-8.3441],[120.9777,-8.3464],[120.9825,-8.3629],[120.9636,-8.3706],[121.0103,-8.3921],[121.0236,-8.4141],[121.1428,-8.4245],[121.217,-8.4615],[121.2681,-8.4639],[121.3078,-8.4816],[121.3347,-8.5369],[121.3676,-8.5627],[121.4045,-8.5718],[121.419,-8.5921],[121.4762,-8.5641],[121.5009,-8.5785],[121.5145,-8.6157],[121.5532,-8.576],[121.5808,-8.5716],[121.5703,-8.5309],[121.6115,-8.5587],[121.6026,-8.5069],[121.619,-8.4717],[121.6446,-8.4786],[121.6419,-8.4988],[121.6655,-8.4938],[121.6802,-8.512],[121.7257,-8.4945],[121.8003,-8.5106],[121.8436,-8.482],[121.8713,-8.4988],[121.913,-8.4957],[121.9572,-8.4439],[121.9558,-8.4733],[121.9833,-8.4467],[122.024,-8.4402],[122.0059,-8.5102],[122.0163,-8.5296],[122.065,-8.521],[122.0894,-8.5432],[122.0882,-8.5275],[122.1045,-8.5289],[122.1594,-8.5558],[122.2213,-8.62],[122.2964,-8.6424],[122.364,-8.6114],[122.4745,-8.6087],[122.5176,-8.5471],[122.518,-8.5264],[122.4789,-8.4936],[122.4913,-8.473],[122.5479,-8.4642],[122.5707,-8.429],[122.5922,-8.4235],[122.5972,-8.3929],[122.6688,-8.3891],[122.7332,-8.3582],[122.7657,-8.3633],[122.8107,-8.2981],[122.8721,-8.2937],[122.8931,-8.2775],[122.9121,-8.2178],[122.9397,-8.1994],[122.9008,-8.1759],[122.8203,-8.1911],[122.7878,-8.2355],[122.7319,-8.2266],[122.7849,-8.1503],[122.7827,-8.1079],[122.8307,-8.0964],[122.8443,-8.0702],[122.8666,-8.0634],[122.9722,-8.1329],[122.9568,-8.1963],[122.9796,-8.2151],[122.983,-8.2511],[123.0184,-8.2814],[123.0206,-8.3156],[122.9645,-8.3519],[122.9138,-8.3285],[122.8784,-8.3844],[122.8876,-8.4486],[122.8602,-8.4527],[122.7831,-8.4229],[122.7902,-8.4843],[122.8321,-8.5178],[122.8435,-8.5469],[122.8194,-8.5965],[122.78,-8.6127],[122.7372,-8.6084],[122.7256,-8.6334],[122.6723,-8.6229],[122.6182,-8.6555],[122.5572,-8.6663],[122.5397,-8.7013],[122.51,-8.7182],[122.4212,-8.7445],[122.3688,-8.7528],[122.3123,-8.7407],[122.2798,-8.7547],[122.1148,-8.7297],[122.0311,-8.7952],[121.9246,-8.8316],[121.861,-8.8353],[121.81,-8.8726],[121.7371,-8.8768],[121.6704,-8.8484],[121.6624,-8.8902],[121.644,-8.9059],[121.6249,-8.8928],[121.641,-8.8396],[121.5836,-8.8014],[121.542,-8.8094],[121.388,-8.7892],[121.3705,-8.8126],[121.3613,-8.8874]]]]}},{"type":"Feature","properties":{"NAME_1":"Papua"},"geometry":{"type":"MultiPolygon","coordinates":[[[[138.8911,-8.013],[138.9127,-8.0763],[138.8336,-8.0685],[138.7944,-8.1395],[138.736,-8.1537],[138.7173,-8.1468],[138.7241,-8.1369],[138.6824,-8.1469],[138.671,-8.0989],[138.6827,-8.1479],[138.6151,-8.2495],[138.5351,-8.3047],[138.5108,-8.3061],[138.4914,-8.3465],[138.446,-8.3818],[138.3756,-8.4107],[138.2728,-8.4222],[138.2627,-8.3905],[138.2227,-8.3784],[138.0766,-8.3874],[137.8745,-8.3722],[137.6911,-8.4184],[137.661,-8.4475],[137.6427,-8.4309],[137.7065,-8.1722],[137.7666,-8.0704],[137.8157,-8.0383],[137.7992,-8.0176],[137.8048,-7.9857],[137.9069,-7.7868],[137.9695,-7.7329],[138.0216,-7.6326],[138.101,-7.5519],[138.2161,-7.4718],[138.3162,-7.4295],[138.625,-7.3682],[138.756,-7.3725],[138.844,-7.4159],[138.9259,-7.5345],[138.9011,-7.5249],[138.9046,-7.5485],[138.8804,-7.5503],[138.8723,-7.5819],[138.8815,-7.5503],[138.9115,-7.5689],[138.8978,-7.5563],[138.9021,-7.5259],[138.9857,-7.5574],[138.985,-7.571],[138.987,-7.5577],[139.0226,-7.5576],[139.0873,-7.5733],[139.03,-7.6508],[139.0263,-7.6982],[139.0053,-7.7242],[138.9799,-7.7202],[139.0046,-7.7251],[138.9905,-7.7608],[138.9943,-7.8497],[138.9095,-7.8898],[138.8933,-7.8683],[138.9135,-7.8849],[138.8922,-7.9082],[138.853,-7.8948],[138.8913,-7.9089],[138.896,-7.8972],[138.8903,-7.9256],[138.8715,-7.9265],[138.8908,-7.9261],[138.902,-7.9929],[138.8823,-8.0166],[138.84763482587064,-8.00988407960199],[138.8911,-8.013]],[[138.84763482587064,-8.00988407960199],[138.84763482587064,-8.00988407960199]],[[138.8473950413223,-8.009887768595041],[138.842,-7.9945],[138.8473950413223,-8.009887768595041]]],[[[138.9634,-8.2545],[138.9495,-8.2462],[138.9612,-8.2584],[138.9339,-8.2766],[138.9122,-8.269],[138.8555,-8.1847],[138.836,-8.1132],[138.8621,-8.0897],[138.9241,-8.0768],[138.9377,-8.0498],[138.9272,-8.0604],[138.9032,-8.0304],[138.9225,-7.9765],[138.9133,-7.92],[139.0179,-7.8541],[139.0473,-7.8607],[139.0185,-7.8528],[139.0146,-7.7654],[139.0562,-7.6893],[139.0753,-7.6853],[139.0563,-7.6877],[139.0624,-7.6423],[139.1065,-7.601],[139.1141,-7.6467],[139.0855,-7.6658],[139.0975,-7.6712],[139.102,-7.6477],[139.1247,-7.6595],[139.1124,-7.649],[139.1308,-7.6396],[139.1155,-7.6473],[139.1102,-7.6206],[139.1314,-7.6284],[139.1401,-7.6096],[139.1194,-7.616],[139.1103,-7.5719],[139.1238,-7.5846],[139.1128,-7.5698],[139.1324,-7.5586],[139.137,-7.5883],[139.1533,-7.5882],[139.1634,-7.611],[139.1344,-7.581],[139.1462,-7.5619],[139.134,-7.5609],[139.1353,-7.5387],[139.1513,-7.5303],[139.1474,-7.5138],[139.1738,-7.5052],[139.1785,-7.4818],[139.2067,-7.469],[139.1824,-7.4745],[139.1551,-7.5153],[139.144,-7.501],[139.1499,-7.5291],[139.1098,-7.5685],[139.0959,-7.5359],[139.0511,-7.5158],[138.9675,-7.5208],[138.9069,-7.3651],[138.8323,-7.3024],[138.8553,-7.29],[138.813,-7.2978],[138.7682,-7.2599],[138.6679,-7.2164],[138.6774,-7.1956],[138.8325,-7.2065],[138.8567,-7.1721],[138.8512,-7.1556],[138.7647,-7.1194],[138.6123,-7.0098],[138.5609,-6.9347],[138.5806,-6.9005],[138.6266,-6.8765],[138.6667,-6.883],[138.6766,-6.8672],[138.6728,-6.8326],[138.6235,-6.7857],[138.6106,-6.7497],[138.6254,-6.7319],[138.6735,-6.7243],[138.666,-6.6549],[138.6953,-6.6128],[138.4217,-6.3462],[138.4314,-6.3226],[138.3833,-6.1989],[138.3931,-6.163],[138.3106,-5.9931],[138.2529,-5.919],[138.2521,-5.8756],[138.2791,-5.859],[138.2781,-5.8414],[138.1746,-5.8193],[138.1564,-5.7756],[138.1755,-5.7426],[138.1669,-5.7214],[138.1303,-5.7197],[138.091,-5.7462],[138.0682,-5.728],[138.0431,-5.6161],[138.0842,-5.5253],[138.0069,-5.4981],[137.8739,-5.3571],[137.8098,-5.3796],[137.7684,-5.3594],[137.7307,-5.3692],[137.7211,-5.3471],[137.741,-5.2906],[137.6814,-5.2383],[137.683,-5.2199],[137.5653,-5.1816],[137.5504,-5.169],[137.5532,-5.1428],[137.5212,-5.1338],[137.4971,-5.1458],[137.444,-5.0973],[137.4186,-5.1247],[137.3065,-5.0128],[137.2815,-5.0238],[137.2154,-4.9808],[137.1798,-5.0077],[137.1228,-4.962],[137.0919,-4.9737],[137.0578,-4.9392],[137.0585,-4.9185],[136.9762,-4.939],[136.9247,-4.8964],[136.9253,-4.8564],[136.8303,-4.9134],[136.7902,-4.8879],[136.7884,-4.8645],[136.7422,-4.8721],[136.6961,-4.8408],[136.6431,-4.8332],[136.5407,-4.7879],[136.4874,-4.7391],[136.444,-4.7392],[136.3544,-4.6744],[136.3111,-4.6588],[136.2949,-4.6737],[136.2083,-4.659],[136.1114,-4.6213],[135.9048,-4.4869],[135.7185,-4.4973],[135.4091,-4.433],[135.1988,-4.4632],[135.0627,-4.3874],[135.0646,-4.3737],[135.0405,-4.3755],[135.022,-4.3447],[134.9552,-4.3231],[134.9117,-4.2666],[134.8699,-4.2518],[135.0263,-4.0753],[135.258,-3.7519],[134.6359,-3.5426],[134.7268,-3.4086],[134.7259,-3.3638],[134.7035,-3.3455],[134.5985,-2.4864],[134.6338,-2.48],[134.6522,-2.534],[134.6614,-2.8248],[134.6912,-2.8962],[134.6769,-2.9205],[134.6946,-2.9451],[134.6896,-2.9676],[134.7691,-2.9907],[134.7775,-2.9409],[134.7977,-2.9509],[134.8186,-2.9398],[134.8045,-2.9113],[134.8317,-2.9131],[134.8305,-2.8778],[134.8412,-2.8938],[134.853,-2.8863],[134.8497,-2.9539],[134.8315,-2.9683],[134.8529,-3.0016],[134.8129,-3.0222],[134.8103,-3.0629],[134.8287,-3.0935],[134.813,-3.0818],[134.8151,-3.1194],[134.8,-3.1314],[134.8316,-3.1251],[134.8622,-3.1588],[134.8511,-3.2065],[134.8613,-3.2272],[134.8725,-3.2062],[134.8751,-3.2252],[134.8608,-3.2499],[134.9345,-3.2717],[134.9168,-3.2442],[134.9556,-3.2449],[134.9497,-3.2233],[134.9603,-3.2252],[134.9452,-3.2843],[134.9723,-3.3159],[135.0105,-3.3391],[135.0698,-3.3346],[135.1128,-3.3818],[135.1664,-3.3708],[135.3358,-3.3961],[135.4207,-3.3658],[135.4721,-3.3726],[135.558,-3.3005],[135.5565,-3.2573],[135.6117,-3.1802],[135.6953,-3.1529],[135.7566,-3.1103],[135.7678,-3.0878],[135.7297,-3.0749],[135.7335,-3.0647],[135.796,-3.0522],[135.8268,-3.0136],[135.9216,-2.9645],[135.9349,-2.9047],[135.9253,-2.8839],[135.9106,-2.8945],[135.9058,-2.8682],[135.9348,-2.8506],[135.9613,-2.7971],[135.946,-2.7824],[135.9918,-2.7457],[136.0179,-2.6928],[136.0378,-2.6953],[136.0582,-2.6682],[136.1122,-2.6675],[136.2244,-2.6135],[136.2669,-2.5463],[136.2829,-2.4775],[136.2921,-2.4846],[136.2782,-2.4687],[136.2959,-2.4112],[136.3423,-2.373],[136.3395,-2.2637],[136.3936,-2.219],[136.4253,-2.2044],[136.4578,-2.2137],[136.5102,-2.1904],[136.5442,-2.2234],[136.588,-2.1901],[136.5759,-2.2189],[136.5902,-2.2484],[136.6733,-2.2612],[136.7117,-2.2279],[136.7576,-2.2788],[136.7487,-2.2643],[136.7708,-2.263],[136.7552,-2.2378],[136.7933,-2.2109],[136.8136,-2.2212],[136.808,-2.1746],[136.8367,-2.1728],[136.8418,-2.1956],[136.8745,-2.1756],[136.9119,-2.1786],[136.9447,-2.1396],[136.9423,-2.1217],[136.9769,-2.1327],[137.058,-2.0984],[137.1023,-2.111],[137.1545,-2.1031],[137.2319,-2.0447],[137.1897,-2.0005],[137.2164,-1.9813],[137.1915,-1.9447],[137.1561,-1.9318],[137.1436,-1.8983],[137.0892,-1.8516],[137.1023,-1.7931],[137.2036,-1.7468],[137.2416,-1.7514],[137.2467,-1.7358],[137.4018,-1.6556],[137.4767,-1.5976],[137.6814,-1.5049],[137.7399,-1.4974],[137.7436,-1.4769],[137.7769,-1.482],[137.838,-1.4619],[137.9018,-1.4719],[137.9319,-1.458],[137.9691,-1.5307],[137.9905,-1.5319],[138.0749,-1.6048],[138.1779,-1.6321],[138.373,-1.7202],[138.6604,-1.7908],[138.7381,-1.8535],[138.7513,-1.8466],[138.7484,-1.8667],[138.7899,-1.9203],[138.8639,-1.9657],[138.9054,-1.9542],[138.9922,-1.9728],[139.125,-2.0305],[139.2493,-2.1097],[139.3627,-2.1466],[139.7648,-2.3621],[139.8112,-2.3776],[140.0583,-2.3597],[140.1112,-2.3192],[140.1151,-2.3365],[140.1438,-2.3483],[140.1398,-2.3237],[140.1514,-2.3234],[140.1525,-2.37],[140.1893,-2.3803],[140.2319,-2.4217],[140.229,-2.4052],[140.2535,-2.4007],[140.2648,-2.4231],[140.2956,-2.4258],[140.3,-2.4435],[140.3369,-2.4489],[140.3356,-2.4649],[140.3544,-2.4459],[140.3674,-2.4612],[140.3732,-2.4497],[140.3758,-2.4301],[140.3564,-2.403],[140.3456,-2.4081],[140.3483,-2.3953],[140.4877,-2.4282],[140.4974,-2.4439],[140.5249,-2.4279],[140.5437,-2.4486],[140.5592,-2.4398],[140.597,-2.4551],[140.6132,-2.4396],[140.6342,-2.4683],[140.721,-2.491],[140.7483,-2.5343],[140.7309,-2.5182],[140.7067,-2.5387],[140.7171,-2.5917],[140.6953,-2.5733],[140.6863,-2.6134],[140.7061,-2.6285],[140.7378,-2.6273],[140.7111,-2.5953],[140.763,-2.6285],[140.7865,-2.6211],[140.789,-2.5955],[140.9159,-2.6236],[140.9259,-2.6108],[141,-2.6043],[141,-5.2944],[140.9239,-5.2825],[141,-5.2947],[141,-6.3133],[140.9582,-6.3258],[140.9663,-6.3595],[140.9405,-6.3781],[140.9579,-6.3867],[140.9409,-6.4134],[140.956,-6.4204],[140.9514,-6.4345],[140.9168,-6.4213],[140.9382,-6.4451],[140.9238,-6.4673],[140.9485,-6.4809],[140.922,-6.4887],[140.922,-6.553],[140.8894,-6.5606],[140.8896,-6.5756],[140.9071,-6.5687],[140.8902,-6.6043],[140.8837,-6.5918],[140.8405,-6.6116],[140.876,-6.6221],[140.8547,-6.6332],[140.87,-6.6772],[140.8453,-6.6813],[140.8452,-6.7188],[140.8854,-6.7406],[140.8581,-6.7806],[140.8871,-6.8131],[140.9034,-6.8069],[140.8842,-6.836],[140.9548,-6.9119],[140.9691,-6.8907],[140.9889,-6.9048],[141.0194,-6.8899],[141.0193,-7.329],[140.9939,-7.3297],[141.0008,-7.5751],[141.0193,-7.5735],[141.0192,-7.7654],[141.0059,-7.7681],[141.0191,-8.2988],[141.0086,-9.1181],[140.8998,-9.0897],[140.8418,-9.0377],[140.7672,-8.9477],[140.6001,-8.7942],[140.5293,-8.6876],[140.5029,-8.6152],[140.39,-8.5235],[140.3555,-8.4748],[140.2608,-8.4097],[140.2273,-8.3562],[140.1699,-8.3371],[140.0167,-8.2213],[139.9725,-8.1722],[139.9416,-8.1021],[139.7136,-8.098],[139.5844,-8.1299],[139.5802,-8.1442],[139.4566,-8.1935],[139.3398,-8.2059],[139.2782,-8.1768],[139.2259,-8.0962],[139.2081,-8.0972],[139.0671,-8.1361],[139.0681,-8.153],[138.9704,-8.2045],[138.9933,-8.2281],[138.9634,-8.2545]],[[139.20517960526314,-7.479692763157895],[139.20517960526314,-7.479692763157895]]],[[[137.5013,-5.2344],[137.5013,-5.2344]]],[[[140.9464,-6.8796],[140.9464,-6.8796]]],[[[138.0095,-5.5053],[138.0095,-5.5053]]],[[[137.7204,-5.2928],[137.7204,-5.2928]]],[[[137.7339,-5.2904],[137.7193,-5.288],[137.7339,-5.2904]]],[[[139.5827,-8.137],[139.5827,-8.137]]],[[[138.8379,-8.0907],[138.8379,-8.0907]]],[[[138.7913,-7.1637],[138.78,-7.1496],[138.8056,-7.1598],[138.7913,-7.1637]]],[[[138.9323,-7.8834],[138.9146,-7.8966],[138.9323,-7.8834]]],[[[138.942,-7.8821],[138.942,-7.8821]]],[[[138.9991,-7.7281],[138.9991,-7.7281]]],[[[138.7228,-7.1201],[138.7702,-7.1645],[138.7161,-7.1565],[138.7069,-7.1341],[138.7228,-7.1201]]],[[[139.4407,-8.2426],[139.4407,-8.2426]]],[[[138.6577,-8.2241],[138.6456,-8.2353],[138.6577,-8.2241]]],[[[138.697,-8.1534],[138.7146,-8.1607],[138.697,-8.1534]]],[[[138.5658,-8.3223],[138.5543,-8.3252],[138.5608,-8.3028],[138.5859,-8.2928],[138.5658,-8.3223]]],[[[138.9862,-8.2867],[138.9788,-8.2759],[138.9942,-8.2639],[138.9983,-8.2885],[138.9862,-8.2867]]],[[[138.97,-8.3625],[138.9265,-8.3613],[138.9207,-8.3292],[138.97,-8.3625]]],[[[138.8514,-8.342],[138.8611,-8.2869],[138.9141,-8.297],[138.9014,-8.3847],[138.803,-8.3841],[138.8468,-8.3793],[138.8514,-8.342]]],[[[138.85139999999973,-8.342000000000558],[138.8394,-8.3844],[138.7411,-8.3865],[138.5673,-8.3556],[138.5524,-8.3363],[138.5862,-8.2902],[138.6636,-8.235],[138.679,-8.1701],[138.7628,-8.1578],[138.7724,-8.1716],[138.7673,-8.154],[138.8147,-8.1379],[138.8229,-8.1479],[138.8096,-8.1603],[138.823,-8.149],[138.842,-8.1816],[138.8449,-8.2609],[138.8705,-8.2835],[138.8518,-8.305],[138.8363,-8.3018],[138.8492,-8.3059],[138.85139999999973,-8.342000000000558]]],[[[138.9754,-8.3341],[138.9526,-8.3417],[138.9307,-8.3167],[138.9754,-8.3341]]],[[[138.9971,-8.3031],[138.9717,-8.3299],[138.9353,-8.3084],[138.985,-8.2871],[138.9971,-8.3031]]],[[[138.901,-8.2802],[138.8853,-8.2885],[138.856,-8.2695],[138.901,-8.2802]]],[[[138.8585,-8.2664],[138.8466,-8.2573],[138.8585,-8.2664]]],[[[138.8489,-8.2547],[138.8512,-8.2051],[138.8867,-8.2386],[138.8912,-8.2667],[138.8489,-8.2547]]],[[[138.7575,-8.1451],[138.7452,-8.1538],[138.7575,-8.1451]]],[[[137.5226,-5.211],[137.5226,-5.211]]],[[[137.5141,-5.1777],[137.5085,-5.1977],[137.4971,-5.1832],[137.5141,-5.1777]]],[[[137.1908,-5.0334],[137.1965,-5.0449],[137.1799,-5.0277],[137.1908,-5.0334]]],[[[136.8116,-4.9032],[136.8234,-4.9109],[136.8116,-4.9032]]],[[[136.8028,-4.8967],[136.7899,-4.8949],[136.8028,-4.8967]]],[[[136.7871,-4.8872],[136.7871,-4.8872]]],[[[136.835,-4.9177],[136.835,-4.9177]]],[[[136.8814,-4.9103],[136.8814,-4.9103]]],[[[136.9189,-4.8765],[136.9189,-4.8765]]],[[[136.9235,-4.8622],[136.9235,-4.8622]]],[[[136.7004,-4.8569],[136.6895,-4.8548],[136.7004,-4.8569]]],[[[136.9208,-4.8592],[136.9208,-4.8592]]],[[[136.6831,-4.8469],[136.6831,-4.8469]]],[[[136.2979,-4.6723],[136.2979,-4.6723]]],[[[134.8653,-3.2438],[134.8653,-3.2438]]],[[[135.0825,-3.2145],[135.0825,-3.2145]]],[[[134.8922,-3.164],[134.8922,-3.164]]],[[[134.8911,-3.1626],[134.8911,-3.1626]]],[[[135.6595,-3.1538],[135.6595,-3.1538]]],[[[135.1577,-3.1023],[135.1577,-3.1023]]],[[[134.8358,-3.0944],[134.8358,-3.0944]]],[[[135.6264,-3.0996],[135.6264,-3.0996]]],[[[135.6014,-3.098],[135.6014,-3.098]]],[[[135.6063,-3.0954],[135.6063,-3.0954]]],[[[135.5476,-3.1041],[135.5476,-3.1041]]],[[[135.5879,-3.1041],[135.5879,-3.1041]]],[[[135.562,-3.0881],[135.562,-3.0881]]],[[[135.6179,-3.073],[135.6196,-3.0973],[135.6179,-3.073]]],[[[135.5789,-3.0925],[135.5917,-3.0723],[135.5789,-3.0925]]],[[[134.8395,-3.0615],[134.8395,-3.0615]]],[[[134.8409,-3.0561],[134.8409,-3.0561]]],[[[134.8628,-3.053],[134.8628,-3.053]]],[[[134.8275,-3.0265],[134.8275,-3.0265]]],[[[135.057,-3.0097],[135.057,-3.0097]]],[[[134.8568,-2.9905],[134.8568,-2.9905]]],[[[135.8746,-2.9896],[135.8746,-2.9896]]],[[[134.8438,-3.048],[134.8438,-3.048]]],[[[135.7938,-3.0374],[135.7731,-3.0577],[135.7701,-3.0454],[135.7938,-3.0374]]],[[[134.8617,-3.0494],[134.8617,-3.0494]]],[[[135.7973,-3.0436],[135.7973,-3.0436]]],[[[134.8575,-3.0411],[134.8575,-3.0411]]],[[[134.8353,-3.0265],[134.8411,-3.0492],[134.8353,-3.0265]]],[[[135.9045,-2.9773],[135.9045,-2.9773]]],[[[135.9072,-2.8892],[135.9052,-2.8764],[135.9072,-2.8892]]],[[[134.8246,-2.8794],[134.8246,-2.8794]]],[[[134.854,-2.8859],[134.854,-2.8859]]],[[[135.7766,-2.9372],[135.8068,-2.9424],[135.7449,-2.9605],[135.7567,-2.9653],[135.7315,-2.9827],[135.7096,-2.9725],[135.7306,-2.9411],[135.7766,-2.9372]]],[[[135.7336,-2.9346],[135.7336,-2.9346]]],[[[135.6906,-2.9407],[135.6725,-2.9414],[135.7373,-2.9141],[135.6906,-2.9407]]],[[[134.8343,-2.6858],[134.8629,-2.7087],[134.8373,-2.7248],[134.8028,-2.7102],[134.8082,-2.685],[134.8343,-2.6858]]],[[[140.7218,-2.6306],[140.7218,-2.6306]]],[[[140.7103,-2.5913],[140.7103,-2.5913]]],[[[140.7015,-2.5739],[140.7015,-2.5739]]],[[[140.7017,-2.5738],[140.7017,-2.5738]]],[[[140.7186,-2.5502],[140.7186,-2.5502]]],[[[140.7263,-2.5462],[140.7263,-2.5462]]],[[[140.6072,-2.4384],[140.6072,-2.4384]]],[[[136.6492,-2.2514],[136.6492,-2.2514]]],[[[136.7385,-2.2443],[136.7385,-2.2443]]],[[[139.5717,-2.2371],[139.5717,-2.2371]]],[[[136.264,-2.2292],[136.2488,-2.2296],[136.2606,-2.2149],[136.264,-2.2292]]],[[[139.5278,-2.2078],[139.5278,-2.2078]]],[[[136.9105,-2.177],[136.9105,-2.177]]],[[[139.5152,-2.1397],[139.507,-2.125],[139.5152,-2.1397]]],[[[136.7498,-2.2594],[136.7498,-2.2594]]],[[[136.7541,-2.2591],[136.7541,-2.2591]]],[[[136.7488,-2.2603],[136.7586,-2.25],[136.7488,-2.2603]]],[[[140.7178,-2.561],[140.7178,-2.561]]],[[[140.7187,-2.5599],[140.7187,-2.5599]]],[[[140.718,-2.5609],[140.718,-2.5609]]],[[[135.8921,-2.9891],[135.8921,-2.9891]]],[[[135.8924,-2.984],[135.8924,-2.984]]],[[[139.4736,-2.1157],[139.4736,-2.1157]]],[[[139.4536,-2.1199],[139.4536,-2.1199]]],[[[137.0388,-2.1075],[137.0388,-2.1075]]],[[[139.2388,-2.0355],[139.2388,-2.0355]]],[[[137.1843,-2.0071],[137.1973,-2.0199],[137.1718,-2.0048],[137.1843,-2.0071]]],[[[139.253,-2.0123],[139.2398,-2.005],[139.253,-2.0123]]],[[[139.1387,-2.0036],[139.1387,-2.0036]]],[[[137.2053,-1.9846],[137.2053,-1.9846]]],[[[137.1787,-1.9825],[137.1787,-1.9825]]],[[[137.2027,-1.9828],[137.2027,-1.9828]]],[[[136.389,-1.9759],[136.389,-1.9759]]],[[[136.3186,-1.9615],[136.3186,-1.9615]]],[[[136.3164,-1.9533],[136.3164,-1.9533]]],[[[139.0054,-1.9485],[139.0054,-1.9485]]],[[[137.1879,-1.9632],[137.1879,-1.9632]]],[[[136.375,-1.9585],[136.375,-1.9585]]],[[[136.362,-1.958],[136.362,-1.958]]],[[[136.3109,-1.9425],[136.3109,-1.9425]]],[[[139.0182,-1.9489],[139.0008,-1.9377],[139.0235,-1.933],[139.0182,-1.9489]]],[[[137.1959,-1.9768],[137.1959,-1.9768]]],[[[137.1955,-1.9738],[137.2142,-1.9812],[137.1955,-1.9738]]],[[[136.2608,-1.9204],[136.2608,-1.9204]]],[[[136.3618,-1.9255],[136.3618,-1.9255]]],[[[136.4078,-1.9153],[136.4078,-1.9153]]],[[[136.3695,-1.9208],[136.3695,-1.9208]]],[[[136.3815,-1.9207],[136.3815,-1.9207]]],[[[136.6201,-1.3352],[136.6201,-1.3352]]],[[[136.6145,-1.3162],[136.6145,-1.3162]]],[[[136.6918,-1.2963],[136.6918,-1.2963]]],[[[136.3141,-1.2876],[136.324,-1.2792],[136.3141,-1.2876]]],[[[136.6728,-1.2786],[136.6728,-1.2786]]],[[[136.6703,-1.2969],[136.6703,-1.2969]]],[[[136.3805,-1.2903],[136.3805,-1.2903]]],[[[136.3859,-1.2621],[136.3859,-1.2621]]],[[[136.6009,-1.2717],[136.6042,-1.3021],[136.5894,-1.2769],[136.6009,-1.2717]]],[[[136.6761,-1.2647],[136.6641,-1.2715],[136.6761,-1.2647]]],[[[136.694,-1.2201],[136.7088,-1.2165],[136.694,-1.2201]]],[[[134.7852,-1.0978],[134.7852,-1.0978]]],[[[136.6221,-1.1575],[136.6221,-1.1575]]],[[[136.606,-1.1743],[136.5927,-1.1626],[136.6012,-1.1348],[136.6198,-1.1507],[136.606,-1.1743]]],[[[136.3539,-1.2208],[136.3539,-1.2208]]],[[[136.6004,-1.2266],[136.58,-1.1941],[136.6088,-1.1979],[136.6143,-1.2204],[136.6004,-1.2266]]],[[[136.6982,-1.2513],[136.6982,-1.2513]]],[[[136.201,-1.2586],[136.188,-1.247],[136.1983,-1.2346],[136.2307,-1.2316],[136.201,-1.2586]]],[[[136.3145,-1.2578],[136.3145,-1.2578]]],[[[136.3779,-1.2605],[136.3674,-1.2476],[136.3779,-1.2605]]],[[[136.3846,-1.2527],[136.3846,-1.2527]]],[[[136.6122,-1.2532],[136.5961,-1.248],[136.6019,-1.2293],[136.6163,-1.236],[136.6122,-1.2532]]],[[[136.5394,-1.2378],[136.5,-1.231],[136.5394,-1.2378]]],[[[136.34,-1.228],[136.3013,-1.2446],[136.292,-1.235],[136.318,-1.218],[136.34,-1.228]]],[[[136.4489,-1.2292],[136.4479,-1.2403],[136.43,-1.2133],[136.4431,-1.1992],[136.4489,-1.2292]]],[[[135.4455,-0.8767],[135.4455,-0.8767]]],[[[135.5406,-0.8726],[135.5406,-0.8726]]],[[[135.4428,-0.8706],[135.4428,-0.8706]]],[[[135.5356,-0.8678],[135.5356,-0.8678]]],[[[135.4392,-0.8667],[135.4392,-0.8667]]],[[[135.53,-0.8629],[135.53,-0.8629]]],[[[135.5012,-0.832],[135.5012,-0.832]]],[[[135.4954,-0.8337],[135.4954,-0.8337]]],[[[135.492,-0.8273],[135.492,-0.8273]]],[[[135.5,-0.8274],[135.5,-0.8274]]],[[[135.4938,-0.8261],[135.4938,-0.8261]]],[[[135.4924,-0.826],[135.4924,-0.826]]],[[[135.4715,-0.8207],[135.4715,-0.8207]]],[[[135.4792,-0.8099],[135.4792,-0.8099]]],[[[135.5276,-0.8087],[135.5276,-0.8087]]],[[[135.5219,-0.7954],[135.5219,-0.7954]]],[[[135.7266,-0.7773],[135.7266,-0.7773]]],[[[135.4232,-0.7592],[135.4232,-0.7592]]],[[[135.4744,-0.7502],[135.4744,-0.7502]]],[[[135.48,-0.7492],[135.48,-0.7492]]],[[[135.4736,-0.7501],[135.4736,-0.7501]]],[[[135.4743,-0.7496],[135.4743,-0.7496]]],[[[135.5412,-0.8015],[135.5412,-0.8015]]],[[[135.5286,-0.8021],[135.5286,-0.8021]]],[[[135.5231,-0.8003],[135.5231,-0.8003]]],[[[134.9492,-1.0322],[134.9393,-1.0286],[134.9492,-1.0322]]],[[[134.8648,-1.1305],[134.8568,-1.1368],[134.8358,-1.1047],[134.8442,-1.087],[134.8272,-1.0854],[134.795,-1.0323],[134.7929,-1.0037],[134.8103,-0.9821],[134.7926,-0.9811],[134.8448,-0.9312],[134.9012,-0.9413],[134.9442,-0.97],[134.9415,-1.0398],[134.9211,-1.0518],[134.9241,-1.0752],[134.961,-1.0482],[134.954,-1.0267],[134.9726,-1.0111],[134.986,-1.0358],[134.9523,-1.1276],[134.8903,-1.1407],[134.8648,-1.1305]]],[[[134.9417,-1.018],[134.9417,-1.018]]],[[[134.9476,-1.0247],[134.9512,-1.0135],[134.9476,-1.0247]]],[[[134.9477,-1.0122],[134.9477,-1.0122]]],[[[134.7893,-0.9961],[134.7893,-0.9961]]],[[[135.507,-0.9587],[135.4936,-0.9648],[135.4903,-0.929],[135.507,-0.9587]]],[[[135.2638,-0.4101],[135.2697,-0.3923],[135.2782,-0.4074],[135.2638,-0.4101]]],[[[134.3005,0.8134],[134.3039,0.8444],[134.3005,0.8134]]],[[[134.3412,0.9182],[134.3229,0.9071],[134.3377,0.9302],[134.3412,0.9182]]],[[[134.2995,0.9344],[134.2995,0.9344]]],[[[136.1498,-1.1988],[136.0747,-1.1858],[136.0382,-1.1486],[136.0013,-1.1423],[135.9416,-1.1416],[135.906,-1.178],[135.8578,-1.1666],[135.802,-1.0978],[135.8205,-1.0853],[135.8255,-1.0318],[135.7876,-0.9655],[135.7554,-0.8374],[135.737,-0.8065],[135.7087,-0.8032],[135.7295,-0.7753],[135.6428,-0.8871],[135.4677,-0.745],[135.4973,-0.8107],[135.5129,-0.7894],[135.5257,-0.8315],[135.5421,-0.8387],[135.538,-0.8718],[135.5083,-0.8461],[135.5103,-0.8274],[135.4833,-0.8152],[135.4902,-0.8052],[135.3937,-0.7229],[135.3636,-0.6304],[135.3918,-0.6203],[135.4117,-0.6512],[135.4472,-0.6414],[135.4436,-0.6592],[135.4632,-0.6462],[135.5348,-0.6745],[135.5507,-0.657],[135.5905,-0.6637],[135.5948,-0.7027],[135.6434,-0.6627],[135.6777,-0.6877],[135.6852,-0.7198],[135.7187,-0.7087],[135.7487,-0.7406],[135.8064,-0.6857],[135.854,-0.7002],[135.9248,-0.7902],[135.9418,-0.7875],[136.0293,-0.8371],[136.0356,-0.8592],[136.0509,-0.8563],[136.04,-0.8957],[136.0604,-0.8871],[136.0915,-0.9172],[136.0991,-0.9606],[136.1522,-0.9963],[136.1725,-1.0442],[136.2574,-1.0175],[136.2899,-1.0299],[136.2963,-1.055],[136.3237,-1.0741],[136.3604,-1.0634],[136.3863,-1.0733],[136.3141,-1.1408],[136.1498,-1.1988]]],[[[135.3948,-0.7265],[135.3948,-0.7265]]],[[[135.5906,-0.6606],[135.5906,-0.6606]]],[[[135.4474,-0.6538],[135.4474,-0.6538]]],[[[135.5293,-0.6546],[135.526,-0.6424],[135.5293,-0.6546]]],[[[135.4448,-0.6415],[135.4448,-0.6415]]],[[[135.4458,-0.6355],[135.4458,-0.6355]]],[[[135.4982,-0.6363],[135.4982,-0.6363]]],[[[135.4897,-0.6384],[135.4813,-0.629],[135.4897,-0.6384]]],[[[135.4465,-0.6343],[135.4465,-0.6343]]],[[[136.6028,-1.3231],[136.6033,-1.3027],[136.6028,-1.3231]]],[[[136.2044,-1.3085],[136.2044,-1.3085]]],[[[136.2171,-1.3053],[136.2171,-1.3053]]],[[[136.3739,-1.3045],[136.3739,-1.3045]]],[[[136.4108,-1.2877],[136.4134,-1.3094],[136.4223,-1.268],[136.4108,-1.2877]]],[[[138.9634,-8.2545],[138.9963,-8.2327],[138.9795,-8.2875],[138.9513,-8.296],[138.951,-8.2789],[138.9338,-8.3028],[138.9251,-8.2778],[138.9634,-8.2545]]],[[[140.71013225806453,-2.598525806451551],[140.71013225806453,-2.598525806451551]]],[[[136.517,-1.8965],[136.517,-1.8965]]],[[[136.4686,-1.8965],[136.4686,-1.8965]]],[[[136.4119,-1.8952],[136.4119,-1.8952]]],[[[136.3577,-1.9021],[136.3577,-1.9021]]],[[[136.3552,-1.9029],[136.3552,-1.9029]]],[[[136.3179,-1.9002],[136.3179,-1.9002]]],[[[136.3534,-1.9009],[136.3534,-1.9009]]],[[[135.8004,-1.8809],[135.8004,-1.8809]]],[[[136.3345,-1.873],[136.3345,-1.873]]],[[[136.3438,-1.876],[136.3552,-1.876],[136.3438,-1.876]]],[[[138.7622,-1.8681],[138.7622,-1.8681]]],[[[138.7461,-1.8315],[138.7461,-1.8315]]],[[[135.7726,-1.7797],[135.7726,-1.7797]]],[[[135.8686,-1.7708],[135.8686,-1.7708]]],[[[135.8177,-1.7904],[135.818,-1.8158],[135.7967,-1.8131],[135.799,-1.7889],[135.8177,-1.7904]]],[[[135.9371,-1.8011],[135.9371,-1.8011]]],[[[135.9206,-1.7875],[135.9206,-1.7875]]],[[[137.1042,-1.8693],[137.1121,-1.8765],[137.0924,-1.8941],[137.088,-1.8559],[137.1042,-1.8693]]],[[[137.0521,-1.87],[136.9504,-1.8365],[137.0287,-1.8317],[137.0521,-1.87]]],[[[135.809,-1.8966],[135.809,-1.8966]]],[[[136.3327,-1.8955],[136.325,-1.9019],[136.3327,-1.8955]]],[[[136.3681,-1.8914],[136.3586,-1.9037],[136.3681,-1.8914]]],[[[136.3299,-1.8914],[136.3299,-1.8914]]],[[[135.8244,-1.8829],[135.8244,-1.8829]]],[[[136.3343,-1.8903],[136.3343,-1.8903]]],[[[136.36,-1.9585],[136.3309,-1.9355],[136.3426,-1.9326],[136.328,-1.9044],[136.3415,-1.92],[136.3578,-1.9054],[136.36,-1.9585]]],[[[136.3848,-1.9116],[136.3848,-1.9116]]],[[[136.3414,-1.9074],[136.3414,-1.9074]]],[[[136.3666,-1.9075],[136.3666,-1.9075]]],[[[136.3751,-1.9085],[136.3751,-1.9085]]],[[[136.405,-1.9067],[136.3995,-1.9198],[136.3825,-1.9139],[136.405,-1.9067]]],[[[136.2956,-1.9176],[136.293,-1.9397],[136.2822,-1.8854],[136.2956,-1.9176]]],[[[135.8122,-1.7417],[135.792,-1.7492],[135.8122,-1.7417]]],[[[135.7885,-1.7573],[135.7885,-1.7573]]],[[[135.6895,-1.7092],[135.6809,-1.7146],[135.6895,-1.7092]]],[[[135.7894,-1.7671],[135.7658,-1.7725],[135.7705,-1.7601],[135.7894,-1.7671]]],[[[135.8832,-1.7656],[135.8832,-1.7656]]],[[[135.8117,-1.7682],[135.8117,-1.7682]]],[[[135.836,-1.7668],[135.836,-1.7668]]],[[[135.8293,-1.7647],[135.8293,-1.7647]]],[[[138.8031,-1.6666],[138.7974,-1.7068],[138.79,-1.673],[138.8031,-1.6666]]],[[[138.7737,-1.6453],[138.7737,-1.6453]]],[[[138.7404,-1.5979],[138.748,-1.6247],[138.7093,-1.6054],[138.717,-1.58],[138.7404,-1.5979]]],[[[135.3553,-1.485],[135.3553,-1.485]]],[[[135.0195,-1.4849],[135.0195,-1.4849]]],[[[135.0136,-1.4784],[135.0136,-1.4784]]],[[[135.0106,-1.4763],[135.0106,-1.4763]]],[[[135.0091,-1.4731],[135.0091,-1.4731]]],[[[135.008,-1.4714],[135.008,-1.4714]]],[[[135.1643,-1.4736],[135.1643,-1.4736]]],[[[135.0115,-1.4709],[135.0115,-1.4709]]],[[[135.0997,-1.4695],[135.0997,-1.4695]]],[[[135.1,-1.466],[135.1,-1.466]]],[[[135.83,-1.5264],[135.83,-1.5264]]],[[[135.7863,-1.5212],[135.7863,-1.5212]]],[[[135.3477,-1.5099],[135.3367,-1.5131],[135.3477,-1.5099]]],[[[135.3619,-1.5084],[135.3619,-1.5084]]],[[[135.3651,-1.5071],[135.3694,-1.4972],[135.3651,-1.5071]]],[[[135.1253,-1.4732],[135.1561,-1.4906],[135.2157,-1.4744],[135.2063,-1.4994],[135.2217,-1.508],[135.2456,-1.4843],[135.2535,-1.5218],[135.2615,-1.4788],[135.2712,-1.4908],[135.2973,-1.4747],[135.3109,-1.496],[135.3374,-1.4832],[135.3254,-1.5095],[135.299,-1.5193],[135.2064,-1.5281],[135.1862,-1.5123],[135.1757,-1.5242],[135.092,-1.5026],[135.1144,-1.4653],[135.1253,-1.4732]]],[[[135.6672,-1.7021],[135.6672,-1.7021]]],[[[135.7322,-1.697],[135.7322,-1.697]]],[[[135.6087,-1.6964],[135.6087,-1.6964]]],[[[136.1096,-1.8467],[136.0716,-1.8498],[136.0252,-1.8192],[135.9783,-1.8169],[135.9115,-1.7547],[135.8994,-1.7881],[135.8692,-1.7404],[135.8515,-1.7425],[135.8723,-1.7573],[135.8648,-1.7681],[135.8459,-1.7463],[135.8317,-1.7617],[135.8213,-1.7349],[135.7625,-1.7487],[135.7897,-1.7197],[135.7611,-1.7067],[135.752,-1.7215],[135.7323,-1.688],[135.673,-1.7066],[135.6664,-1.6922],[135.6463,-1.6942],[135.6513,-1.684],[135.6285,-1.6967],[135.6077,-1.6811],[135.5783,-1.6873],[135.5535,-1.6625],[135.5187,-1.6866],[135.5219,-1.6605],[135.5136,-1.6866],[135.4742,-1.6803],[135.4677,-1.6389],[135.4489,-1.6429],[135.4437,-1.6128],[135.4104,-1.6018],[135.474,-1.5986],[135.6258,-1.626],[135.6888,-1.62],[135.6926,-1.6346],[135.786,-1.6264],[135.8473,-1.6387],[135.8358,-1.6582],[135.8506,-1.6628],[135.899,-1.6352],[136.0523,-1.6596],[136.2033,-1.6484],[136.3686,-1.7171],[136.4098,-1.7201],[136.4462,-1.6982],[136.5851,-1.7292],[136.7888,-1.7401],[136.9038,-1.7922],[136.8492,-1.8274],[136.8014,-1.8128],[136.7605,-1.8263],[136.7182,-1.816],[136.6971,-1.8238],[136.7068,-1.8434],[136.6877,-1.8339],[136.6282,-1.8731],[136.6186,-1.8624],[136.5357,-1.8695],[136.5029,-1.8495],[136.5483,-1.8896],[136.5367,-1.8993],[136.4987,-1.8796],[136.4672,-1.8952],[136.4118,-1.8733],[136.3983,-1.8882],[136.3429,-1.8604],[136.2756,-1.8828],[136.2591,-1.9136],[136.2495,-1.8859],[136.2233,-1.9083],[136.2265,-1.8844],[136.1979,-1.855],[136.1898,-1.8751],[136.1942,-1.8598],[136.1724,-1.8745],[136.1096,-1.8467]]],[[[135.6037,-1.6962],[135.6037,-1.6962]]],[[[135.5877,-1.6899],[135.5877,-1.6899]]],[[[135.5839,-1.6881],[135.5839,-1.6881]]],[[[135.4712,-1.6684],[135.4712,-1.6684]]],[[[135.4692,-1.6604],[135.4692,-1.6604]]],[[[135.8703,-1.6425],[135.8703,-1.6425]]],[[[135.8179,-1.6336],[135.8179,-1.6336]]]]}},{"type":"Feature","properties":{"NAME_1":"PapuaBarat"},"geometry":{"type":"MultiPolygon","coordinates":[[[[132.9052,-4.1295],[132.9052,-4.1295]]],[[[132.9732,-4.0846],[132.9732,-4.0846]]],[[[133.166,-4.0531],[133.1377,-4.0792],[133.0012,-4.0608],[132.9642,-4.0804],[132.9435,-4.1235],[132.8655,-4.0895],[132.8771,-4.0568],[132.8493,-4.0198],[132.8487,-3.9682],[132.8276,-3.9684],[132.8116,-3.9433],[132.8207,-3.9221],[132.851,-3.9647],[132.8497,-3.933],[132.799,-3.8379],[132.7839,-3.8339],[132.7877,-3.7964],[132.7363,-3.6926],[132.731,-3.6425],[132.7538,-3.6327],[132.8961,-3.6507],[132.9099,-3.5848],[132.9456,-3.5614],[132.9126,-3.5535],[132.9272,-3.5423],[132.9052,-3.5376],[132.8883,-3.4915],[132.902,-3.4701],[132.8585,-3.4831],[132.8201,-3.4539],[132.8038,-3.3653],[132.8459,-3.3044],[132.8133,-3.2988],[132.8037,-3.2865],[132.8151,-3.2696],[132.7901,-3.2685],[132.8,-3.2778],[132.7894,-3.2822],[132.7761,-3.2635],[132.7322,-3.2858],[132.7305,-3.343],[132.6684,-3.3224],[132.6421,-3.2711],[132.5988,-3.2349],[132.6416,-3.2238],[132.6407,-3.1883],[132.5589,-3.157],[132.5556,-3.137],[132.5771,-3.1374],[132.5603,-3.1115],[132.4225,-2.9969],[132.3519,-2.9689],[132.3535,-2.941],[132.346,-2.9525],[132.3234,-2.9449],[132.3144,-2.9232],[132.3092,-2.9358],[132.2709,-2.934],[132.2073,-2.9114],[132.2024,-2.9335],[132.1844,-2.9223],[132.1458,-2.946],[132.1051,-2.932],[132.1188,-2.954],[132.0866,-2.9631],[132.0593,-2.8905],[132.047,-2.9271],[132.0316,-2.9014],[132.0022,-2.8991],[132.0016,-2.8785],[132.0317,-2.8758],[132.0228,-2.8541],[132.0392,-2.8398],[132.0084,-2.8363],[132.0058,-2.8202],[132.0686,-2.7913],[132.0399,-2.7722],[132.0038,-2.7814],[131.9996,-2.7584],[132.0514,-2.7317],[132.0672,-2.7515],[132.0735,-2.7277],[132.0982,-2.7487],[132.1094,-2.7354],[132.0895,-2.7218],[132.0984,-2.709],[132.1228,-2.7272],[132.13,-2.7122],[132.1462,-2.7238],[132.2079,-2.7027],[132.1352,-2.6883],[132.1134,-2.6971],[132.143,-2.6664],[132.323,-2.6613],[132.3951,-2.6896],[132.4402,-2.6796],[132.4206,-2.7003],[132.4584,-2.7157],[132.4356,-2.74],[132.4692,-2.7116],[132.4965,-2.7111],[132.4713,-2.6935],[132.4884,-2.6834],[132.5889,-2.6954],[132.6418,-2.7284],[132.6967,-2.7918],[132.7441,-2.8062],[132.7922,-2.7861],[132.9075,-2.676],[133.0407,-2.515],[133.0506,-2.5213],[133.0401,-2.5134],[133.0557,-2.4896],[133.1291,-2.4383],[133.1955,-2.432],[133.2206,-2.413],[133.3203,-2.4516],[133.3848,-2.5141],[133.3875,-2.5476],[133.4123,-2.547],[133.431,-2.5067],[133.4479,-2.5033],[133.4586,-2.5546],[133.4161,-2.545],[133.468,-2.558],[133.4843,-2.507],[133.5223,-2.5795],[133.5465,-2.5496],[133.5883,-2.5687],[133.6445,-2.5344],[133.7025,-2.5672],[133.7075,-2.5028],[133.8017,-2.5104],[133.7923,-2.4771],[133.756,-2.4709],[133.746,-2.4266],[133.8372,-2.4119],[133.8775,-2.3861],[134.0009,-2.3932],[133.8967,-2.3771],[133.8607,-2.3331],[133.8743,-2.3126],[133.9473,-2.3004],[133.9646,-2.2379],[133.9554,-2.1709],[133.9343,-2.3013],[133.8875,-2.2964],[133.8712,-2.2783],[133.8291,-2.2919],[133.7795,-2.2398],[133.8645,-2.2023],[133.8889,-2.1484],[133.9145,-2.1434],[133.94,-2.1115],[133.9395,-2.0924],[133.8883,-2.1092],[133.8579,-2.0972],[133.8344,-2.1358],[133.7737,-2.1677],[133.7312,-2.1562],[133.7091,-2.1979],[133.6801,-2.1981],[133.6379,-2.2329],[133.6233,-2.2168],[133.5915,-2.2223],[133.6,-2.1764],[133.5728,-2.2206],[133.5316,-2.2374],[133.4318,-2.2263],[133.4136,-2.2072],[133.3145,-2.2144],[133.2862,-2.1923],[133.2309,-2.215],[133.224,-2.1992],[133.1798,-2.194],[133.0979,-2.2331],[133.0393,-2.2365],[132.9678,-2.2924],[132.9012,-2.2783],[132.8383,-2.2402],[132.7649,-2.2567],[132.7157,-2.2991],[132.6354,-2.2765],[132.6106,-2.2075],[132.5771,-2.1881],[132.5124,-2.1976],[132.3761,-2.2658],[132.316,-2.2801],[132.2234,-2.1772],[132.1815,-2.1468],[132.1443,-2.1472],[132.0661,-2.0923],[132.0488,-2.0621],[132.0399,-2.073],[132.0437,-2.0523],[132.096,-2.0198],[132.0417,-2.0233],[131.971,-1.9684],[131.9913,-1.9276],[131.9596,-1.9222],[131.9259,-1.8681],[131.9616,-1.8277],[131.9501,-1.8447],[131.9243,-1.8139],[132.0412,-1.7171],[132.0102,-1.6989],[132.0004,-1.6704],[131.9833,-1.7025],[131.9102,-1.7191],[131.8844,-1.637],[131.9047,-1.5951],[131.9556,-1.5566],[131.8456,-1.5838],[131.8046,-1.6149],[131.7693,-1.5724],[131.7238,-1.584],[131.6823,-1.5484],[131.6609,-1.5609],[131.4869,-1.4862],[131.4437,-1.5151],[131.3795,-1.4593],[131.4293,-1.4232],[131.4019,-1.4316],[131.3755,-1.4125],[131.354,-1.3642],[131.3128,-1.4119],[131.339,-1.4543],[131.3219,-1.4858],[131.2114,-1.5365],[131.1629,-1.4681],[131.0931,-1.4489],[130.9933,-1.4646],[130.9337,-1.44],[130.9955,-1.3862],[131.0499,-1.261],[131.0835,-1.2401],[131.121,-1.2488],[131.1737,-1.2295],[131.2144,-1.1509],[131.2413,-1.0387],[131.2767,-0.9935],[131.2649,-0.9804],[131.2767,-0.9776],[131.2682,-0.9205],[131.3011,-0.9217],[131.2859,-0.8969],[131.242,-0.8765],[131.2476,-0.8514],[131.2253,-0.8214],[131.3599,-0.7801],[131.4018,-0.7819],[131.4126,-0.7652],[131.4987,-0.7394],[131.5402,-0.7421],[131.5186,-0.7748],[131.6155,-0.7411],[131.8176,-0.7154],[131.8847,-0.6779],[131.9136,-0.6249],[131.9835,-0.5649],[132.0591,-0.5364],[132.0786,-0.4829],[132.1622,-0.425],[132.2442,-0.4005],[132.2575,-0.3795],[132.3441,-0.3776],[132.4092,-0.3447],[132.6914,-0.3664],[132.7099,-0.3569],[132.7137,-0.3738],[132.8801,-0.4478],[132.962,-0.4405],[132.9619,-0.4745],[133.0024,-0.4816],[133.0162,-0.5295],[133.0246,-0.5132],[133.0815,-0.5172],[133.0961,-0.5455],[133.1516,-0.5462],[133.1628,-0.5722],[133.2259,-0.6003],[133.3215,-0.6986],[133.3927,-0.7408],[133.5506,-0.747],[133.5714,-0.72],[133.7196,-0.7507],[133.7379,-0.7315],[133.7299,-0.722],[133.7544,-0.7178],[133.7953,-0.7249],[133.813,-0.7475],[133.8767,-0.7138],[133.9327,-0.7331],[133.9502,-0.7138],[133.9775,-0.7236],[134.0322,-0.797],[134.0826,-0.8135],[134.1367,-0.8639],[134.1205,-0.8803],[134.0893,-0.8788],[134.069,-0.8586],[134.0692,-0.8758],[134.0501,-0.8693],[134.0442,-0.9248],[134.0208,-0.9291],[134.0103,-0.9572],[134.0709,-1.0211],[134.0735,-1.0692],[134.1057,-1.1264],[134.2006,-1.207],[134.2797,-1.3446],[134.2467,-1.3526],[134.2154,-1.4062],[134.1987,-1.4538],[134.2115,-1.4996],[134.1989,-1.548],[134.121,-1.6363],[134.0697,-1.6564],[134.1001,-1.7669],[134.1017,-1.8621],[134.1216,-1.8643],[134.1345,-1.9568],[134.1537,-1.966],[134.1384,-1.9664],[134.1317,-2.0309],[134.1042,-2.0529],[134.1069,-2.1008],[134.1235,-2.1693],[134.1454,-2.1587],[134.1389,-2.239],[134.1574,-2.2474],[134.1764,-2.3554],[134.2045,-2.3826],[134.2156,-2.4238],[134.2448,-2.4429],[134.2624,-2.4356],[134.2766,-2.469],[134.2649,-2.481],[134.3195,-2.5092],[134.287,-2.5222],[134.312,-2.519],[134.3216,-2.5323],[134.3113,-2.5368],[134.3408,-2.5551],[134.3417,-2.5787],[134.3202,-2.591],[134.3351,-2.5883],[134.3605,-2.6211],[134.3509,-2.6297],[134.3755,-2.6475],[134.3677,-2.6697],[134.4084,-2.723],[134.4074,-2.7704],[134.4565,-2.8146],[134.4439,-2.8496],[134.4556,-2.8671],[134.4948,-2.8673],[134.4881,-2.8522],[134.5107,-2.8429],[134.521,-2.7974],[134.5027,-2.7587],[134.4935,-2.6626],[134.4741,-2.6462],[134.4596,-2.594],[134.4595,-2.5521],[134.5119,-2.4861],[134.5676,-2.4876],[134.5129,-2.4775],[134.5511,-2.4749],[134.5307,-2.452],[134.5666,-2.4591],[134.5988,-2.4891],[134.7035,-3.3455],[134.7259,-3.3638],[134.7268,-3.4086],[134.6359,-3.5426],[135.258,-3.7519],[135.0021,-4.1058],[134.8571,-4.2543],[134.8117,-4.2527],[134.7594,-4.2065],[134.7194,-4.1983],[134.7063,-4.1378],[134.6485,-4.1347],[134.622,-4.1183],[134.6521,-4.0743],[134.7189,-4.0564],[134.6819,-4.0535],[134.6652,-4.0363],[134.6576,-3.9799],[134.7614,-3.9304],[134.8565,-3.9481],[134.8643,-3.9792],[134.9459,-3.9788],[134.9688,-3.9506],[134.9099,-3.9597],[134.9074,-3.9446],[134.931,-3.9315],[134.885,-3.9294],[134.8737,-3.9475],[134.7661,-3.9135],[134.7361,-3.9361],[134.6727,-3.9172],[134.625,-3.9498],[134.6055,-3.9962],[134.5736,-3.9971],[134.5462,-4.0327],[134.5111,-4.0414],[134.496,-4.025],[134.5039,-4.0136],[134.4512,-3.9821],[134.4753,-3.9821],[134.4772,-3.9657],[134.4405,-3.9167],[134.4034,-3.9183],[134.3352,-3.8775],[134.3211,-3.8831],[134.3623,-3.9151],[134.346,-3.911],[134.3532,-3.964],[134.3235,-3.9633],[134.2715,-3.9324],[134.3352,-4.0184],[134.3176,-4.0428],[134.2929,-4.0434],[134.2802,-4.0031],[134.2447,-3.9683],[134.2432,-3.9806],[134.2152,-3.9705],[134.1655,-3.9238],[134.1688,-3.8925],[134.1611,-3.9046],[134.1044,-3.8982],[134.1946,-3.8311],[134.1819,-3.828],[134.1775,-3.777],[134.1613,-3.7818],[134.145,-3.7473],[134.0762,-3.6999],[134.0594,-3.6691],[134.097,-3.5867],[134.0668,-3.5656],[134.0535,-3.5314],[134.063,-3.4973],[134.052,-3.5314],[134.0648,-3.5664],[134.0952,-3.5869],[134.0574,-3.6705],[134.0755,-3.7015],[134.1401,-3.7461],[134.132,-3.7641],[134.1183,-3.7485],[134.1038,-3.7678],[134.1208,-3.7916],[134.0651,-3.8235],[134.0432,-3.7852],[133.9895,-3.8247],[133.9645,-3.8639],[133.9165,-3.7846],[133.9213,-3.7557],[133.9462,-3.7763],[133.9191,-3.7479],[133.9093,-3.7009],[133.8468,-3.6384],[133.8399,-3.5595],[133.7892,-3.6182],[133.8179,-3.7307],[133.7552,-3.6496],[133.6956,-3.6747],[133.7064,-3.59],[133.6283,-3.4822],[133.6422,-3.4525],[133.6691,-3.4493],[133.7029,-3.4099],[133.6731,-3.3231],[133.672,-3.2448],[133.709,-3.2128],[133.7058,-3.1743],[133.7785,-3.1749],[133.7784,-3.1189],[133.8107,-3.1207],[133.8353,-3.0934],[133.8449,-3.0236],[133.9023,-3.0871],[133.8964,-3.1133],[133.8974,-3.1013],[133.9227,-3.1047],[133.8976,-3.1001],[133.9039,-3.0872],[133.9519,-3.0801],[133.9707,-3.0623],[133.9506,-3.079],[133.8971,-3.0765],[133.8682,-3.0285],[133.8618,-2.9673],[133.8789,-2.9529],[133.8007,-3.0142],[133.7994,-3.0304],[133.6992,-3.0273],[133.758,-3.0327],[133.7301,-3.0438],[133.6731,-3.1255],[133.6578,-3.1228],[133.6778,-3.2127],[133.656,-3.236],[133.6712,-3.3437],[133.6427,-3.4151],[133.569,-3.4325],[133.5489,-3.411],[133.5596,-3.4335],[133.5463,-3.4427],[133.4667,-3.4069],[133.5558,-3.4603],[133.6022,-3.5313],[133.5873,-3.5744],[133.496,-3.6218],[133.5146,-3.5315],[133.4953,-3.5646],[133.4589,-3.5466],[133.4351,-3.5116],[133.3985,-3.5073],[133.4486,-3.5453],[133.3542,-3.5491],[133.2847,-3.5322],[133.3513,-3.5528],[133.455,-3.5484],[133.491,-3.5638],[133.5005,-3.5889],[133.4799,-3.6067],[133.4955,-3.6279],[133.4598,-3.6744],[133.4139,-3.7003],[133.399,-3.7429],[133.4193,-3.8015],[133.4582,-3.8253],[133.466,-3.8584],[133.3908,-3.8805],[133.3323,-3.8584],[133.3333,-3.8425],[133.3258,-3.8673],[133.4193,-3.8824],[133.4087,-3.91],[133.3208,-4.0102],[133.2314,-3.9984],[133.166,-4.0531]]],[[[133.3823,-4.1375],[133.4347,-4.185],[133.4885,-4.2013],[133.4933,-4.2321],[133.4743,-4.2511],[133.4229,-4.2535],[133.4075,-4.2134],[133.3463,-4.1789],[133.3455,-4.0992],[133.3791,-4.1087],[133.3823,-4.1375]]],[[[133.6355,-3.4737],[133.6355,-3.4737]]],[[[133.6249,-3.4567],[133.6015,-3.4345],[133.6159,-3.4222],[133.6338,-3.4329],[133.6249,-3.4567]]],[[[133.6721,-3.4407],[133.6824,-3.4339],[133.6721,-3.4407]]],[[[133.7694,-3.1204],[133.7694,-3.1204]]],[[[132.7609,-3.4662],[132.7594,-3.4896],[132.7495,-3.4772],[132.7609,-3.4662]]],[[[132.8131,-3.3072],[132.8058,-3.3162],[132.8131,-3.3072]]],[[[133.8004,-3.1082],[133.7674,-3.0797],[133.7741,-3.0549],[133.8004,-3.1082]]],[[[133.6032,-2.5444],[133.5836,-2.5646],[133.5992,-2.5412],[133.62,-2.5395],[133.6032,-2.5444]]],[[[133.6529,-2.5005],[133.6824,-2.5005],[133.6935,-2.5416],[133.6602,-2.5237],[133.6529,-2.5005]]],[[[132.7671,-3.5369],[132.7523,-3.5286],[132.7623,-3.501],[132.7671,-3.5369]]],[[[132.7004,-3.4572],[132.727,-3.4912],[132.7148,-3.5161],[132.6813,-3.4972],[132.6833,-3.4568],[132.6388,-3.4353],[132.634,-3.4092],[132.6661,-3.4103],[132.7004,-3.4572]]],[[[132.4777,-3.1124],[132.5462,-3.1419],[132.5463,-3.1539],[132.4787,-3.1368],[132.4406,-3.1022],[132.4777,-3.1124]]],[[[132.2119,-2.9766],[132.2515,-2.9722],[132.3215,-2.9961],[132.1718,-2.9721],[132.2119,-2.9766]]],[[[132.1135,-2.9728],[132.1409,-2.9725],[132.1135,-2.9728]]],[[[132.1209,-2.9424],[132.1209,-2.9424]]],[[[132.006,-2.9489],[132.006,-2.9489]]],[[[132.4879,-2.671],[132.4879,-2.671]]],[[[132.4368,-2.6182],[132.4368,-2.6182]]],[[[132.5738,-2.6486],[132.5396,-2.6498],[132.5738,-2.6486]]],[[[132.4462,-2.6512],[132.4462,-2.6512]]],[[[132.5037,-2.6367],[132.5087,-2.6544],[132.4737,-2.6695],[132.4535,-2.6485],[132.4682,-2.6548],[132.4673,-2.6269],[132.5037,-2.6367]]],[[[132.4298,-2.6186],[132.4298,-2.6186]]],[[[132.4106,-2.6109],[132.4106,-2.6109]]],[[[133.4417,-2.4988],[133.4312,-2.5018],[133.4319,-2.4818],[133.4488,-2.4875],[133.4417,-2.4988]]],[[[133.3686,-2.4488],[133.3759,-2.4967],[133.3217,-2.4398],[133.3397,-2.4232],[133.3686,-2.4488]]],[[[133.6389,-2.511],[133.6387,-2.5248],[133.6145,-2.5015],[133.6322,-2.4933],[133.6389,-2.511]]],[[[133.5193,-2.4231],[133.5789,-2.4473],[133.5944,-2.4858],[133.5701,-2.509],[133.494,-2.4682],[133.487,-2.4322],[133.458,-2.4108],[133.4821,-2.3979],[133.5193,-2.4231]]],[[[133.61,-2.2331],[133.6184,-2.2208],[133.6329,-2.2342],[133.61,-2.2331]]],[[[133.7915,-2.1845],[133.8389,-2.1469],[133.8725,-2.151],[133.8501,-2.1607],[133.8505,-2.1927],[133.8005,-2.1991],[133.7915,-2.1845]]],[[[133.856,-2.1697],[133.8756,-2.1628],[133.8616,-2.1792],[133.856,-2.1697]]],[[[133.8514,-2.1271],[133.8601,-2.1009],[133.8863,-2.1133],[133.88,-2.1417],[133.8514,-2.1271]]],[[[134.4127,-3.9953],[134.4413,-4.0198],[134.3651,-4.0308],[134.3857,-4.0155],[134.3826,-3.9851],[134.4127,-3.9953]]],[[[134.733,-3.9475],[134.6874,-3.9602],[134.6743,-3.9394],[134.733,-3.9475]]],[[[134.2391,-4.0356],[134.2215,-3.9931],[134.2599,-4.0168],[134.2608,-4.0421],[134.2391,-4.0356]]],[[[134.1167,-3.9313],[134.2051,-4.0284],[134.0933,-3.9873],[134.0518,-3.9232],[134.1009,-3.9143],[134.1167,-3.9313]]],[[[134.1671,-3.8016],[134.1671,-3.8016]]],[[[134.8976,-3.9464],[134.8976,-3.9464]]],[[[134.0414,-3.9081],[134.0515,-3.908],[134.0414,-3.9081]]],[[[134.0187,-3.8653],[134.0112,-3.8581],[134.04,-3.8501],[134.0187,-3.8653]]],[[[134.098,-3.8356],[134.098,-3.8356]]],[[[134.0506,-3.8292],[134.0023,-3.8535],[134.0025,-3.8215],[134.0235,-3.8249],[134.0271,-3.8126],[134.0506,-3.8292]]],[[[134.4762,-2.8597],[134.4762,-2.8597]]],[[[134.4596,-2.8197],[134.4596,-2.8197]]],[[[133.9362,-3.8847],[133.9362,-3.8847]]],[[[133.9007,-3.7564],[133.932,-3.8582],[133.926,-3.8786],[133.8868,-3.7999],[133.8745,-3.7215],[133.9007,-3.7564]]],[[[134.01,-3.8164],[134.01,-3.8164]]],[[[133.7377,-2.2461],[133.6864,-2.263],[133.7721,-2.2182],[133.7596,-2.2499],[133.7377,-2.2461]]],[[[133.7766,-2.1867],[133.7079,-2.2402],[133.6862,-2.2317],[133.7234,-2.2067],[133.7338,-2.1769],[133.7766,-2.1867]]],[[[133.898,-2.1109],[133.928,-2.1187],[133.8969,-2.1349],[133.898,-2.1109]]],[[[133.9357,-2.0998],[133.9295,-2.114],[133.9357,-2.0998]]],[[[134.3945,-2.5393],[134.3872,-2.5791],[134.3709,-2.5285],[134.3945,-2.5393]]],[[[134.5245,-2.4568],[134.5245,-2.4568]]],[[[134.5334,-2.4392],[134.5334,-2.4392]]],[[[134.3021,-2.487],[134.3067,-2.5026],[134.3021,-2.487]]],[[[134.2835,-2.4767],[134.2835,-2.4767]]],[[[134.5276,-2.4373],[134.5175,-2.4385],[134.5276,-2.4373]]],[[[134.5226,-2.4255],[134.5226,-2.4255]]],[[[134.5761,-2.4284],[134.5642,-2.4436],[134.5338,-2.4331],[134.5615,-2.4178],[134.5128,-2.4033],[134.5073,-2.3892],[134.5205,-2.3859],[134.5022,-2.3665],[134.5598,-2.3696],[134.5628,-2.2836],[134.5885,-2.3938],[134.5609,-2.4054],[134.5761,-2.4284]]],[[[134.5487,-2.3526],[134.5487,-2.3526]]],[[[134.5165,-2.3546],[134.5018,-2.3462],[134.5276,-2.352],[134.5165,-2.3546]]],[[[134.4861,-2.2982],[134.4627,-2.3258],[134.4861,-2.2982]]],[[[134.5318,-2.3107],[134.5184,-2.3009],[134.5318,-2.3107]]],[[[134.4819,-2.2053],[134.4947,-2.2165],[134.4753,-2.2443],[134.4819,-2.2053]]],[[[134.7702,-2.2113],[134.7702,-2.2113]]],[[[134.7368,-2.1486],[134.7467,-2.1599],[134.7368,-2.1486]]],[[[134.3407,-2.1456],[134.3336,-2.1062],[134.3109,-2.0993],[134.3276,-2.091],[134.3158,-2.0756],[134.3618,-1.9981],[134.3925,-1.9941],[134.4129,-2.0425],[134.4051,-2.0728],[134.3842,-2.082],[134.389,-2.1032],[134.3511,-2.167],[134.3407,-2.1456]]],[[[134.7276,-2.0808],[134.7276,-2.0808]]],[[[134.1367,-2.1407],[134.1367,-2.1407]]],[[[134.1495,-2.0846],[134.1495,-2.0846]]],[[[134.1543,-2.0713],[134.1543,-2.0713]]],[[[134.158,-2.0501],[134.1511,-2.003],[134.158,-2.0501]]],[[[134.719,-2.0662],[134.719,-2.0662]]],[[[134.7284,-2.0224],[134.7407,-2.0186],[134.7428,-2.0519],[134.7284,-2.0224]]],[[[134.7035,-1.9852],[134.7035,-1.9852]]],[[[134.7011,-1.9759],[134.7011,-1.9759]]],[[[134.136,-2.0217],[134.136,-2.0217]]],[[[134.1429,-1.9584],[134.1429,-1.9584]]],[[[134.1474,-1.9453],[134.1474,-1.9453]]],[[[134.1714,-1.9263],[134.1673,-1.9507],[134.1505,-1.907],[134.1353,-1.9084],[134.1475,-1.9011],[134.1481,-1.8291],[134.18,-1.796],[134.2023,-1.7382],[134.2217,-1.7341],[134.2376,-1.7571],[134.215,-1.7967],[134.207,-1.7817],[134.1952,-1.7934],[134.1967,-1.8267],[134.2048,-1.8095],[134.2148,-1.8295],[134.1714,-1.9263]]],[[[134.1376,-1.886],[134.135,-1.8971],[134.1376,-1.886]]],[[[134.2106,-1.8045],[134.2106,-1.8045]]],[[[134.1968,-1.7538],[134.1968,-1.7538]]],[[[134.1121,-0.9136],[134.1051,-0.9223],[134.0937,-0.8898],[134.1121,-0.9136]]],[[[134.0842,-0.8872],[134.0842,-0.8872]]],[[[133.992,-0.7401],[133.992,-0.7401]]],[[[130.492,-2.2314],[130.492,-2.2314]]],[[[130.4286,-2.2119],[130.4757,-2.2267],[130.3976,-2.2194],[130.4286,-2.2119]]],[[[130.4146,-2.2007],[130.4146,-2.2007]]],[[[130.4573,-2.1679],[130.4474,-2.1713],[130.4573,-2.1679]]],[[[130.4615,-2.1641],[130.4615,-2.1641]]],[[[130.4466,-2.1441],[130.4663,-2.1449],[130.4466,-2.1441]]],[[[130.4827,-2.139],[130.4827,-2.139]]],[[[130.4797,-2.1414],[130.4797,-2.1414]]],[[[130.4864,-2.1351],[130.4864,-2.1351]]],[[[130.4762,-2.1345],[130.4402,-2.1244],[130.4762,-2.1345]]],[[[130.4075,-2.077],[130.4292,-2.0706],[130.4075,-2.077]]],[[[130.449,-2.0727],[130.4329,-2.0684],[130.4649,-2.0649],[130.449,-2.0727]]],[[[130.4137,-2.0602],[130.4316,-2.0647],[130.4137,-2.0602]]],[[[130.4498,-2.0129],[130.3633,-2.0384],[130.3927,-2.0148],[130.3227,-1.9813],[130.3431,-1.9518],[130.3048,-2.0001],[130.2882,-1.9986],[130.293,-2.0119],[130.2479,-2.0095],[130.2716,-2.0296],[130.2537,-2.0535],[130.1171,-2.0611],[130.0908,-2.0465],[130.1083,-2.037],[130.0878,-2.0306],[130.0933,-2.0171],[130.0096,-2.024],[130.018,-2.0085],[129.9841,-2.0181],[129.9788,-2.0025],[129.9603,-2.0159],[129.9415,-1.9931],[129.8573,-1.9707],[129.8139,-1.9328],[129.7255,-1.892],[129.7373,-1.8859],[129.7183,-1.8698],[129.7423,-1.8442],[129.8037,-1.8258],[129.8122,-1.8375],[129.8972,-1.7769],[129.9769,-1.7608],[130.0538,-1.7187],[130.0937,-1.724],[130.1212,-1.7076],[130.2541,-1.7235],[130.2699,-1.6921],[130.3456,-1.664],[130.3783,-1.6822],[130.3459,-1.724],[130.4162,-1.7734],[130.4542,-1.8302],[130.4371,-1.8325],[130.4283,-1.8565],[130.4094,-1.8531],[130.4068,-1.8906],[130.3357,-1.9195],[130.3647,-1.93],[130.3573,-1.9484],[130.4321,-1.9511],[130.4188,-1.9807],[130.445,-1.9544],[130.423,-1.9874],[130.4085,-1.971],[130.3828,-1.9801],[130.4143,-2.009],[130.4696,-2.0132],[130.4498,-2.0129]]],[[[130.6204,-1.9982],[130.6204,-1.9982]]],[[[130.6099,-2.0002],[130.6099,-2.0002]]],[[[130.2595,-2.2323],[130.2455,-2.2283],[130.273,-2.232],[130.2595,-2.2323]]],[[[130.1896,-2.202],[130.1896,-2.202]]],[[[130.265,-2.1879],[130.2947,-2.1978],[130.2614,-2.1967],[130.2702,-2.2149],[130.2473,-2.2154],[130.2187,-2.1996],[130.2435,-2.1885],[130.2158,-2.1866],[130.265,-2.1879]]],[[[130.3023,-2.1994],[130.3023,-2.1994]]],[[[130.3745,-2.1309],[130.3379,-2.1297],[130.3969,-2.1178],[130.3745,-2.1309]]],[[[130.2734,-2.1202],[130.2611,-2.1285],[130.2734,-2.1202]]],[[[130.2998,-2.1168],[130.3175,-2.1158],[130.2914,-2.1371],[130.2998,-2.1168]]],[[[130.3975,-2.0884],[130.3962,-2.0749],[130.3975,-2.0884]]],[[[130.1424,-2.0761],[130.1589,-2.0675],[130.1424,-2.0761]]],[[[130.0814,-2.0419],[130.0814,-2.0419]]],[[[130.3787,-1.9379],[130.3686,-1.9383],[130.3787,-1.9379]]],[[[130.3646,-2.0575],[130.3555,-2.0521],[130.3646,-2.0575]]],[[[130.4018,-2.0385],[130.3882,-2.0458],[130.4018,-2.0385]]],[[[130.373,-2.0354],[130.373,-2.0354]]],[[[130.5819,-1.9968],[130.6001,-1.9984],[130.5473,-1.994],[130.5819,-1.9968]]],[[[130.5441,-1.9923],[130.5441,-1.9923]]],[[[130.4743,-1.9811],[130.4743,-1.9811]]],[[[130.477,-1.9868],[130.4829,-1.9755],[130.477,-1.9868]]],[[[130.5128,-1.9777],[130.5128,-1.9777]]],[[[130.4658,-1.9736],[130.4658,-1.9736]]],[[[130.4492,-1.9724],[130.4556,-1.9603],[130.4624,-1.9832],[130.4492,-1.9724]]],[[[130.4647,-1.9686],[130.4647,-1.9686]]],[[[130.4758,-1.9691],[130.4758,-1.9691]]],[[[130.46,-1.9645],[130.46,-1.9645]]],[[[130.4494,-1.9023],[130.466,-1.8981],[130.4494,-1.9023]]],[[[129.7179,-1.86],[129.726,-1.8524],[129.7179,-1.86]]],[[[129.8128,-1.8227],[129.8128,-1.8227]]],[[[129.6539,-1.8194],[129.6443,-1.8276],[129.6241,-1.7891],[129.6379,-1.7644],[129.6539,-1.8194]]],[[[129.6177,-1.7623],[129.6229,-1.7844],[129.6095,-1.7713],[129.6177,-1.7623]]],[[[129.7163,-1.7683],[129.7163,-1.7683]]],[[[129.6568,-1.7728],[129.6498,-1.7631],[129.6568,-1.7728]]],[[[129.6843,-1.7515],[129.6916,-1.7768],[129.6843,-1.7515]]],[[[131.2791,-1.5457],[131.2947,-1.5327],[131.3127,-1.5456],[131.2791,-1.5457]]],[[[129.7025,-1.765],[129.7043,-1.7551],[129.7025,-1.765]]],[[[130.1364,-1.7081],[130.1364,-1.7081]]],[[[129.931,-1.7107],[129.9404,-1.7025],[129.931,-1.7107]]],[[[130.1446,-1.705],[130.1446,-1.705]]],[[[129.775,-1.715],[129.7593,-1.6921],[129.7766,-1.6982],[129.775,-1.715]]],[[[129.9057,-1.6889],[129.9057,-1.6889]]],[[[129.7831,-1.6843],[129.7831,-1.6843]]],[[[130.0487,-1.6835],[130.0487,-1.6835]]],[[[130.2625,-1.6944],[130.249,-1.7022],[130.2625,-1.6944]]],[[[130.235,-1.7024],[130.2248,-1.6991],[130.235,-1.7024]]],[[[130.2077,-1.6416],[130.1959,-1.6397],[130.2077,-1.6416]]],[[[130.3016,-1.6153],[130.3106,-1.6104],[130.3016,-1.6153]]],[[[129.865,-1.664],[129.865,-1.664]]],[[[129.8507,-1.6556],[129.8636,-1.6618],[129.8507,-1.6556]]],[[[129.9073,-1.6179],[129.9176,-1.6323],[129.9062,-1.6405],[129.9073,-1.6179]]],[[[130.1347,-1.4831],[130.1347,-1.4831]]],[[[130.4751,-1.7696],[130.4751,-1.7696]]],[[[130.5162,-1.5157],[130.5162,-1.5157]]],[[[130.4595,-1.4235],[130.4595,-1.4235]]],[[[130.489,-1.4216],[130.489,-1.4216]]],[[[130.9162,-1.3272],[130.7499,-1.2436],[130.7484,-1.1965],[130.7277,-1.1819],[130.7363,-1.1635],[130.6788,-1.1106],[130.6924,-1.0944],[130.7172,-1.0967],[130.7075,-1.0876],[130.7181,-1.0779],[130.6768,-1.0142],[130.6371,-0.9842],[130.636,-0.9602],[130.7403,-0.9303],[130.7882,-0.9315],[130.8322,-0.897],[130.858,-0.9054],[130.9185,-0.8903],[130.9359,-0.9425],[131.0304,-0.9124],[131.0561,-0.9615],[131.0778,-0.9667],[131.0587,-1.007],[131.0833,-1.01],[131.0663,-1.1016],[131.0433,-1.187],[131.0238,-1.1955],[131.0396,-1.2571],[131.0184,-1.2645],[130.9677,-1.3631],[130.9162,-1.3272]]],[[[131.0537,-1.1903],[131.0537,-1.1903]]],[[[131.0568,-1.1535],[131.0537,-1.1903],[131.0568,-1.1535]]],[[[130.3248,-1.6044],[130.3248,-1.6044]]],[[[130.3387,-1.5849],[130.3387,-1.5849]]],[[[130.2459,-1.4732],[130.2459,-1.4732]]],[[[130.2637,-1.4628],[130.2048,-1.4759],[130.2626,-1.4505],[130.2637,-1.4628]]],[[[130.0713,-1.4732],[130.0713,-1.4732]]],[[[130.097,-1.4493],[130.1035,-1.4413],[130.097,-1.4493]]],[[[130.1463,-1.4367],[130.1512,-1.427],[130.1463,-1.4367]]],[[[130.1139,-1.4339],[130.1139,-1.4339]]],[[[130.3112,-1.4252],[130.3264,-1.4279],[130.3112,-1.4252]]],[[[130.2851,-1.4313],[130.2882,-1.4202],[130.2851,-1.4313]]],[[[130.2314,-1.3545],[130.2192,-1.3598],[130.2314,-1.3545]]],[[[129.717,-1.2688],[129.7293,-1.2628],[129.717,-1.2688]]],[[[129.7672,-1.2551],[129.7499,-1.2568],[129.7672,-1.2551]]],[[[129.6557,-1.2547],[129.6686,-1.2532],[129.6557,-1.2547]]],[[[129.7421,-1.2553],[129.7421,-1.2553]]],[[[129.6891,-1.2489],[129.6891,-1.2489]]],[[[129.7317,-1.2477],[129.7317,-1.2477]]],[[[129.7456,-1.2446],[129.7456,-1.2446]]],[[[129.6745,-1.2433],[129.6745,-1.2433]]],[[[129.6779,-1.2356],[129.6779,-1.2356]]],[[[129.793,-1.2337],[129.793,-1.2337]]],[[[129.7033,-1.2229],[129.7033,-1.2229]]],[[[129.6557,-1.224],[129.65,-1.2137],[129.6557,-1.224]]],[[[129.8675,-1.224],[129.8192,-1.2322],[129.8607,-1.2001],[129.8715,-1.2122],[129.8955,-1.1825],[129.7498,-1.2095],[129.7343,-1.184],[129.7516,-1.1645],[129.8657,-1.1311],[129.8945,-1.1489],[129.978,-1.1593],[129.932,-1.204],[129.9306,-1.1756],[129.8675,-1.224]]],[[[129.7893,-1.2177],[129.8287,-1.2074],[129.7893,-1.2177]]],[[[129.7392,-1.2134],[129.7292,-1.2151],[129.7392,-1.2134]]],[[[129.7863,-1.2106],[129.7686,-1.2165],[129.7863,-1.2106]]],[[[129.6584,-1.1959],[129.6494,-1.1899],[129.6584,-1.1959]]],[[[129.7164,-1.198],[129.7051,-1.1963],[129.7164,-1.198]]],[[[129.3947,-1.1838],[129.3947,-1.1838]]],[[[131.0193,-1.2957],[131.0174,-1.3116],[131.0193,-1.2957]]],[[[131.0722,-1.138],[131.0679,-1.1477],[131.0722,-1.138]]],[[[131.0961,-1.1273],[131.0961,-1.1273]]],[[[131.1077,-1.1137],[131.1077,-1.1137]]],[[[131.0859,-1.1072],[131.0859,-1.1072]]],[[[132.446,-2.6413],[132.446,-2.6413]]],[[[132.4646,-2.6256],[132.4646,-2.6256]]],[[[132.4453,-2.6196],[132.4453,-2.6196]]],[[[132.0758,-2.7024],[132.054,-2.6945],[132.0827,-2.6826],[132.0758,-2.7024]]],[[[131.1691,-1.0898],[131.1691,-1.0898]]],[[[131.172,-1.0647],[131.159,-1.0813],[131.172,-1.0647]]],[[[131.2304,-1.0719],[131.2199,-1.0815],[131.2355,-1.0556],[131.2304,-1.0719]]],[[[131.1644,-1.0637],[131.1507,-1.0605],[131.1566,-1.0353],[131.1644,-1.0637]]],[[[131.1039,-0.9982],[131.1446,-0.9977],[131.1472,-1.0159],[131.117,-1.0438],[131.1387,-1.0564],[131.1205,-1.0744],[131.0976,-1.0634],[131.107,-1.0802],[131.079,-1.0786],[131.0816,-1.0306],[131.1039,-0.9982]]],[[[131.2318,-1.0224],[131.2461,-1.0159],[131.2318,-1.0224]]],[[[131.106,-0.9419],[131.0926,-0.9528],[131.106,-0.9419]]],[[[131.148,-0.9955],[131.148,-0.9955]]],[[[131.2672,-0.9333],[131.2672,-0.9333]]],[[[131.2572,-0.9258],[131.2624,-0.9355],[131.2572,-0.9258]]],[[[129.6858,-1.1902],[129.6734,-1.1708],[129.6955,-1.1834],[129.6858,-1.1902]]],[[[129.4488,-1.1615],[129.4671,-1.1558],[129.481,-1.1732],[129.4562,-1.1846],[129.4488,-1.1615]]],[[[129.7381,-1.1623],[129.7083,-1.1889],[129.6958,-1.1665],[129.6742,-1.1654],[129.7473,-1.1411],[129.7381,-1.1623]]],[[[129.3782,-1.1668],[129.3567,-1.1738],[129.357,-1.1536],[129.3782,-1.1668]]],[[[129.3275,-1.1641],[129.3083,-1.155],[129.3565,-1.1503],[129.3275,-1.1641]]],[[[129.4236,-1.145],[129.4284,-1.1596],[129.4236,-1.145]]],[[[129.4136,-1.1539],[129.4136,-1.1539]]],[[[129.7928,-1.1487],[129.7928,-1.1487]]],[[[129.7724,-1.1441],[129.7835,-1.1459],[129.7724,-1.1441]]],[[[129.7995,-1.1472],[129.7995,-1.1472]]],[[[129.4288,-1.1449],[129.4288,-1.1449]]],[[[129.4424,-1.1423],[129.4424,-1.1423]]],[[[129.7564,-1.1381],[129.7813,-1.1332],[129.7648,-1.1488],[129.7564,-1.1381]]],[[[130.424,-1.4173],[130.424,-1.4173]]],[[[130.6384,-0.938],[130.6605,-0.9507],[130.6384,-0.938]]],[[[130.6809,-0.8951],[130.5088,-0.92],[130.5177,-0.8978],[130.4871,-0.9083],[130.468,-0.8979],[130.4709,-0.9201],[130.4531,-0.9005],[130.3889,-0.9264],[130.4106,-0.8975],[130.4608,-0.8905],[130.4649,-0.8805],[130.4325,-0.8644],[130.455,-0.8546],[130.4508,-0.8075],[130.4762,-0.82],[130.4784,-0.7918],[130.5023,-0.7982],[130.4792,-0.8203],[130.4848,-0.8327],[130.5427,-0.8409],[130.5645,-0.8223],[130.5666,-0.7941],[130.5865,-0.8111],[130.5824,-0.833],[130.6315,-0.7923],[130.6466,-0.8046],[130.6384,-0.8165],[130.6617,-0.8285],[130.6862,-0.8198],[130.6683,-0.7996],[130.7121,-0.8129],[130.7017,-0.8281],[130.7138,-0.831],[130.7192,-0.8156],[130.7665,-0.819],[130.7961,-0.7946],[130.7883,-0.8201],[130.8071,-0.8033],[130.8173,-0.8228],[130.8136,-0.7835],[130.795,-0.7718],[130.8031,-0.7532],[130.8282,-0.7876],[130.8414,-0.7669],[130.8564,-0.8059],[130.8658,-0.794],[130.8442,-0.7802],[130.8508,-0.7661],[130.8673,-0.7656],[130.8676,-0.7792],[130.8931,-0.7638],[130.896,-0.7781],[130.9245,-0.7827],[130.9155,-0.7986],[130.8891,-0.7917],[130.8557,-0.8121],[130.8976,-0.8326],[130.872,-0.8476],[130.8641,-0.834],[130.8566,-0.8544],[130.8439,-0.8434],[130.8478,-0.8595],[130.6809,-0.8951]]],[[[131.0949,-1.0833],[131.0949,-1.0833]]],[[[131.0794,-1.0822],[131.0794,-1.0822]]],[[[131.0903,-1.0775],[131.0903,-1.0775]]],[[[131.0291,-0.8943],[131.0291,-0.8943]]],[[[129.8525,-1.1387],[129.8401,-1.1406],[129.8525,-1.1387]]],[[[129.7641,-0.8486],[129.7592,-0.8615],[129.7641,-0.8486]]],[[[129.7685,-0.8436],[129.7685,-0.8436]]],[[[129.8993,-0.8373],[129.9008,-0.8494],[129.8993,-0.8373]]],[[[130.2202,-0.7483],[130.2128,-0.7308],[130.2339,-0.7252],[130.2202,-0.7483]]],[[[130.2671,-0.7003],[130.2538,-0.6996],[130.2671,-0.7003]]],[[[130.2424,-0.6891],[130.2262,-0.701],[130.2424,-0.6891]]],[[[130.3067,-0.691],[130.3067,-0.691]]],[[[130.2758,-0.6916],[130.2758,-0.6916]]],[[[130.2728,-0.6844],[130.2728,-0.6844]]],[[[130.2907,-0.68],[130.2907,-0.68]]],[[[130.2549,-0.6749],[130.2434,-0.6757],[130.2549,-0.6749]]],[[[130.284,-0.6684],[130.2665,-0.6691],[130.2698,-0.6544],[130.3144,-0.6515],[130.284,-0.6684]]],[[[130.2801,-0.6053],[130.2777,-0.5886],[130.2801,-0.6053]]],[[[130.3001,-0.5919],[130.3001,-0.5919]]],[[[130.2625,-0.5691],[130.2515,-0.5476],[130.2777,-0.5886],[130.2625,-0.5691]]],[[[130.9053,-0.8159],[130.892,-0.8192],[130.9053,-0.8159]]],[[[130.704,-0.7808],[130.7096,-0.7957],[130.704,-0.7808]]],[[[130.7548,-0.7866],[130.7548,-0.7866]]],[[[130.7229,-0.7917],[130.7157,-0.7739],[130.7333,-0.7863],[130.7469,-0.7678],[130.7406,-0.7927],[130.7229,-0.7917]]],[[[130.5487,-0.8035],[130.537,-0.8279],[130.5095,-0.8206],[130.519,-0.7955],[130.5487,-0.8035]]],[[[130.5019,-0.7889],[130.5019,-0.7889]]],[[[130.5831,-0.6368],[130.5831,-0.6368]]],[[[130.6219,-0.5846],[130.5565,-0.6098],[130.6064,-0.5767],[130.6637,-0.571],[130.6219,-0.5846]]],[[[130.773,-0.779],[130.787,-0.7807],[130.7699,-0.8015],[130.7572,-0.7702],[130.7646,-0.7808],[130.7652,-0.7626],[130.7836,-0.754],[130.773,-0.779]]],[[[130.7044,-0.701],[130.7044,-0.701]]],[[[130.6859,-0.5529],[130.6662,-0.5623],[130.6859,-0.5529]]],[[[130.6981,-0.4876],[130.6981,-0.4876]]],[[[131.2493,-0.9284],[131.2493,-0.9284]]],[[[131.2651,-0.926],[131.2651,-0.926]]],[[[131.2626,-0.9264],[131.2626,-0.9264]]],[[[131.2505,-0.9227],[131.2505,-0.9227]]],[[[131.1289,-0.9128],[131.1145,-0.9314],[131.1289,-0.9128]]],[[[131.2642,-0.9222],[131.2642,-0.9222]]],[[[131.2622,-0.9183],[131.2622,-0.9183]]],[[[131.2321,-0.9067],[131.2321,-0.9067]]],[[[131.2741,-0.9066],[131.2741,-0.9066]]],[[[131.2684,-0.9045],[131.2684,-0.9045]]],[[[131.2105,-0.8831],[131.185,-0.8976],[131.2105,-0.8831]]],[[[131.2346,-0.8907],[131.2346,-0.8907]]],[[[131.2423,-0.8772],[131.2423,-0.8772]]],[[[131.239,-0.8773],[131.239,-0.8773]]],[[[131.2179,-0.8384],[131.2068,-0.838],[131.2179,-0.8384]]],[[[129.7768,-0.7703],[129.7941,-0.7775],[129.7768,-0.7703]]],[[[130.1073,-0.7639],[130.1136,-0.756],[130.1073,-0.7639]]],[[[130.1407,-0.7311],[130.1535,-0.7411],[130.1224,-0.7514],[130.1407,-0.7311]]],[[[129.9222,-0.4115],[129.918,-0.4451],[129.9025,-0.4416],[129.9058,-0.4698],[129.8721,-0.4992],[129.8445,-0.4528],[129.8473,-0.4287],[129.8855,-0.3978],[129.9222,-0.4115]]],[[[130.3426,-0.4857],[130.3605,-0.4891],[130.3426,-0.4857]]],[[[130.2245,-0.407],[130.2245,-0.407]]],[[[130.2526,-0.3989],[130.2526,-0.3989]]],[[[130.2773,-0.3984],[130.2773,-0.3984]]],[[[130.2687,-0.3943],[130.2687,-0.3943]]],[[[130.2746,-0.3779],[130.2746,-0.3779]]],[[[130.2882,-0.3736],[130.3053,-0.373],[130.2882,-0.3736]]],[[[130.2007,-0.3597],[130.2007,-0.3597]]],[[[130.3898,-0.357],[130.3925,-0.3461],[130.3898,-0.357]]],[[[130.3428,-0.3487],[130.3428,-0.3487]]],[[[130.2285,-0.3437],[130.2121,-0.3505],[130.1809,-0.3234],[130.2285,-0.3437]]],[[[130.2448,-0.3227],[130.2557,-0.3261],[130.2448,-0.3227]]],[[[130.5203,-0.5636],[130.5203,-0.5636]]],[[[130.578,-0.5326],[130.5951,-0.5313],[130.5929,-0.4982],[130.6143,-0.4903],[130.5979,-0.4737],[130.5645,-0.4729],[130.5643,-0.4996],[130.544,-0.519],[130.5312,-0.5105],[130.4664,-0.5296],[130.454,-0.5176],[130.5112,-0.4948],[130.4665,-0.4917],[130.4583,-0.4634],[130.4885,-0.4634],[130.4685,-0.4512],[130.4884,-0.4374],[130.5249,-0.4753],[130.5495,-0.464],[130.5649,-0.4322],[130.6157,-0.4257],[130.6105,-0.4026],[130.6943,-0.4468],[130.6622,-0.5159],[130.5894,-0.5435],[130.5746,-0.5439],[130.578,-0.5326]]],[[[130.4439,-0.522],[130.4563,-0.529],[130.4439,-0.522]]],[[[130.453,-0.4583],[130.453,-0.4583]]],[[[130.4361,-0.4535],[130.4494,-0.4493],[130.4361,-0.4535]]],[[[130.4611,-0.446],[130.4611,-0.446]]],[[[130.4447,-0.4455],[130.4447,-0.4455]]],[[[130.694,-0.4769],[130.694,-0.4769]]],[[[130.8171,-0.47],[130.8036,-0.4846],[130.8171,-0.47]]],[[[130.6905,-0.4146],[130.6812,-0.4208],[130.6905,-0.4146]]],[[[130.9339,-0.3912],[130.8787,-0.428],[130.793,-0.4494],[130.7267,-0.4443],[130.7032,-0.4131],[130.6991,-0.3652],[130.6722,-0.3423],[130.7049,-0.3282],[130.6779,-0.2934],[130.5715,-0.3233],[130.5795,-0.3345],[130.5569,-0.372],[130.5833,-0.3656],[130.5882,-0.3849],[130.5609,-0.432],[130.5406,-0.4349],[130.5542,-0.3969],[130.5401,-0.3892],[130.5411,-0.3109],[130.5194,-0.3134],[130.5125,-0.2991],[130.5206,-0.2493],[130.4595,-0.2613],[130.4429,-0.2901],[130.4245,-0.2871],[130.4375,-0.2813],[130.4257,-0.2618],[130.3702,-0.2636],[130.3782,-0.2817],[130.3364,-0.2565],[130.3109,-0.2754],[130.3128,-0.2539],[130.2829,-0.2281],[130.2119,-0.2093],[130.3325,-0.2195],[130.3601,-0.202],[130.3677,-0.2402],[130.4435,-0.1958],[130.4203,-0.1762],[130.3696,-0.1818],[130.4183,-0.1636],[130.4197,-0.1346],[130.3984,-0.1257],[130.4118,-0.1609],[130.3765,-0.1582],[130.3754,-0.1702],[130.3613,-0.1375],[130.3557,-0.1587],[130.3258,-0.1402],[130.3468,-0.1905],[130.2959,-0.1758],[130.2968,-0.1494],[130.2724,-0.14],[130.2829,-0.0927],[130.3331,-0.1101],[130.3431,-0.0766],[130.3524,-0.1323],[130.374,-0.1143],[130.3541,-0.0881],[130.3726,-0.0813],[130.3607,-0.0726],[130.3955,-0.0738],[130.3903,-0.1074],[130.404,-0.1121],[130.4097,-0.0975],[130.4251,-0.1013],[130.4291,-0.0708],[130.4368,-0.0953],[130.4501,-0.077],[130.5156,-0.0642],[130.4988,-0.0437],[130.5432,-0.0724],[130.5385,-0.0533],[130.571,-0.0692],[130.56,-0.0323],[130.5784,-0.0565],[130.5844,-0.0392],[130.6283,-0.0603],[130.7267,-0.0257],[130.7078,-0.0583],[130.7668,-0.0526],[130.7842,-0.0425],[130.7392,-0.0246],[130.7949,-0.0061],[130.9534,-0.0373],[130.9665,-0.0638],[130.9843,-0.0574],[130.978,-0.0379],[131.0062,-0.0472],[131.0481,-0.0242],[131.0534,-0.0542],[131.0334,-0.0632],[131.152,-0.0828],[131.192,-0.1148],[131.1935,-0.1325],[131.2379,-0.1491],[131.2562,-0.1385],[131.3097,-0.1856],[131.2961,-0.2452],[131.34,-0.2962],[131.3082,-0.3051],[131.2791,-0.3478],[131.2474,-0.3443],[131.2522,-0.3833],[131.2002,-0.375],[131.1944,-0.3487],[131.1032,-0.3277],[131.1024,-0.3124],[131.0559,-0.3482],[131.0354,-0.3441],[131.0254,-0.3653],[130.9917,-0.3417],[130.9885,-0.3675],[130.9434,-0.3503],[130.9196,-0.3057],[130.9007,-0.3066],[130.8975,-0.2765],[130.8644,-0.2379],[130.797,-0.246],[130.7863,-0.172],[130.7306,-0.1461],[130.7051,-0.0923],[130.6783,-0.0947],[130.698,-0.0758],[130.6629,-0.074],[130.634,-0.0929],[130.6139,-0.0776],[130.6029,-0.0898],[130.6178,-0.1036],[130.6524,-0.1017],[130.6161,-0.12],[130.6318,-0.1427],[130.6182,-0.1316],[130.6171,-0.145],[130.6556,-0.1531],[130.6943,-0.2006],[130.7418,-0.2819],[130.7292,-0.2958],[130.7632,-0.2918],[130.8089,-0.3178],[130.8244,-0.2942],[130.862,-0.3192],[130.9185,-0.3124],[130.9311,-0.358],[130.9443,-0.3592],[130.9193,-0.3692],[130.9339,-0.3912]]],[[[130.4273,-0.3697],[130.4273,-0.3697]]],[[[130.6752,-0.3245],[130.6585,-0.3286],[130.6613,-0.3093],[130.6756,-0.3091],[130.6752,-0.3245]]],[[[130.8871,-0.3076],[130.8941,-0.3194],[130.8486,-0.303],[130.8871,-0.3076]]],[[[130.6419,-0.3147],[130.6419,-0.3147]]],[[[130.6501,-0.3175],[130.6501,-0.3175]]],[[[130.5128,-0.3065],[130.5151,-0.3294],[130.4815,-0.3233],[130.4858,-0.3018],[130.5128,-0.3065]]],[[[130.3772,-0.3262],[130.3905,-0.3226],[130.3772,-0.3262]]],[[[130.3563,-0.3162],[130.3563,-0.3162]]],[[[130.271,-0.3079],[130.271,-0.3079]]],[[[130.3702,-0.3078],[130.3702,-0.3078]]],[[[130.3486,-0.3038],[130.3383,-0.302],[130.3486,-0.3038]]],[[[130.241,-0.3108],[130.2327,-0.3246],[130.2092,-0.3182],[130.2037,-0.2885],[130.2297,-0.2818],[130.241,-0.3108]]],[[[130.1933,-0.2882],[130.1969,-0.3008],[130.1933,-0.2882]]],[[[130.3255,-0.2149],[130.3094,-0.2098],[130.3439,-0.201],[130.3255,-0.2149]]],[[[130.3858,-0.2019],[130.3858,-0.2019]]],[[[130.2443,-0.1957],[130.2443,-0.1957]]],[[[130.2859,-0.1881],[130.2456,-0.1852],[130.2859,-0.1881]]],[[[130.3483,-0.184],[130.3642,-0.1841],[130.3483,-0.184]]],[[[130.2018,-0.1832],[130.2018,-0.1832]]],[[[130.2301,-0.1847],[130.203,-0.1777],[130.2298,-0.1673],[130.2406,-0.1815],[130.2301,-0.1847]]],[[[130.2417,-0.1776],[130.25,-0.1517],[130.2655,-0.1736],[130.2417,-0.1776]]],[[[131.1353,0.4137],[131.1422,0.3868],[131.1353,0.4137]]],[[[131.1444,0.5162],[131.1835,0.4851],[131.157,0.4914],[131.1444,0.5162]]],[[[131.035,0.3775],[131.0487,0.3997],[131.078,0.3545],[131.035,0.3775]]],[[[131.1858,0.5675],[131.187,0.5822],[131.224,0.5609],[131.1858,0.5675]]],[[[130.679,-0.1413],[130.6641,-0.1401],[130.691,-0.1316],[130.679,-0.1413]]],[[[130.6665,-0.1178],[130.6665,-0.1178]]],[[[130.6636,-0.1145],[130.6441,-0.1126],[130.6636,-0.1145]]],[[[130.6774,-0.1121],[130.6774,-0.1121]]],[[[130.6675,-0.0873],[130.6675,-0.0873]]],[[[130.4928,-0.0546],[130.4928,-0.0546]]],[[[130.2678,-0.1508],[130.2678,-0.1508]]],[[[130.2571,-0.1467],[130.2571,-0.1467]]],[[[130.2516,-0.1214],[130.2413,-0.1145],[130.2591,-0.1046],[130.2516,-0.1214]]],[[[130.1535,-0.3311],[130.1336,-0.3173],[130.1492,-0.3147],[130.1535,-0.3311]]],[[[130.1735,-0.0874],[130.1735,-0.0874]]],[[[130.0429,-0.0742],[130.0075,-0.0697],[130.0589,-0.066],[130.0429,-0.0742]]],[[[130.1166,-0.0121],[130.1379,-0.0271],[130.112,-0.0352],[130.1504,-0.0396],[130.1633,-0.0683],[130.1341,-0.0989],[130.0929,-0.0663],[130.0935,-0.0381],[130.1084,-0.0297],[130.0901,0.0124],[130.1166,-0.0121]]],[[[130.1852,-0.1063],[130.1852,-0.1063]]],[[[130.179,-0.0904],[130.183,-0.105],[130.179,-0.0904]]],[[[130.3568,-0.0707],[130.3568,-0.0707]]],[[[130.1852,-0.0661],[130.1852,-0.0661]]],[[[130.2893,-0.0132],[130.2893,-0.0132]]],[[[130.1224,-0.0036],[130.1224,-0.0036]]],[[[130.4672,-0.0545],[130.4672,-0.0545]]],[[[130.4548,-0.0503],[130.4548,-0.0503]]],[[[130.5559,-0.0465],[130.5559,-0.0465]]],[[[130.5438,-0.039],[130.5438,-0.039]]],[[[130.506,-0.0373],[130.4895,-0.0297],[130.516,-0.032],[130.506,-0.0373]]],[[[131.0747,-0.0498],[131.0649,-0.0435],[131.0773,-0.0366],[131.0747,-0.0498]]],[[[130.9517,-0.0268],[130.9379,-0.0194],[130.9517,-0.0268]]],[[[130.9285,0.0186],[130.9653,0.0152],[130.9229,-0.0097],[130.9285,0.0186]]],[[[130.896,0.0166],[130.8664,0.0266],[130.894,0.0334],[130.896,0.0166]]]]}},{"type":"Feature","properties":{"NAME_1":"Riau"},"geometry":{"type":"MultiPolygon","coordinates":[[[[102.3766,-1.0277],[102.3543,-1.0263],[102.3492,-0.9895],[102.2776,-0.927],[102.1921,-0.9548],[102.1534,-0.9091],[102.1197,-0.9218],[102.0063,-0.8826],[101.9591,-0.9097],[101.9279,-0.9052],[101.9072,-0.9506],[101.85,-0.9811],[101.7557,-0.9749],[101.6903,-0.9419],[101.7126,-0.8718],[101.6839,-0.8663],[101.6694,-0.8353],[101.6443,-0.8255],[101.5939,-0.8484],[101.5,-0.8093],[101.3078,-0.6289],[101.2496,-0.6255],[101.1679,-0.5396],[101.1097,-0.5021],[101.0713,-0.5031],[101.0258,-0.398],[101.0474,-0.377],[101.0058,-0.3237],[100.9477,-0.3108],[100.9032,-0.3349],[100.8445,-0.3393],[100.8382,-0.2904],[100.806,-0.2715],[100.7762,-0.2175],[100.7841,-0.1943],[100.7549,-0.1361],[100.7365,-0.0438],[100.7823,-0.0113],[100.8145,-0.0403],[100.8477,0],[100.8502,0.0533],[100.8325,0.0669],[100.8011,0.0495],[100.7744,0.1021],[100.7878,0.128],[100.8475,0.1669],[100.8413,0.226],[100.8149,0.2502],[100.775,0.2519],[100.7658,0.2357],[100.7015,0.246],[100.6762,0.1862],[100.5376,0.31],[100.5313,0.343],[100.5029,0.3113],[100.473,0.3135],[100.4502,0.4074],[100.431,0.4218],[100.3758,0.3893],[100.3442,0.3845],[100.3196,0.403],[100.2931,0.3925],[100.2646,0.4197],[100.2412,0.4922],[100.2166,0.5116],[100.2372,0.5426],[100.1798,0.5659],[100.1868,0.6266],[100.2408,0.6793],[100.2399,0.7332],[100.2072,0.7378],[100.1243,0.8165],[100.1414,0.8998],[100.1069,0.9079],[100.1188,0.939],[100.1353,0.9209],[100.1394,0.9815],[100.1625,1.0022],[100.1323,1.0203],[100.1413,1.0581],[100.1235,1.063],[100.1232,1.0941],[100.1482,1.1218],[100.184,1.1243],[100.1164,1.1999],[100.12,1.2551],[100.0744,1.2761],[100.0294,1.3261],[100.0249,1.354],[100.051,1.3948],[100.2008,1.3988],[100.3427,1.436],[100.2852,1.4608],[100.2832,1.478],[100.3768,1.4553],[100.4133,1.4857],[100.412,1.6612],[100.3899,1.6692],[100.4228,1.7002],[100.3397,1.7125],[100.3538,1.7822],[100.2962,1.7912],[100.2777,1.8135],[100.2815,1.8651],[100.3144,1.9096],[100.3155,2.0524],[100.3636,2.1683],[100.3651,2.2108],[100.3008,2.3401],[100.2955,2.4282],[100.3235,2.5475],[100.387,2.3089],[100.4819,2.2134],[100.4734,2.2018],[100.4872,2.2079],[100.5348,2.1801],[100.5427,2.1503],[100.5579,2.1599],[100.5852,2.1344],[100.6722,2.1244],[100.7717,2.0864],[100.8929,1.9636],[100.8849,2.035],[100.7934,2.1158],[100.7677,2.2235],[100.8352,2.2987],[100.9273,2.3056],[101.0522,2.2912],[101.0813,2.2131],[101.305,2.0411],[101.3638,1.8316],[101.3575,1.7782],[101.4099,1.699],[101.4814,1.6828],[101.5617,1.6371],[101.6643,1.6653],[101.7503,1.6649],[102.0053,1.4584],[102.1487,1.379],[102.1597,1.1951],[102.1774,1.2307],[102.2074,1.1933],[102.192,1.0872],[102.2259,1.0001],[102.3349,0.9045],[102.4109,0.8081],[102.5288,0.7444],[102.5939,0.7366],[102.6952,0.7549],[102.7674,0.7312],[102.8496,0.7388],[102.9082,0.7192],[103.1056,0.5087],[103.1214,0.463],[102.9548,0.3807],[102.9,0.336],[102.7942,0.2935],[102.8072,0.2616],[102.8505,0.2452],[102.986,0.3151],[103.057,0.3699],[103.1438,0.3928],[103.1888,0.4318],[103.2119,0.4835],[103.3028,0.5118],[103.3315,0.5473],[103.4151,0.5232],[103.5778,0.4013],[103.6139,0.3466],[103.7065,0.3058],[103.7337,0.2667],[103.7631,0.1983],[103.8102,-0.011],[103.6905,-0.0231],[103.6157,-0.006],[103.5704,-0.0356],[103.5956,-0.0357],[103.5833,-0.061],[103.5359,-0.0802],[103.5042,-0.0784],[103.4687,-0.041],[103.4637,-0.058],[103.4779,-0.0557],[103.4889,-0.0867],[103.4711,-0.12],[103.4975,-0.134],[103.4948,-0.1579],[103.3968,-0.2275],[103.319,-0.2437],[103.2774,-0.2362],[103.2268,-0.2714],[103.246,-0.305],[103.3263,-0.3527],[103.3057,-0.382],[103.334,-0.4047],[103.3241,-0.4386],[103.3704,-0.4352],[103.3904,-0.5159],[103.4289,-0.5312],[103.437,-0.5528],[103.4183,-0.6002],[103.3406,-0.6283],[103.3134,-0.6637],[103.2266,-0.6852],[103.2878,-0.7056],[103.3758,-0.6951],[103.423,-0.7056],[103.4367,-0.717],[103.4195,-0.7301],[103.4614,-0.736],[103.4853,-0.7684],[103.37,-0.7961],[103.1215,-0.7469],[103.0156,-0.7528],[102.9351,-0.8578],[102.7834,-0.9985],[102.7788,-1.0291],[102.7583,-1.0237],[102.7325,-1.0708],[102.6867,-1.0775],[102.6468,-1.1223],[102.6168,-1.0946],[102.4602,-1.0772],[102.4167,-1.0301],[102.3766,-1.0277]],[[100.4115,1.5656],[100.4115,1.5656]]],[[[103.4074,-0.6849],[103.2874,-0.7019],[103.2355,-0.685],[103.3162,-0.6664],[103.3392,-0.6418],[103.4147,-0.6551],[103.4074,-0.6849]]],[[[103.4197,-0.6325],[103.3754,-0.6465],[103.3356,-0.638],[103.3761,-0.6109],[103.4241,-0.6032],[103.4197,-0.6325]]],[[[103.5515,-0.4971],[103.5081,-0.5156],[103.4678,-0.5028],[103.3989,-0.5154],[103.3764,-0.4371],[103.3298,-0.435],[103.336,-0.4033],[103.3083,-0.3796],[103.3308,-0.3567],[103.3927,-0.3787],[103.5128,-0.369],[103.5341,-0.397],[103.581,-0.3972],[103.6044,-0.4326],[103.5515,-0.4971]]],[[[103.6659,-0.2537],[103.7099,-0.2567],[103.7857,-0.3435],[103.694,-0.3547],[103.6054,-0.3957],[103.5379,-0.3877],[103.5125,-0.3602],[103.4651,-0.3733],[103.4512,-0.3603],[103.4748,-0.298],[103.5387,-0.2183],[103.637,-0.2266],[103.6659,-0.2537]]],[[[103.3909,-0.2932],[103.4593,-0.3132],[103.447,-0.3472],[103.3644,-0.3575],[103.2331,-0.2776],[103.2768,-0.2436],[103.3432,-0.251],[103.3445,-0.2848],[103.3909,-0.2932]]],[[[103.4678,-0.2893],[103.4588,-0.3102],[103.3456,-0.2847],[103.3445,-0.2508],[103.515,-0.2011],[103.4678,-0.2893]]],[[[103.56,-0.1963],[103.4791,-0.2011],[103.5431,-0.175],[103.5675,-0.1797],[103.56,-0.1963]]],[[[103.5898,-0.1198],[103.6,-0.1152],[103.5898,-0.1198]]],[[[103.4863,-0.1143],[103.475,-0.1055],[103.4939,-0.0879],[103.5192,-0.1022],[103.5039,-0.119],[103.4863,-0.1143]]],[[[103.5601,-0.115],[103.5316,-0.1229],[103.5059,-0.1072],[103.5806,-0.074],[103.5933,-0.0933],[103.5601,-0.115]]],[[[103.527,-0.0789],[103.4915,-0.0848],[103.4646,-0.045],[103.5065,-0.083],[103.527,-0.0789]]],[[[103.6401,-0.02],[103.6817,-0.041],[103.6567,-0.0501],[103.6401,-0.02]]],[[[103.6232,-0.0423],[103.6001,-0.0199],[103.6157,-0.0076],[103.6487,-0.046],[103.6232,-0.0423]]],[[[102.8817,0.7847],[102.6846,0.7913],[102.5611,0.7686],[102.4372,0.8252],[102.408,0.8841],[102.4405,0.9355],[102.4878,0.9309],[102.5887,1.0011],[102.6354,0.9886],[102.7377,1.0221],[102.7499,0.9975],[102.7744,1.0055],[102.797,0.9803],[102.8813,0.9508],[102.9419,0.8896],[103.0471,0.8243],[103.0489,0.719],[103.0227,0.6861],[102.9945,0.6891],[102.9275,0.7693],[102.8817,0.7847]]],[[[102.9089,0.3108],[102.9346,0.3246],[102.9457,0.315],[102.8736,0.2659],[102.8265,0.264],[102.8399,0.2847],[102.9089,0.3108]]],[[[102.9864,0.356],[102.9941,0.3368],[102.9492,0.3169],[102.9534,0.3372],[102.9864,0.356]]],[[[102.4739,0.9796],[102.48,0.9414],[102.4393,0.9492],[102.4186,0.9211],[102.3874,0.9129],[102.2759,1.0054],[102.2364,1.1018],[102.246,1.1946],[102.2058,1.2769],[102.229,1.3472],[102.2129,1.4138],[102.292,1.412],[102.4846,1.239],[102.4859,1.2004],[102.4386,1.0706],[102.4739,0.9796]]],[[[103.0776,0.8088],[103.0746,0.8242],[103.1101,0.8132],[103.0837,0.796],[103.0776,0.8088]]],[[[103.1021,0.8271],[102.9554,0.9054],[102.8849,0.9666],[102.8058,0.9918],[102.7906,1.0252],[102.8166,1.033],[102.8201,1.0495],[102.7781,1.0194],[102.7318,1.0395],[102.6436,1.0069],[102.6228,1.019],[102.6564,1.0345],[102.6877,1.1179],[102.7475,1.1576],[102.8329,1.1449],[102.9722,1.0962],[103.1601,0.8857],[103.1539,0.848],[103.1021,0.8271]]],[[[102.5481,1.1118],[102.6142,1.0477],[102.6082,1.0053],[102.5,0.945],[102.4613,1.0823],[102.4841,1.128],[102.5357,1.1283],[102.5481,1.1118]]],[[[103.1822,0.4299],[103.1718,0.4165],[103.1822,0.4299]]],[[[103.5491,0.4501],[103.5898,0.4093],[103.5463,0.4364],[103.5491,0.4501]]],[[[102.9577,0.358],[102.9777,0.3569],[102.9396,0.3271],[102.9577,0.358]]],[[[103.0761,0.5383],[103.0447,0.5823],[103.0761,0.5383]]],[[[103.0457,0.6134],[103.0274,0.6424],[103.0377,0.6618],[103.0554,0.6548],[103.0831,0.5947],[103.0688,0.5634],[103.0457,0.6134]]],[[[103.1097,0.6684],[103.1043,0.6308],[103.0933,0.6505],[103.1097,0.6684]]],[[[102.9754,0.6547],[102.9647,0.6616],[102.9754,0.6547]]],[[[102.9718,0.6684],[102.9718,0.6684]]],[[[102.9625,0.6819],[102.9625,0.6819]]],[[[103.0764,0.7357],[103.0846,0.7877],[103.1055,0.7986],[103.1141,0.7324],[103.089,0.7172],[103.0764,0.7357]]],[[[102.8958,0.772],[102.9038,0.766],[102.8859,0.7737],[102.8958,0.772]]],[[[102.8441,0.7751],[102.823,0.7742],[102.8441,0.7751]]],[[[103.2934,0.5394],[103.1655,0.4996],[103.1383,0.5535],[103.1614,0.6853],[103.2232,0.701],[103.2728,0.6652],[103.3021,0.6015],[103.2934,0.5394]]],[[[103.2748,0.7269],[103.2748,0.7269]]],[[[103.2704,0.7298],[103.2704,0.7298]]],[[[103.2187,0.8634],[103.2081,0.8677],[103.2187,0.8634]]],[[[103.2373,0.8693],[103.2373,0.8693]]],[[[102.2922,1.4298],[102.1941,1.4354],[102.1071,1.4658],[102.03,1.5346],[102.0015,1.5979],[102.0648,1.6047],[102.4614,1.5181],[102.4967,1.468],[102.4793,1.4413],[102.4955,1.4318],[102.5047,1.2511],[102.3975,1.3236],[102.2922,1.4298]]],[[[102.3761,1.3273],[102.3761,1.3273]]],[[[100.8568,-0.3624],[100.8944,-0.3806],[100.8568,-0.3624]]],[[[101.7185,1.757],[101.6157,1.6883],[101.4533,1.7263],[101.3832,1.9096],[101.4095,2.0257],[101.4706,2.0645],[101.5081,2.0494],[101.5183,2.0287],[101.5562,2.047],[101.5669,2.0388],[101.5888,2.0889],[101.6552,2.1249],[101.704,2.0968],[101.7215,2.0445],[101.7765,1.9886],[101.7855,1.9395],[101.768,1.9315],[101.7778,1.9265],[101.7502,1.8791],[101.7352,1.7707],[101.7185,1.757]]],[[[100.1005,0.9395],[100.0955,0.9268],[100.0871,0.9351],[100.1005,0.9395]]],[[[100.1144,1.0991],[100.1078,1.0724],[100.1011,1.0909],[100.1144,1.0991]]],[[[101.4308,1.7531],[101.4308,1.7531]]],[[[101.5763,2.0728],[101.5763,2.0728]]],[[[101.4067,1.8353],[101.4067,1.8353]]],[[[101.3676,1.8708],[101.3538,1.8884],[101.3676,1.8708]]],[[[101.5719,2.0745],[101.5719,2.0745]]],[[[101.5531,2.0997],[101.5434,2.0937],[101.5531,2.0997]]],[[[101.5745,2.1049],[101.5745,2.1049]]],[[[101.6296,2.1118],[101.6296,2.1118]]],[[[101.6391,2.1223],[101.6391,2.1223]]],[[[101.6259,2.1173],[101.6411,2.1227],[101.6259,2.1173]]],[[[100.8631,2.009],[100.7975,2.0966],[100.8779,2.0371],[100.8851,2.0049],[100.8631,2.009]]],[[[101.4091,1.7541],[101.4091,1.7541]]],[[[101.4152,1.7661],[101.4173,1.7444],[101.4152,1.7661]]],[[[101.3719,1.7951],[101.3801,1.8046],[101.3805,1.7626],[101.3719,1.7951]]],[[[101.3936,1.7912],[101.4018,1.8282],[101.4057,1.7569],[101.3936,1.7912]]],[[[101.0374,2.3079],[100.9796,2.3017],[101.0374,2.3079]]],[[[100.6478,2.1805],[100.6321,2.2321],[100.6848,2.1595],[100.6478,2.1805]]],[[[100.76,2.1325],[100.731,2.1546],[100.7088,2.2153],[100.7226,2.251],[100.7469,2.2593],[100.7861,2.1221],[100.76,2.1325]]],[[[100.555,2.8668],[100.555,2.8668]]],[[[100.5527,2.8692],[100.5527,2.8692]]],[[[100.7758,2.2644],[100.7992,2.2736],[100.7664,2.2274],[100.7758,2.2644]]],[[[100.6419,2.7385],[100.6419,2.7385]]],[[[100.6383,2.8002],[100.6383,2.8002]]],[[[100.5542,2.8757],[100.5542,2.8757]]],[[[100.5645,2.8834],[100.5645,2.8834]]],[[[100.5718,2.8811],[100.5718,2.8811]]],[[[100.6845,2.8691],[100.6845,2.8691]]],[[[100.6248,2.8738],[100.6248,2.8738]]],[[[100.597,2.9185],[100.597,2.9185]]]]}},{"type":"Feature","properties":{"NAME_1":"SulawesiBarat"},"geometry":{"type":"MultiPolygon","coordinates":[[[[118.996,-3.5499],[119.0005,-3.5633],[118.9656,-3.5448],[118.9351,-3.569],[118.8786,-3.4755],[118.8783,-3.4408],[118.8443,-3.3783],[118.8418,-3.3277],[118.8576,-3.3014],[118.8286,-3.2322],[118.8402,-3.2098],[118.8267,-3.1651],[118.782,-3.1247],[118.7764,-3.0927],[118.7976,-3.0706],[118.8245,-3.089],[118.8396,-3.0814],[118.8607,-3.0318],[118.8484,-2.9898],[118.8869,-2.8901],[118.8463,-2.8505],[118.7695,-2.8669],[118.7583,-2.7605],[118.783,-2.7465],[118.7776,-2.6845],[118.8184,-2.62],[118.8687,-2.68],[118.9125,-2.6678],[119.031,-2.5814],[119.0408,-2.5084],[119.1447,-2.4674],[119.127,-2.4647],[119.1429,-2.3928],[119.1226,-2.3141],[119.1522,-2.2394],[119.1454,-2.2005],[119.1659,-2.1611],[119.1879,-2.1525],[119.2233,-2.0131],[119.2127,-1.9978],[119.2899,-1.9525],[119.3309,-1.9637],[119.3355,-1.914],[119.3642,-1.8564],[119.3521,-1.8176],[119.3117,-1.7983],[119.3009,-1.7068],[119.2814,-1.6886],[119.3264,-1.573],[119.2881,-1.45],[119.2905,-1.3923],[119.3324,-1.3495],[119.3028,-1.2735],[119.34,-1.1679],[119.367,-1.1712],[119.3857,-1.1371],[119.4605,-1.0738],[119.526,-0.8973],[119.5651,-0.8467],[119.5569,-1.0095],[119.5754,-1.0186],[119.6073,-1.1541],[119.5721,-1.149],[119.5648,-1.2013],[119.5421,-1.2005],[119.524,-1.2515],[119.4733,-1.2978],[119.4818,-1.3094],[119.5236,-1.2944],[119.5225,-1.3107],[119.4643,-1.3186],[119.4485,-1.3609],[119.4784,-1.3983],[119.5022,-1.3929],[119.5094,-1.4169],[119.5187,-1.412],[119.5097,-1.4513],[119.5421,-1.4218],[119.5466,-1.4374],[119.5829,-1.4256],[119.5913,-1.3965],[119.6414,-1.4041],[119.6955,-1.4509],[119.6711,-1.544],[119.7334,-1.605],[119.7278,-1.6435],[119.7505,-1.6434],[119.7975,-1.7392],[119.8269,-1.7674],[119.8714,-1.7786],[119.8579,-1.8221],[119.8754,-1.8624],[119.8569,-1.8765],[119.8691,-1.8904],[119.8703,-2.0181],[119.8206,-2.0551],[119.8046,-2.1119],[119.7699,-2.121],[119.7065,-2.1981],[119.6292,-2.2532],[119.6286,-2.2959],[119.6736,-2.3394],[119.6927,-2.3365],[119.7198,-2.4043],[119.6943,-2.4606],[119.7313,-2.5003],[119.7105,-2.5694],[119.797,-2.6405],[119.7525,-2.671],[119.7467,-2.7145],[119.6883,-2.7531],[119.6302,-2.7545],[119.6074,-2.7401],[119.5784,-2.752],[119.5615,-2.8121],[119.5688,-2.8704],[119.5507,-2.8978],[119.5767,-2.9511],[119.5651,-2.996],[119.6363,-3.1283],[119.6066,-3.1192],[119.5362,-3.1393],[119.5156,-3.1717],[119.4756,-3.1911],[119.4301,-3.1725],[119.3703,-3.1993],[119.436,-3.2771],[119.4452,-3.3321],[119.4297,-3.3441],[119.4653,-3.3774],[119.475,-3.4576],[119.4924,-3.4746],[119.4787,-3.5014],[119.4264,-3.4727],[119.4278,-3.4596],[119.4114,-3.4667],[119.3865,-3.4498],[119.373,-3.4632],[119.3428,-3.4336],[119.2993,-3.425],[119.2354,-3.486],[119.1356,-3.4941],[119.111,-3.5168],[119.0647,-3.5025],[119.0207,-3.5164],[118.996,-3.5499]]],[[[118.882,-2.6464],[118.8925,-2.6135],[118.8945,-2.6426],[118.882,-2.6464]]],[[[119.1204,-2.4714],[119.1204,-2.4714]]],[[[117.3807,-2.2721],[117.3708,-2.2694],[117.3807,-2.2721]]],[[[117.3177,-2.2687],[117.315,-2.2551],[117.3177,-2.2687]]],[[[117.3852,-2.1068],[117.3888,-2.0969],[117.3852,-2.1068]]],[[[117.6212,-2.0918],[117.6212,-2.0918]]],[[[117.0876,-2.0589],[117.0869,-2.0732],[117.071,-2.0702],[117.0695,-2.0533],[117.0876,-2.0589]]],[[[117.2636,-2.0611],[117.2654,-2.0475],[117.2636,-2.0611]]],[[[117.3489,-2.0649],[117.3535,-2.0414],[117.3489,-2.0649]]],[[[117.2985,-2.0363],[117.3075,-2.0445],[117.2985,-2.0363]]],[[[117.335,-1.9952],[117.3308,-2.0064],[117.335,-1.9952]]],[[[117.2452,-1.9944],[117.2632,-1.9937],[117.2452,-1.9944]]],[[[117.1382,-1.9681],[117.1397,-1.9813],[117.1382,-1.9681]]],[[[117.3084,-1.9409],[117.3084,-1.9409]]],[[[117.2542,-1.894],[117.2487,-1.9074],[117.2542,-1.894]]],[[[119.3585,-3.4874],[119.3585,-3.4874]]],[[[119.3722,-3.47],[119.3644,-3.4845],[119.3722,-3.47]]],[[[119.3755,-3.4684],[119.3755,-3.4684]]],[[[119.4172,-3.4744],[119.4172,-3.4744]]],[[[119.395,-3.468],[119.395,-3.468]]],[[[119.3788,-3.4688],[119.3788,-3.4688]]],[[[119.3357,-1.9391],[119.3226,-1.9367],[119.3357,-1.9391]]],[[[119.3325,-1.9353],[119.3325,-1.9353]]]]}},{"type":"Feature","properties":{"NAME_1":"SulawesiSelatan"},"geometry":{"type":"MultiPolygon","coordinates":[[[[117.2025,-7.7585],[117.2025,-7.7585]]],[[[117.2562,-7.5901],[117.2562,-7.5901]]],[[[117.4472,-7.5761],[117.4555,-7.5885],[117.4472,-7.5761]]],[[[121.2034,-7.5156],[121.2034,-7.5156]]],[[[117.886,-7.5323],[117.886,-7.5323]]],[[[117.2923,-7.5253],[117.3359,-7.528],[117.2822,-7.5378],[117.2923,-7.5253]]],[[[117.276,-7.5333],[117.2744,-7.5201],[117.276,-7.5333]]],[[[117.4441,-7.5142],[117.4311,-7.5393],[117.4238,-7.5187],[117.4441,-7.5142]]],[[[117.1901,-7.4972],[117.1752,-7.5061],[117.1901,-7.4972]]],[[[121.214,-7.4962],[121.2075,-7.5118],[121.214,-7.4962]]],[[[117.483,-7.4811],[117.4834,-7.5024],[117.483,-7.4811]]],[[[121.8041,-7.4839],[121.8041,-7.4839]]],[[[121.4236,-7.452],[121.4248,-7.4659],[121.4129,-7.4572],[121.4236,-7.452]]],[[[117.8742,-7.4491],[117.8778,-7.4606],[117.8664,-7.44],[117.8742,-7.4491]]],[[[121.8024,-7.4903],[121.8024,-7.4903]]],[[[121.8,-7.4741],[121.7974,-7.4883],[121.7234,-7.4919],[121.8,-7.4741]]],[[[117.7949,-7.4331],[117.7949,-7.4331]]],[[[117.5878,-7.404],[117.5878,-7.404]]],[[[121.7819,-7.423],[121.7457,-7.4136],[121.7542,-7.3521],[121.8275,-7.3331],[121.8397,-7.3718],[121.7819,-7.423]]],[[[117.535,-7.3461],[117.535,-7.3461]]],[[[121.1022,-7.3118],[121.1022,-7.3118]]],[[[121.1006,-7.3058],[121.1006,-7.3058]]],[[[118.1135,-7.3004],[118.1031,-7.3054],[118.1135,-7.3004]]],[[[121.05,-7.3704],[121.05,-7.3704]]],[[[121.0488,-7.3696],[121.0488,-7.3696]]],[[[117.8145,-7.3998],[117.8016,-7.3921],[117.8145,-7.3998]]],[[[117.7502,-7.3976],[117.7502,-7.3976]]],[[[117.711,-7.3952],[117.711,-7.3952]]],[[[117.7505,-7.3637],[117.7433,-7.3745],[117.7505,-7.3637]]],[[[121.0453,-7.3665],[121.0453,-7.3665]]],[[[121.0987,-7.3975],[121.0602,-7.3715],[121.0822,-7.3628],[121.0827,-7.3037],[121.1682,-7.3541],[121.0987,-7.3975]],[[121.1151,-7.3155],[121.1151,-7.3155]]],[[[121.7461,-7.2386],[121.7461,-7.2386]]],[[[121.7501,-7.2325],[121.7386,-7.2291],[121.7543,-7.2224],[121.7501,-7.2325]]],[[[118.0088,-7.2193],[118.0088,-7.2193]]],[[[118.1858,-7.1989],[118.1858,-7.1989]]],[[[118.1923,-7.1995],[118.1923,-7.1995]]],[[[118.4079,-7.1799],[118.3677,-7.1991],[118.4079,-7.1799]]],[[[118.4118,-7.177],[118.4091,-7.1882],[118.4118,-7.177]]],[[[121.4767,-7.1539],[121.4767,-7.1539]]],[[[121.4428,-7.1199],[121.4428,-7.1199]]],[[[120.5459,-7.0692],[120.5459,-7.0692]]],[[[120.5471,-7.0697],[120.5471,-7.0697]]],[[[118.2768,-7.1455],[118.2768,-7.1455]]],[[[120.6749,-7.1277],[120.6749,-7.1277]]],[[[118.1584,-7.1146],[118.1584,-7.1146]]],[[[120.5894,-7.1053],[120.5894,-7.1053]]],[[[118.2389,-7.091],[118.2389,-7.091]]],[[[120.564,-7.0754],[120.6133,-7.085],[120.5956,-7.1003],[120.5636,-7.0926],[120.564,-7.0754]]],[[[121.1214,-7.0687],[121.1212,-7.0793],[121.1214,-7.0687]]],[[[118.1742,-7.0779],[118.1522,-7.0913],[118.1742,-7.0779]]],[[[120.9245,-7.2833],[121.0044,-7.2818],[121.0639,-7.301],[121.0518,-7.3264],[121.0039,-7.3327],[120.9288,-7.3065],[120.8304,-7.2985],[120.7957,-7.2704],[120.8394,-7.2598],[120.9245,-7.2833]]],[[[121.7652,-7.2609],[121.7734,-7.2864],[121.7274,-7.2946],[121.7301,-7.2782],[121.7652,-7.2609]]],[[[118.8083,-6.9763],[118.8083,-6.9763]]],[[[120.7875,-6.9608],[120.7875,-6.9608]]],[[[121.0003,-6.9429],[121.0003,-6.9429]]],[[[118.8607,-6.9299],[118.8607,-6.9299]]],[[[119.0233,-6.9059],[119.0233,-6.9059]]],[[[119.0698,-6.894],[119.0698,-6.894]]],[[[118.9037,-6.8893],[118.9037,-6.8893]]],[[[118.9627,-6.8634],[118.9651,-6.8527],[118.9627,-6.8634]]],[[[120.7909,-6.8814],[120.7909,-6.8814]]],[[[119.138,-6.8814],[119.138,-6.8814]]],[[[119.0055,-6.8139],[119.0055,-6.8139]]],[[[121.1385,-6.7926],[121.1386,-6.7825],[121.1385,-6.7926]]],[[[121.203,-6.7779],[121.203,-6.7779]]],[[[121.203,-6.7779],[121.203,-6.7779]]],[[[119.1688,-6.7938],[119.1635,-6.8032],[119.1688,-6.7938]]],[[[119.1635,-6.7922],[119.1635,-6.7922]]],[[[121.1713,-6.7606],[121.1657,-6.7728],[121.1713,-6.7606]]],[[[118.9728,-6.7655],[118.969,-6.7555],[118.9728,-6.7655]]],[[[121.1405,-6.7685],[121.1408,-6.7469],[121.1405,-6.7685]]],[[[121.0737,-6.7619],[121.0737,-6.7619]]],[[[120.9696,-6.7591],[120.9696,-6.7591]]],[[[121.1789,-6.8494],[121.1789,-6.8494]]],[[[119.0186,-6.8415],[119.0186,-6.8415]]],[[[119.1513,-6.865],[119.1513,-6.865]]],[[[119.1378,-6.861],[119.1349,-6.8748],[119.1378,-6.861]]],[[[118.9865,-6.8547],[118.9865,-6.8547]]],[[[119.1144,-6.8385],[119.1222,-6.859],[119.0959,-6.868],[119.1144,-6.8385]]],[[[119.1919,-6.8221],[119.1689,-6.8473],[119.1743,-6.8261],[119.1919,-6.8221]]],[[[120.814,-6.8325],[120.7958,-6.8664],[120.7796,-6.799],[120.7887,-6.7787],[120.8074,-6.7946],[120.814,-6.8325]]],[[[120.4467,-6.9492],[120.4553,-6.9625],[120.4349,-6.9696],[120.4467,-6.9492]]],[[[121.2112,-6.7228],[121.2112,-6.7228]]],[[[121.0881,-6.7251],[121.0881,-6.7251]]],[[[121.2128,-6.7211],[121.2128,-6.7211]]],[[[121.2148,-6.7187],[121.2148,-6.7187]]],[[[121.0804,-6.7228],[121.0804,-6.7228]]],[[[121.2098,-6.7207],[121.2098,-6.7207]]],[[[121.2072,-6.7198],[121.2072,-6.7198]]],[[[121.2111,-6.7162],[121.2111,-6.7162]]],[[[118.278,-6.6857],[118.274,-6.6984],[118.278,-6.6857]]],[[[120.2769,-6.677],[120.2818,-6.7013],[120.2698,-6.6966],[120.2769,-6.677]]],[[[120.427,-6.6484],[120.427,-6.6484]]],[[[118.3283,-6.6358],[118.3235,-6.6462],[118.3283,-6.6358]]],[[[120.4273,-6.6564],[120.4273,-6.6564]]],[[[118.932,-6.6462],[118.9293,-6.6576],[118.932,-6.6462]]],[[[118.8892,-6.6074],[118.8892,-6.6074]]],[[[118.8661,-6.5995],[118.858,-6.5866],[118.8661,-6.5995]]],[[[118.8361,-6.5707],[118.8403,-6.5837],[118.8251,-6.5768],[118.8361,-6.5707]]],[[[121.0234,-6.5729],[121.0234,-6.5729]]],[[[121.058,-6.5725],[121.058,-6.5725]]],[[[121.0987,-6.5655],[121.0987,-6.5655]]],[[[121.0793,-6.5652],[121.0793,-6.5652]]],[[[120.435,-6.645],[120.435,-6.645]]],[[[120.4373,-6.5817],[120.44,-6.6443],[120.4257,-6.64],[120.4205,-6.5984],[120.4373,-6.5817]]],[[[118.9538,-6.7105],[118.9538,-6.7105]]],[[[120.9761,-6.7046],[120.9761,-6.7046]]],[[[121.0943,-6.7183],[121.0943,-6.7183]]],[[[120.4366,-6.6557],[120.4285,-6.7169],[120.4366,-6.6557]]],[[[118.7931,-6.5561],[118.7931,-6.5561]]],[[[121.1711,-6.5524],[121.1711,-6.5524]]],[[[120.9979,-6.5336],[120.9995,-6.5461],[120.9979,-6.5336]]],[[[121.0374,-6.5359],[121.0374,-6.5359]]],[[[120.952,-6.5145],[120.952,-6.5145]]],[[[121.1322,-6.4933],[121.1322,-6.4933]]],[[[120.9827,-6.5046],[121.0015,-6.4941],[120.9827,-6.5046]]],[[[121.1293,-6.4595],[121.1293,-6.4595]]],[[[121.0956,-6.4093],[121.0956,-6.4093]]],[[[120.4193,-6.1804],[120.4203,-6.2069],[120.3986,-6.2026],[120.4064,-6.128],[120.4315,-6.1058],[120.4193,-6.1804]]],[[[120.4899,-5.7431],[120.4738,-5.7497],[120.4899,-5.7431]]],[[[120.4343,-6.4657],[120.4217,-6.4886],[120.4343,-6.4657]]],[[[120.431,-6.4529],[120.431,-6.4529]]],[[[120.4337,-6.4535],[120.4337,-6.4535]]],[[[120.4529,-6.3423],[120.4529,-6.3423]]],[[[120.4579,-6.3235],[120.4579,-6.3235]]],[[[120.4627,-6.3084],[120.4627,-6.3084]]],[[[120.4588,-6.2943],[120.4678,-6.3009],[120.4588,-6.2943]]],[[[120.4995,-6.459],[120.4833,-6.4984],[120.4601,-6.4085],[120.4701,-6.401],[120.454,-6.3817],[120.4719,-6.3814],[120.481,-6.2816],[120.4455,-6.2664],[120.4451,-6.1981],[120.4265,-6.1807],[120.4478,-6.1623],[120.466,-6.0939],[120.4505,-6.0612],[120.4455,-5.9605],[120.4611,-5.7943],[120.4916,-5.7676],[120.5086,-5.7926],[120.504,-5.816],[120.5302,-5.8441],[120.5681,-6.0549],[120.5515,-6.075],[120.5285,-6.1874],[120.5381,-6.3275],[120.4949,-6.392],[120.5099,-6.4427],[120.4995,-6.459]]],[[[121.1007,-6.7441],[121.1007,-6.7441]]],[[[121.1009,-6.741],[121.1009,-6.741]]],[[[121.1021,-6.7309],[121.1021,-6.7309]]],[[[121.1545,-6.7207],[121.1412,-6.7455],[121.1545,-6.7207]]],[[[117.9897,-7.0681],[117.9972,-7.0614],[117.9897,-7.0681]]],[[[121.0987,-7.0579],[121.0987,-7.0579]]],[[[118.6516,-7.073],[118.6503,-7.0613],[118.6516,-7.073]]],[[[120.5988,-7.0667],[120.5988,-7.0667]]],[[[120.5642,-7.0646],[120.5642,-7.0646]]],[[[120.5683,-7.0653],[120.5683,-7.0653]]],[[[120.5517,-7.0562],[120.5389,-7.067],[120.5517,-7.0562]]],[[[120.7764,-7.1096],[120.7673,-7.1354],[120.6619,-7.121],[120.6541,-7.1281],[120.6803,-7.1428],[120.6701,-7.1505],[120.6324,-7.1328],[120.6239,-7.1136],[120.6354,-7.099],[120.6048,-7.075],[120.6275,-7.0529],[120.6199,-7.0037],[120.7488,-7.079],[120.7857,-7.0592],[120.7764,-7.1096]]],[[[120.6027,-7.0653],[120.6027,-7.0653]]],[[[120.5376,-7.0607],[120.5376,-7.0607]]],[[[120.542,-7.0544],[120.542,-7.0544]]],[[[120.5388,-7.0586],[120.5388,-7.0586]]],[[[120.5458,-7.0548],[120.5458,-7.0548]]],[[[120.5453,-7.0548],[120.5453,-7.0548]]],[[[118.0435,-7.0372],[118.0435,-7.0372]]],[[[120.7535,-7.0212],[120.7535,-7.0212]]],[[[120.7537,-7.0177],[120.7537,-7.0177]]],[[[121.2182,-7.0026],[121.2182,-7.0026]]],[[[120.5286,-6.9984],[120.5157,-6.9899],[120.5286,-6.9984]]],[[[121.0636,-7.0396],[121.0636,-7.0396]]],[[[120.6052,-7.0418],[120.6052,-7.0418]]],[[[120.6178,-7.0399],[120.6178,-7.0399]]],[[[120.6134,-7.0408],[120.6134,-7.0408]]],[[[117.0389,-5.052],[117.0402,-5.0404],[117.0389,-5.052]]],[[[117.0633,-5.0252],[117.0633,-5.0252]]],[[[117.0618,-5.0238],[117.0618,-5.0238]]],[[[117.0739,-5.0183],[117.0739,-5.0183]]],[[[119.2893,-4.9672],[119.2893,-4.9672]]],[[[119.3272,-4.9689],[119.3272,-4.9689]]],[[[119.3408,-4.9445],[119.3408,-4.9445]]],[[[119.3296,-5.0207],[119.3296,-5.0207]]],[[[119.3261,-5.0074],[119.3259,-5.0215],[119.3261,-5.0074]]],[[[119.3204,-4.9288],[119.3204,-4.9288]]],[[[119.341,-4.8867],[119.341,-4.8867]]],[[[119.2679,-4.8822],[119.2679,-4.8822]]],[[[119.3423,-4.8454],[119.3423,-4.8454]]],[[[119.234,-4.8111],[119.234,-4.8111]]],[[[119.3308,-4.8019],[119.3308,-4.8019]]],[[[119.0624,-4.7358],[119.0624,-4.7358]]],[[[119.3038,-4.7267],[119.3038,-4.7267]]],[[[118.9825,-4.7219],[118.9825,-4.7219]]],[[[119.274,-4.7198],[119.274,-4.7198]]],[[[119.0615,-4.7198],[119.0615,-4.7198]]],[[[118.9576,-4.6977],[118.9654,-4.7058],[118.9576,-4.6977]]],[[[119.1228,-4.6909],[119.1228,-4.6909]]],[[[119.2222,-4.5584],[119.2222,-4.5584]]],[[[119.1569,-4.4896],[119.1569,-4.4896]]],[[[119.3278,-4.7047],[119.3278,-4.7047]]],[[[119.301,-4.7876],[119.301,-4.7876]]],[[[119.6027,-3.9927],[119.6027,-3.9927]]],[[[120.1994,-2.965],[120.1994,-2.965]]],[[[120.1982,-2.9626],[120.1982,-2.9626]]],[[[120.2034,-2.9597],[120.2034,-2.9597]]],[[[120.9623,-2.8118],[120.9623,-2.8118]]],[[[119.5714,-4.4882],[119.5714,-4.4882]]],[[[119.6021,-4.3423],[119.5922,-4.364],[119.6021,-4.3423]]],[[[119.6218,-4.1809],[119.6218,-4.1809]]],[[[119.6048,-4.1445],[119.6048,-4.1445]]],[[[119.6235,-4.0459],[119.6235,-4.0459]]],[[[119.6213,-4.0036],[119.6213,-4.0036]]],[[[119.6288,-4.0021],[119.6288,-4.0021]]],[[[119.6014,-3.996],[119.6014,-3.996]]],[[[119.3649,-4.9554],[119.3649,-4.9554]]],[[[120.3157,-4.9471],[120.3157,-4.9471]]],[[[119.4207,-4.9425],[119.4207,-4.9425]]],[[[119.3963,-4.9454],[119.3963,-4.9454]]],[[[119.3987,-4.9248],[119.3987,-4.9248]]],[[[119.3596,-4.8965],[119.3596,-4.8965]]],[[[119.3863,-4.8552],[119.3863,-4.8552]]],[[[119.4041,-4.8457],[119.4041,-4.8457]]],[[[119.4191,-4.8228],[119.4191,-4.8228]]],[[[119.4641,-4.7747],[119.4641,-4.7747]]],[[[119.4465,-4.7718],[119.4465,-4.7718]]],[[[119.4346,-4.7757],[119.4346,-4.7757]]],[[[119.4623,-4.7674],[119.4623,-4.7674]]],[[[119.4349,-4.7495],[119.4349,-4.7495]]],[[[119.4515,-4.7395],[119.4515,-4.7395]]],[[[119.3633,-4.7103],[119.3633,-4.7103]]],[[[119.3526,-4.7167],[119.3526,-4.7167]]],[[[119.4685,-4.6914],[119.4685,-4.6914]]],[[[119.5045,-4.6747],[119.5045,-4.6747]]],[[[119.4503,-4.6642],[119.4503,-4.6642]]],[[[119.5033,-4.6563],[119.5033,-4.6563]]],[[[120.4078,-4.5928],[120.4078,-4.5928]]],[[[120.4216,-4.5796],[120.4216,-4.5796]]],[[[120.4225,-4.5758],[120.4225,-4.5758]]],[[[120.4345,-4.5592],[120.4345,-4.5592]]],[[[120.4772,-4.5361],[120.4772,-4.5361]]],[[[120.462,-4.5298],[120.4487,-4.5421],[120.462,-4.5298]]],[[[120.4505,-4.5092],[120.4233,-4.5182],[120.4161,-4.4961],[120.4505,-4.5092]]],[[[119.4775,-4.7032],[119.4696,-4.7097],[119.4775,-4.7032]]],[[[119.4621,-4.698],[119.4491,-4.7077],[119.4621,-4.698]]],[[[119.4332,-4.7864],[119.4332,-4.7864]]],[[[119.3367,-5.3206],[119.3417,-5.3297],[119.3367,-5.3206]]],[[[119.3402,-5.3135],[119.3402,-5.3135]]],[[[117.8885,-5.2829],[117.8894,-5.234],[117.8897,-5.2958],[117.8885,-5.2829]]],[[[117.8897,-5.1713],[117.8792,-5.1778],[117.8897,-5.1713]]],[[[119.2666,-5.1466],[119.2666,-5.1466]]],[[[119.4031,-5.1338],[119.4031,-5.1338]]],[[[119.403,-5.1358],[119.403,-5.1358]]],[[[119.3903,-5.1351],[119.3903,-5.1351]]],[[[117.6559,-5.2287],[117.6559,-5.2287]]],[[[117.6546,-5.219],[117.6622,-5.1757],[117.6818,-5.1978],[117.6546,-5.219]]],[[[120.3907,-5.1163],[120.3907,-5.1163]]],[[[120.4125,-5.1102],[120.4125,-5.1102]]],[[[119.2898,-5.1049],[119.2898,-5.1049]]],[[[120.4179,-5.0999],[120.4179,-5.0999]]],[[[117.0539,-5.0914],[117.0585,-5.1015],[117.0539,-5.0914]]],[[[119.4056,-5.0892],[119.4042,-5.1016],[119.4056,-5.0892]]],[[[119.3163,-5.0863],[119.3163,-5.0863]]],[[[119.4118,-5.0786],[119.4118,-5.0786]]],[[[120.4229,-5.0694],[120.4229,-5.0694]]],[[[120.4254,-5.0591],[120.4122,-5.0525],[120.4199,-5.0431],[120.4254,-5.0591]]],[[[117.0741,-5.0452],[117.0741,-5.0452]]],[[[120.3933,-5.0382],[120.3933,-5.0382]]],[[[119.2785,-5.0336],[119.2785,-5.0336]]],[[[117.9138,-5.0547],[117.9138,-5.0547]]],[[[119.2733,-5.0518],[119.2733,-5.0518]]],[[[119.4223,-5.0522],[119.4223,-5.0522]]],[[[119.3212,-5.0538],[119.3212,-5.0538]]],[[[119.3559,-5.0525],[119.3559,-5.0525]]],[[[120.3968,-5.045],[120.3968,-5.045]]],[[[119.4183,-5.0425],[119.4183,-5.0425]]],[[[119.3258,-5.0548],[119.3271,-5.0412],[119.3258,-5.0548]]],[[[119.2775,-5.0452],[119.2775,-5.0452]]],[[[120.3927,-5.0707],[120.3927,-5.0707]]],[[[119.4115,-5.0725],[119.4115,-5.0725]]],[[[119.4032,-5.0718],[119.4032,-5.0718]]],[[[120.3992,-5.0666],[120.3992,-5.0666]]],[[[119.3425,-5.1255],[119.3425,-5.1255]]],[[[118.1506,-5.1184],[118.155,-5.1346],[118.1389,-5.1267],[118.1506,-5.1184]]],[[[119.3928,-5.1273],[119.3928,-5.1273]]],[[[119.4002,-5.1153],[119.4002,-5.1153]]],[[[119.4002,-5.1153],[119.4002,-5.1153]]],[[[119.3994,-5.1147],[119.3994,-5.1147]]],[[[119.4005,-5.1132],[119.4005,-5.1132]]],[[[117.0558,-5.0378],[117.0558,-5.0378]]],[[[119.3222,-5.0361],[119.3222,-5.0361]]],[[[119.4119,-5.0309],[119.4119,-5.0309]]],[[[119.4138,-5.0357],[119.4138,-5.0357]]],[[[120.4799,-5.6783],[120.4799,-5.6783]]],[[[120.4305,-5.6394],[120.4456,-5.6463],[120.4296,-5.6609],[120.4305,-5.6394]]],[[[119.6019,-5.6479],[119.6019,-5.6479]]],[[[119.5244,-5.594],[119.5244,-5.594]]],[[[119.5199,-5.589],[119.5199,-5.589]]],[[[118.4539,-5.5006],[118.4566,-5.5118],[118.4539,-5.5006]]],[[[118.6337,-5.4883],[118.6319,-5.5031],[118.6337,-5.4883]]],[[[119.2548,-5.5219],[119.2435,-5.5068],[119.2519,-5.4855],[119.2593,-5.5032],[119.2776,-5.4977],[119.2647,-5.4535],[119.315,-5.4628],[119.3024,-5.4714],[119.3203,-5.4756],[119.3081,-5.5258],[119.2729,-5.5364],[119.2713,-5.5192],[119.2548,-5.5219]]],[[[117.9397,-5.3667],[117.9467,-5.4078],[117.9209,-5.3533],[117.9397,-5.3667]]],[[[118.4267,-5.4184],[118.4284,-5.3948],[118.4267,-5.4184]]],[[[119.1904,-5.3976],[119.1904,-5.3976]]],[[[119.2382,-5.4589],[119.2225,-5.4676],[119.2276,-5.4439],[119.2382,-5.4589]]],[[[119.2284,-5.4378],[119.2163,-5.4403],[119.2284,-5.4378]]],[[[119.628,-5.6247],[119.5893,-5.6125],[119.5799,-5.6571],[119.5574,-5.649],[119.5457,-5.6339],[119.5533,-5.595],[119.5604,-5.6113],[119.5732,-5.6069],[119.5128,-5.5693],[119.5108,-5.5367],[119.5029,-5.5585],[119.4594,-5.579],[119.4711,-5.5935],[119.4862,-5.584],[119.489,-5.604],[119.4399,-5.5964],[119.4178,-5.5601],[119.4358,-5.538],[119.4318,-5.5122],[119.359,-5.4],[119.354,-5.326],[119.3769,-5.2665],[119.3875,-5.1617],[119.408,-5.1448],[119.4093,-5.1132],[119.4515,-5.1025],[119.4467,-5.0855],[119.4775,-5.0602],[119.4664,-5.026],[119.4769,-4.994],[119.5243,-4.924],[119.4996,-4.819],[119.4817,-4.8181],[119.4987,-4.8121],[119.4823,-4.7515],[119.5172,-4.7156],[119.5256,-4.6747],[119.5938,-4.5711],[119.5812,-4.5292],[119.5998,-4.4741],[119.597,-4.4163],[119.6365,-4.3188],[119.5954,-4.2384],[119.6254,-4.236],[119.6088,-4.2164],[119.6383,-4.1703],[119.6142,-4.1449],[119.6205,-4.1127],[119.606,-4.0844],[119.623,-4.0614],[119.6354,-3.9676],[119.6123,-3.9839],[119.5873,-3.9742],[119.5933,-4.0048],[119.6144,-4.0042],[119.5937,-4.0224],[119.5993,-4.0419],[119.587,-4.0393],[119.5708,-3.9477],[119.4524,-3.7137],[119.4581,-3.6418],[119.5102,-3.597],[119.5132,-3.5577],[119.4741,-3.5029],[119.4924,-3.4746],[119.475,-3.4576],[119.4653,-3.3774],[119.43,-3.3452],[119.4452,-3.3321],[119.4306,-3.2632],[119.3703,-3.1993],[119.4301,-3.1725],[119.4756,-3.1911],[119.5156,-3.1717],[119.5362,-3.1393],[119.6066,-3.1192],[119.6363,-3.1283],[119.5651,-2.996],[119.5767,-2.9511],[119.5507,-2.8978],[119.5688,-2.8704],[119.5615,-2.8121],[119.5784,-2.752],[119.6074,-2.7401],[119.6302,-2.7545],[119.6883,-2.7531],[119.7467,-2.7145],[119.7525,-2.671],[119.797,-2.6405],[119.7105,-2.5694],[119.7313,-2.5003],[119.6943,-2.4606],[119.7198,-2.4043],[119.6927,-2.3365],[119.6736,-2.3394],[119.6286,-2.2959],[119.6326,-2.2425],[119.7065,-2.1981],[119.7699,-2.121],[119.8046,-2.1119],[119.827,-2.0474],[119.8703,-2.0181],[119.8839,-2.0462],[119.9091,-2.0534],[119.9916,-1.9659],[120.0509,-1.9848],[120.0874,-1.9801],[120.1134,-1.992],[120.1194,-2.0124],[120.1791,-2.0344],[120.2706,-2.0283],[120.3398,-2.0613],[120.3888,-1.8975],[120.4034,-1.8955],[120.4705,-1.9629],[120.5028,-2.0296],[120.5864,-2.1295],[120.7174,-2.2233],[120.7566,-2.239],[120.8527,-2.2181],[120.9606,-2.2337],[121.0344,-2.2755],[121.1012,-2.2766],[121.1819,-2.3752],[121.2306,-2.3613],[121.408,-2.4103],[121.4421,-2.405],[121.5598,-2.4911],[121.6263,-2.49],[121.6532,-2.5395],[121.6983,-2.5329],[121.7799,-2.6307],[121.7896,-2.667],[121.7222,-2.7683],[121.724,-2.808],[121.6698,-2.8426],[121.6726,-2.869],[121.6912,-2.8823],[121.6855,-2.9008],[121.6378,-2.8941],[121.5471,-2.9217],[121.5254,-2.9621],[121.4574,-3.0132],[121.3468,-2.9665],[121.3287,-2.936],[121.3577,-2.8993],[121.3187,-2.8077],[121.2413,-2.8253],[121.2213,-2.8577],[121.2032,-2.8576],[121.1719,-2.8176],[121.0801,-2.7794],[121.0316,-2.7935],[121.0194,-2.8198],[120.9883,-2.8313],[120.9747,-2.8087],[121.0172,-2.8086],[121.0337,-2.7675],[121.0602,-2.7706],[121.0679,-2.7382],[121.0827,-2.7444],[121.0942,-2.7232],[121.0789,-2.6968],[121.037,-2.6943],[121.0361,-2.6648],[121.0544,-2.6584],[121.0211,-2.6504],[121.0198,-2.6726],[120.9977,-2.6793],[120.9431,-2.658],[120.9067,-2.6624],[120.8913,-2.6403],[120.8567,-2.657],[120.8092,-2.6188],[120.7553,-2.6201],[120.7461,-2.6371],[120.673,-2.6445],[120.6331,-2.6822],[120.5718,-2.6859],[120.5642,-2.7255],[120.4554,-2.8219],[120.3469,-2.8699],[120.3244,-2.9025],[120.2875,-2.9105],[120.2555,-2.9459],[120.193,-2.9619],[120.1882,-2.9773],[120.2108,-2.9874],[120.2295,-3.0433],[120.2587,-3.065],[120.2556,-3.16],[120.3818,-3.2021],[120.3884,-3.2511],[120.4057,-3.2608],[120.4176,-3.2484],[120.4209,-3.2651],[120.3989,-3.2888],[120.4045,-3.4314],[120.3794,-3.5003],[120.4174,-3.5732],[120.412,-3.6636],[120.438,-3.6889],[120.4413,-3.7393],[120.3437,-3.8916],[120.336,-3.9385],[120.3532,-3.9742],[120.3413,-3.9954],[120.361,-4.0218],[120.3559,-4.0649],[120.3304,-4.1038],[120.3804,-4.1686],[120.3649,-4.2986],[120.3933,-4.3325],[120.3609,-4.3707],[120.3473,-4.4257],[120.4019,-4.4812],[120.3766,-4.5119],[120.3849,-4.5487],[120.4074,-4.5443],[120.3839,-4.5548],[120.3996,-4.6061],[120.4613,-4.6583],[120.4003,-4.7094],[120.3833,-4.8379],[120.3378,-4.8402],[120.3087,-4.8661],[120.3147,-4.909],[120.2952,-4.9214],[120.3109,-4.9362],[120.2969,-4.9486],[120.3086,-5.0005],[120.2892,-5.0428],[120.3014,-5.0425],[120.2897,-5.1156],[120.2707,-5.143],[120.3426,-5.3014],[120.4046,-5.3416],[120.4027,-5.3784],[120.4337,-5.4452],[120.423,-5.4621],[120.4511,-5.4768],[120.4452,-5.5572],[120.4733,-5.6197],[120.4084,-5.5972],[120.3521,-5.5195],[120.3149,-5.5072],[120.2848,-5.534],[120.2204,-5.5402],[120.1292,-5.5884],[119.9337,-5.545],[119.865,-5.6104],[119.8626,-5.6335],[119.8366,-5.6393],[119.85,-5.6652],[119.7911,-5.7017],[119.673,-5.6949],[119.6408,-5.6721],[119.6586,-5.6533],[119.6544,-5.6339],[119.628,-5.6247]]]]}},{"type":"Feature","properties":{"NAME_1":"SulawesiTengah"},"geometry":{"type":"MultiPolygon","coordinates":[[[[123.6091,-1.6823],[123.6127,-1.6986],[123.5681,-1.7284],[123.5366,-1.7255],[123.5179,-1.7007],[123.5134,-1.725],[123.4854,-1.7061],[123.4726,-1.6536],[123.486585,-1.63401],[123.4797,-1.6149],[123.5006,-1.5972],[123.4925,-1.5797],[123.4799,-1.5836],[123.4789,-1.5477],[123.5054,-1.4974],[123.5283,-1.5084],[123.5293,-1.4779],[123.5471,-1.4912],[123.5638,-1.5483],[123.5597,-1.5988],[123.5772,-1.6105],[123.5916,-1.594],[123.6229,-1.6244],[123.6205,-1.6398],[123.604,-1.6305],[123.6201,-1.6519],[123.6091,-1.6823]],[[123.486585,-1.63401],[123.486585,-1.63401]]],[[[123.6784,-1.8864],[123.6811,-1.9299],[123.6626,-1.8906],[123.6784,-1.8864]],[[123.67218983050847,-1.912409443099276],[123.67218983050847,-1.912409443099276]],[[123.67221666666667,-1.912422222222228],[123.67221666666667,-1.912422222222228]]],[[[123.111,-3.6395],[123.0439,-3.5928],[123.1564,-3.5562],[123.1824,-3.6144],[123.1232,-3.6116],[123.111,-3.6395]]],[[[123.0432,-3.5496],[123.0333,-3.5456],[123.0432,-3.5496]]],[[[123.074,-3.5261],[123.0572,-3.5134],[123.1088,-3.4944],[123.074,-3.5261]]],[[[122.5912,-3.3613],[122.5912,-3.3613]]],[[[122.3964,-3.344],[122.3897,-3.3517],[122.3964,-3.344]]],[[[122.6111,-3.3881],[122.6111,-3.3881]]],[[[122.8181,-3.3853],[122.8181,-3.3853]]],[[[124.1566,-1.7819],[124.15,-1.7706],[124.1602,-1.7817],[124.1692,-1.7552],[124.1488,-1.7666],[124.1511,-1.7355],[124.1681,-1.7371],[124.1815,-1.7679],[124.1566,-1.7819]]],[[[122.8785,-1.6003],[122.8491,-1.5782],[122.8389,-1.5107],[122.8379,-1.5244],[122.8205,-1.4823],[122.795,-1.4883],[122.7859,-1.4568],[122.8157,-1.3078],[122.871,-1.2498],[122.9052,-1.1825],[122.9459,-1.1855],[122.9718,-1.2162],[123.0329,-1.1778],[123.1053,-1.1607],[123.1447,-1.2112],[123.1638,-1.1516],[123.1905,-1.1511],[123.2487,-1.2294],[123.2292,-1.2322],[123.2176,-1.2705],[123.1861,-1.2622],[123.1979,-1.2844],[123.1836,-1.3206],[123.2166,-1.3648],[123.2198,-1.3518],[123.2273,-1.3593],[123.2416,-1.3996],[123.2838,-1.3584],[123.2909,-1.3116],[123.2826,-1.3172],[123.3139,-1.3041],[123.3753,-1.2217],[123.3983,-1.2351],[123.4127,-1.2247],[123.4038,-1.2524],[123.4282,-1.2694],[123.4456,-1.2668],[123.4423,-1.2344],[123.4874,-1.2697],[123.5221,-1.2644],[123.512,-1.2815],[123.5246,-1.269],[123.5593,-1.2814],[123.5242,-1.4339],[123.4973,-1.4667],[123.4739,-1.4606],[123.458,-1.5189],[123.4397,-1.505],[123.4125,-1.5307],[123.3711,-1.498],[123.3543,-1.5256],[123.3554,-1.4732],[123.3289,-1.4545],[123.3257,-1.4153],[123.2945,-1.4114],[123.2758,-1.443],[123.2566,-1.4423],[123.2345,-1.5953],[123.254,-1.6019],[123.2607,-1.6255],[123.243,-1.6493],[123.227,-1.5958],[123.2088,-1.62],[123.1926,-1.6087],[123.1799,-1.6328],[123.1549,-1.6409],[123.1533,-1.6127],[123.1149,-1.6122],[123.1114,-1.5912],[123.0986,-1.6005],[123.1074,-1.5666],[123.1282,-1.5681],[123.1848,-1.5144],[123.1632,-1.4532],[123.1658,-1.3031],[123.1493,-1.2967],[123.1219,-1.3186],[123.12,-1.2952],[123.0371,-1.4214],[122.9987,-1.516],[122.9464,-1.5448],[122.9142,-1.5953],[122.8785,-1.6003]]],[[[123.2954,-1.2771],[123.2747,-1.2154],[123.2804,-1.1939],[123.3146,-1.1743],[123.3242,-1.2116],[123.311,-1.2732],[123.2954,-1.2771]]],[[[121.3426,-1.8396],[121.3426,-1.8396]]],[[[121.3431,-1.8355],[121.3431,-1.8355]]],[[[123.0622,-0.898],[123.0738,-0.8963],[123.0622,-0.898]]],[[[123.0834,-0.8918],[123.0834,-0.8918]]],[[[123.0676,-0.8898],[123.0676,-0.8898]]],[[[123.0755,-0.8772],[123.0755,-0.8772]]],[[[121.6669,-0.8857],[121.6669,-0.8857]]],[[[121.6677,-0.884],[121.6677,-0.884]]],[[[123.0815,-0.8825],[123.0815,-0.8825]]],[[[124.0261,-1.895],[123.9881,-1.8231],[123.997,-1.811],[124.0091,-1.8168],[124.0005,-1.8329],[124.0238,-1.8439],[124.0261,-1.895]]],[[[123.6971,-1.8783],[123.6971,-1.8783]]],[[[123.6899,-1.8731],[123.6899,-1.8731]]],[[[123.6901,-1.8714],[123.6901,-1.8714]]],[[[123.6931,-1.875],[123.6931,-1.875]]],[[[123.2783,-1.7956],[123.2698,-1.7849],[123.3117,-1.7183],[123.3797,-1.6726],[123.3846,-1.7224],[123.3725,-1.7178],[123.3516,-1.7421],[123.3388,-1.7329],[123.3159,-1.7821],[123.2783,-1.7956]]],[[[121.3313,-1.933],[121.3313,-1.933]]],[[[123.898,-2.0905],[123.898,-2.0905]]],[[[123.899,-2.0896],[123.899,-2.0896]]],[[[123.8992,-2.0896],[123.8992,-2.0896]]],[[[123.9109,-2.0884],[123.9109,-2.0884]]],[[[123.9123,-2.0801],[123.9123,-2.0801]]],[[[123.9206,-2.0734],[123.9206,-2.0734]]],[[[123.5964,-2.0598],[123.5964,-2.0598]]],[[[123.7447,-2.0838],[123.7447,-2.0838]]],[[[123.9028,-2.0063],[123.8948,-2.0237],[123.8895,-2.0045],[123.9028,-2.0063]]],[[[123.9184,-2.086],[123.9184,-2.086]]],[[[123.9046,-2.0847],[123.9046,-2.0847]]],[[[123.9084,-2.0843],[123.9084,-2.0843]]],[[[123.9164,-2.084],[123.9164,-2.084]]],[[[123.9019,-2.088],[123.9019,-2.088]]],[[[123.9105,-2.0808],[123.9105,-2.0808]]],[[[121.4355,-1.9578],[121.4355,-1.9578]]],[[[123.639,-1.9546],[123.639,-1.9546]]],[[[123.6362,-1.9535],[123.6362,-1.9535]]],[[[123.6342,-1.9435],[123.6359,-1.9536],[123.6342,-1.9435]]],[[[123.4874,-1.9996],[123.4874,-1.9996]]],[[[123.4926,-1.9949],[123.4926,-1.9949]]],[[[123.486,-1.9957],[123.486,-1.9957]]],[[[123.4916,-2.0026],[123.4916,-2.0026]]],[[[123.4897,-2.001],[123.4897,-2.001]]],[[[123.4878,-1.9832],[123.4788,-2.0016],[123.4878,-1.9832]]],[[[123.4949,-1.9903],[123.4949,-1.9903]]],[[[123.4965,-1.9842],[123.4965,-1.9842]]],[[[121.3652,-1.9465],[121.3652,-1.9465]]],[[[121.3632,-1.945],[121.3632,-1.945]]],[[[121.3614,-1.9426],[121.3614,-1.9426]]],[[[123.486,-1.9494],[123.486,-1.9494]]],[[[123.4846,-1.937],[123.4883,-1.9474],[123.4658,-1.9499],[123.4846,-1.937]]],[[[121.4941,-1.9429],[121.4941,-1.9429]]],[[[123.7715,-2.0111],[123.7848,-2.0283],[123.7624,-2.0604],[123.7568,-2.0269],[123.7715,-2.0111]]],[[[123.7862,-2.0266],[123.7862,-2.0266]]],[[[123.7636,-2.013],[123.7636,-2.013]]],[[[123.7609,-2.0202],[123.7609,-2.0202]]],[[[123.7525,-2.0207],[123.7525,-2.0207]]],[[[123.7591,-2.0232],[123.7591,-2.0232]]],[[[123.7599,-2.0223],[123.7599,-2.0223]]],[[[123.7618,-2.0186],[123.7618,-2.0186]]],[[[123.7565,-2.0143],[123.7565,-2.0143]]],[[[123.8801,-2.0355],[123.8895,-2.0877],[123.8448,-2.0645],[123.8621,-2.008],[123.8801,-2.0355]]],[[[123.7912,-2.0154],[123.7912,-2.0154]]],[[[123.782,-2.0048],[123.782,-2.0048]]],[[[123.8387,-2.0082],[123.8246,-2.027],[123.7849,-1.9831],[123.7821,-1.9295],[123.7708,-1.9431],[123.7838,-1.8793],[123.8628,-1.9775],[123.8555,-2.0129],[123.841,-1.9912],[123.8387,-2.0082]]],[[[121.3569,-1.9415],[121.3569,-1.9415]]],[[[121.4983,-1.94],[121.4983,-1.94]]],[[[121.4832,-1.9415],[121.4832,-1.9415]]],[[[123.7722,-1.9046],[123.7715,-1.9347],[123.7722,-1.9046]]],[[[123.7025,-1.9618],[123.7081,-1.9209],[123.7315,-1.8983],[123.7392,-1.9547],[123.7025,-1.9618]]],[[[123.6509,-1.9082],[123.6586,-1.9663],[123.6447,-1.9556],[123.6475,-1.8957],[123.6509,-1.9082]]],[[[123.639,-1.9333],[123.639,-1.9333]]],[[[123.6353,-1.9346],[123.6353,-1.9346]]],[[[121.4885,-1.9336],[121.4885,-1.9336]]],[[[121.3644,-1.9302],[121.3644,-1.9302]]],[[[121.4969,-1.9352],[121.4969,-1.9352]]],[[[121.4523,-1.9295],[121.4523,-1.9295]]],[[[121.4427,-1.928],[121.4366,-1.9483],[121.4392,-1.9175],[121.4427,-1.928]]],[[[123.6364,-1.9325],[123.6364,-1.9325]]],[[[123.5655,-1.9329],[123.5655,-1.9329]]],[[[123.6361,-1.9308],[123.6361,-1.9308]]],[[[123.6434,-1.9115],[123.6434,-1.9115]]],[[[123.6392,-1.9107],[123.6392,-1.9107]]],[[[123.6404,-1.9237],[123.6404,-1.9237]]],[[[121.3647,-1.9248],[121.3647,-1.9248]]],[[[121.4785,-1.93],[121.4785,-1.93]]],[[[123.5359,-1.9277],[123.5359,-1.9277]]],[[[123.6367,-1.9267],[123.6367,-1.9267]]],[[[123.6364,-1.9247],[123.6364,-1.9247]]],[[[123.5401,-1.913],[123.5351,-1.9361],[123.5401,-1.913]]],[[[123.5344,-1.9244],[123.5344,-1.9244]]],[[[121.3782,-1.9049],[121.3645,-1.922],[121.3645,-1.9047],[121.3782,-1.9049]]],[[[123.6372,-1.9207],[123.6372,-1.9207]]],[[[123.6383,-1.9185],[123.6383,-1.9185]]],[[[123.6414,-1.9096],[123.6414,-1.9096]]],[[[123.0687,-1.9236],[123.0479,-1.9107],[123.0694,-1.8872],[123.0587,-1.8304],[123.0959,-1.7605],[123.1446,-1.7991],[123.1468,-1.8403],[123.1345,-1.8688],[123.1061,-1.8744],[123.0687,-1.9236]]],[[[123.6954,-1.8891],[123.6954,-1.8891]]],[[[123.7668,-1.8707],[123.7707,-1.8853],[123.7587,-1.8854],[123.7668,-1.8707]]],[[[123.6938,-1.8975],[123.6938,-1.8975]]],[[[123.6848,-1.8964],[123.6848,-1.8964]]],[[[123.6908,-1.8962],[123.6908,-1.8962]]],[[[123.6931,-1.8952],[123.6931,-1.8952]]],[[[123.6972,-1.8646],[123.6939,-1.9082],[123.7007,-1.8754],[123.6915,-1.8648],[123.6816,-1.8753],[123.6972,-1.8646]]],[[[122.558,-3.263],[122.558,-3.263]]],[[[122.5256,-3.2439],[122.5256,-3.2439]]],[[[122.6027,-3.1894],[122.6027,-3.1894]]],[[[122.5916,-3.146],[122.5916,-3.146]]],[[[122.6239,-3.1336],[122.6239,-3.1336]]],[[[122.6148,-3.1306],[122.6148,-3.1306]]],[[[122.6079,-3.1304],[122.6079,-3.1304]]],[[[122.5937,-3.1194],[122.5937,-3.1194]]],[[[122.59,-3.1187],[122.59,-3.1187]]],[[[122.5771,-3.1167],[122.5771,-3.1167]]],[[[122.5267,-3.092],[122.5267,-3.092]]],[[[122.539,-3.0947],[122.539,-3.0947]]],[[[122.5272,-3.0906],[122.5272,-3.0906]]],[[[122.5202,-3.09],[122.5202,-3.09]]],[[[122.5214,-3.0879],[122.5214,-3.0879]]],[[[122.53,-3.0889],[122.53,-3.0889]]],[[[122.5331,-3.091],[122.5331,-3.091]]],[[[122.536,-3.0804],[122.5276,-3.0874],[122.536,-3.0804]]],[[[122.3852,-3.0392],[122.3577,-3.0393],[122.3837,-3.0291],[122.3852,-3.0392]]],[[[122.3598,-3.0315],[122.3598,-3.0315]]],[[[122.3581,-3.0301],[122.3581,-3.0301]]],[[[122.3644,-3.0259],[122.3644,-3.0259]]],[[[122.2159,-2.8863],[122.2159,-2.8863]]],[[[122.1699,-2.8179],[122.1699,-2.8179]]],[[[122.1802,-2.8157],[122.1802,-2.8157]]],[[[122.1823,-2.8152],[122.1823,-2.8152]]],[[[122.3275,-3.0198],[122.3275,-3.0198]]],[[[122.3507,-3.0073],[122.3523,-3.0234],[122.3158,-3.0002],[122.3507,-3.0073]]],[[[123.1447,-2.2239],[123.1563,-2.1964],[123.1447,-2.2239]]],[[[123.4388,-2.2203],[123.4388,-2.2203]]],[[[123.6701,-2.1637],[123.6812,-2.1632],[123.6729,-2.1791],[123.6624,-2.1537],[123.6701,-2.1637]]],[[[123.6713,-2.1511],[123.6713,-2.1511]]],[[[123.4682,-2.2051],[123.4654,-2.2198],[123.4025,-2.2388],[123.3983,-2.2087],[123.4079,-2.2347],[123.4682,-2.2051]]],[[[123.4559,-2.211],[123.4559,-2.211]]],[[[123.4619,-2.2052],[123.4619,-2.2052]]],[[[123.3987,-2.2084],[123.4054,-2.1988],[123.3987,-2.2084]]],[[[123.6551,-2.1444],[123.6551,-2.1444]]],[[[123.6055,-2.1423],[123.6055,-2.1423]]],[[[122.5169,-3.0594],[122.5169,-3.0594]]],[[[122.3816,-3.0577],[122.3816,-3.0577]]],[[[122.3996,-3.0562],[122.3996,-3.0562]]],[[[122.4882,-3.0827],[122.4869,-3.0592],[122.5142,-3.0643],[122.5193,-3.0876],[122.4882,-3.0827]]],[[[122.48,-3.0783],[122.4612,-3.0608],[122.4774,-3.0619],[122.48,-3.0783]]],[[[122.4859,-3.0553],[122.4859,-3.0553]]],[[[122.4804,-3.0562],[122.4804,-3.0562]]],[[[122.515,-3.0553],[122.515,-3.0553]]],[[[122.502,-3.0535],[122.502,-3.0535]]],[[[122.4097,-3.0607],[122.3887,-3.0375],[122.4089,-3.0165],[122.4019,-3.0265],[122.427,-3.053],[122.4097,-3.0607]]],[[[123.6471,-2.1282],[123.6471,-2.1282]]],[[[123.5964,-2.1287],[123.5964,-2.1287]]],[[[123.4487,-2.1293],[123.4487,-2.1293]]],[[[123.4493,-2.1294],[123.4493,-2.1294]]],[[[123.594,-2.1296],[123.594,-2.1296]]],[[[123.4394,-2.1257],[123.4394,-2.1257]]],[[[123.4397,-2.1256],[123.4397,-2.1256]]],[[[123.4464,-2.1272],[123.4464,-2.1272]]],[[[123.4496,-2.1274],[123.4496,-2.1274]]],[[[123.5948,-2.127],[123.5948,-2.127]]],[[[123.4445,-2.1202],[123.4508,-2.1296],[123.4445,-2.1202]]],[[[123.5999,-2.1195],[123.5999,-2.1195]]],[[[123.8051,-2.117],[123.8051,-2.117]]],[[[123.5632,-2.1099],[123.5632,-2.1099]]],[[[123.8097,-2.109],[123.8097,-2.109]]],[[[123.5611,-2.0958],[123.5589,-2.1072],[123.5431,-2.1002],[123.5611,-2.0958]]],[[[123.9147,-2.0933],[123.9147,-2.0933]]],[[[123.9112,-2.0938],[123.9112,-2.0938]]],[[[123.9123,-2.0918],[123.9123,-2.0918]]],[[[123.9243,-2.1005],[123.9317,-2.1097],[123.9243,-2.1005]]],[[[123.8657,-2.0994],[123.8657,-2.0994]]],[[[123.9282,-2.0987],[123.9282,-2.0987]]],[[[123.8666,-2.0958],[123.858,-2.1035],[123.8666,-2.0958]]],[[[123.9248,-2.0988],[123.9248,-2.0988]]],[[[123.8698,-2.0982],[123.8698,-2.0982]]],[[[123.7522,-2.1046],[123.7634,-2.1051],[123.7522,-2.1046]]],[[[123.7554,-2.1025],[123.7554,-2.1025]]],[[[123.9268,-2.0982],[123.9268,-2.0982]]],[[[123.9254,-2.0968],[123.9254,-2.0968]]],[[[123.7483,-2.0923],[123.7483,-2.0923]]],[[[123.7518,-2.0962],[123.7518,-2.0962]]],[[[123.9235,-2.0984],[123.9235,-2.0984]]],[[[123.9224,-2.0977],[123.9224,-2.0977]]],[[[123.9197,-2.0974],[123.9197,-2.0974]]],[[[123.9007,-2.096],[123.9007,-2.096]]],[[[123.8905,-2.0941],[123.9006,-2.0978],[123.8905,-2.0941]]],[[[123.9238,-2.0946],[123.9238,-2.0946]]],[[[123.9197,-2.095],[123.9197,-2.095]]],[[[123.9088,-2.0953],[123.9088,-2.0953]]],[[[123.918,-2.0934],[123.918,-2.0934]]],[[[123.6432,-2.1245],[123.6432,-2.1245]]],[[[123.5959,-2.1246],[123.5959,-2.1246]]],[[[123.5905,-2.1222],[123.5905,-2.1222]]],[[[123.5909,-2.1212],[123.5909,-2.1212]]],[[[123.5929,-2.1205],[123.5929,-2.1205]]],[[[123.5977,-2.1174],[123.5977,-2.1174]]],[[[123.4508,-2.1326],[123.4508,-2.1326]]],[[[123.6,-2.1346],[123.6,-2.1346]]],[[[123.6005,-2.1311],[123.6005,-2.1311]]],[[[123.6027,-2.136],[123.6027,-2.136]]],[[[123.6068,-2.139],[123.6068,-2.139]]],[[[123.6091,-2.1355],[123.6091,-2.1355]]],[[[123.4446,-2.1315],[123.4446,-2.1315]]],[[[123.6383,-2.1266],[123.6418,-2.1368],[123.6383,-2.1266]]],[[[123.4411,-2.1318],[123.4411,-2.1318]]],[[[123.4436,-2.1305],[123.4436,-2.1305]]],[[[123.6431,-2.1262],[123.6431,-2.1262]]],[[[123.6073,-2.1239],[123.6073,-2.1239]]],[[[123.602,-2.1232],[123.602,-2.1232]]],[[[123.8973,-2.0923],[123.8973,-2.0923]]],[[[123.9154,-2.0923],[123.9154,-2.0923]]],[[[123.8977,-2.0912],[123.8977,-2.0912]]],[[[123.9198,-2.0886],[123.9198,-2.0886]]],[[[120.878,1.3608],[120.8882,1.3739],[120.878,1.3608]]],[[[121.6661,-0.8684],[121.6661,-0.8684]]],[[[122.4294,-3.1996],[122.4273,-3.2797],[122.4011,-3.2396],[122.3857,-3.2572],[122.3724,-3.2456],[122.3592,-3.2552],[122.3681,-3.2255],[122.3249,-3.2337],[122.3108,-3.2729],[122.2954,-3.2206],[122.3144,-3.165],[122.2849,-3.1414],[122.2222,-3.1349],[122.1719,-3.0842],[122.1796,-3.0328],[122.1,-3.009],[122.0691,-2.9518],[122.0064,-2.9576],[121.9208,-2.99],[121.8575,-2.9639],[121.8334,-2.9722],[121.6855,-2.9008],[121.6912,-2.8823],[121.6726,-2.869],[121.6698,-2.8426],[121.724,-2.808],[121.7222,-2.7683],[121.7904,-2.6604],[121.6983,-2.5329],[121.6532,-2.5395],[121.6263,-2.49],[121.5598,-2.4911],[121.4421,-2.405],[121.408,-2.4103],[121.2306,-2.3613],[121.181,-2.3749],[121.097,-2.2747],[121.0344,-2.2755],[120.9909,-2.2441],[120.8803,-2.2198],[120.805,-2.2253],[120.791,-2.2385],[120.7174,-2.2233],[120.5864,-2.1295],[120.4085,-1.8973],[120.3888,-1.8975],[120.3398,-2.0613],[120.2706,-2.0283],[120.1791,-2.0344],[120.1194,-2.0124],[120.0905,-1.9814],[120.0509,-1.9848],[120.0095,-1.9644],[119.9691,-1.9765],[119.945,-2.0283],[119.9091,-2.0534],[119.8839,-2.0462],[119.8682,-2.0275],[119.8691,-1.8906],[119.8569,-1.8765],[119.8754,-1.8624],[119.8579,-1.8221],[119.8714,-1.7786],[119.8269,-1.7674],[119.7975,-1.7392],[119.7505,-1.6434],[119.7278,-1.6435],[119.7334,-1.605],[119.6711,-1.544],[119.6693,-1.5142],[119.7006,-1.4578],[119.622,-1.397],[119.5913,-1.3965],[119.5829,-1.4256],[119.5466,-1.4374],[119.5421,-1.4218],[119.5083,-1.4508],[119.5187,-1.412],[119.5094,-1.4169],[119.5022,-1.3929],[119.4784,-1.3983],[119.4485,-1.3609],[119.4643,-1.3186],[119.5225,-1.3107],[119.5236,-1.2944],[119.4818,-1.3094],[119.4733,-1.2978],[119.524,-1.2515],[119.5421,-1.2005],[119.5648,-1.2013],[119.5721,-1.149],[119.6073,-1.1541],[119.5754,-1.0186],[119.5569,-1.0095],[119.5532,-0.9382],[119.5728,-0.8797],[119.5618,-0.8497],[119.6137,-0.8346],[119.6229,-0.8008],[119.6528,-0.7841],[119.649,-0.8054],[119.663,-0.8016],[119.6564,-0.7816],[119.682,-0.7687],[119.6863,-0.7477],[119.661,-0.717],[119.7099,-0.6844],[119.7274,-0.6457],[119.7609,-0.682],[119.8388,-0.879],[119.8698,-0.8839],[119.8811,-0.86],[119.8842,-0.8213],[119.8587,-0.7741],[119.8627,-0.7136],[119.8225,-0.6884],[119.7586,-0.49],[119.7645,-0.4005],[119.7516,-0.3665],[119.8181,-0.1958],[119.7987,-0.1554],[119.8103,-0.1367],[119.7938,-0.1218],[119.7377,-0.143],[119.7031,-0.1367],[119.6537,-0.0945],[119.6064,-0.0042],[119.6663,-0.0173],[119.6657,0.02],[119.7327,-0.021],[119.7387,-0.0613],[119.7689,-0.0768],[119.7776,-0.114],[119.8224,-0.1165],[119.8379,-0.103],[119.8825,-0.0219],[119.8789,0.0771],[119.8633,0.1153],[119.7956,0.1717],[119.7705,0.2127],[119.808,0.2364],[119.8347,0.216],[119.8875,0.211],[119.9033,0.2234],[119.8907,0.2961],[119.8718,0.2946],[119.8483,0.3518],[119.8885,0.3929],[119.877,0.4429],[119.9008,0.479],[120.001,0.4838],[120.0468,0.5137],[120.0142,0.6518],[120.0384,0.7174],[120.0538,0.712],[120.0663,0.7358],[120.1008,0.7505],[120.1226,0.741],[120.1725,0.7532],[120.2327,0.7941],[120.2471,0.9577],[120.2823,0.9863],[120.3541,0.9842],[120.3271,0.8549],[120.3634,0.8283],[120.3738,0.8668],[120.3749,0.829],[120.3973,0.7922],[120.4739,0.778],[120.5343,0.7923],[120.5565,0.7704],[120.5472,0.7557],[120.5959,0.751],[120.5739,0.7696],[120.5967,0.8093],[120.6103,0.8093],[120.6037,0.872],[120.6381,0.919],[120.6353,0.9395],[120.6706,0.95],[120.6702,0.9657],[120.689,0.9535],[120.6807,0.9612],[120.6959,0.9659],[120.6787,0.9701],[120.697,0.9869],[120.7228,0.9728],[120.7053,0.9616],[120.7322,0.9616],[120.7389,0.9942],[120.7851,1.0303],[120.8087,1.0289],[120.8007,1.082],[120.7769,1.1108],[120.7882,1.1641],[120.822,1.1718],[120.8273,1.192],[120.8103,1.2193],[120.8216,1.2939],[120.8076,1.3254],[120.869,1.3177],[120.9034,1.3567],[120.9152,1.3372],[120.8994,1.3342],[120.9058,1.318],[120.8852,1.3167],[120.901,1.3135],[120.8952,1.3039],[120.9184,1.3261],[120.9283,1.3186],[120.9217,1.3306],[120.9422,1.3504],[120.9956,1.34],[121.0627,1.3028],[121.1001,1.3164],[121.1767,1.2605],[121.2561,1.2307],[121.3372,1.2624],[121.3538,1.2484],[121.4045,1.2621],[121.452,1.3119],[121.4709,1.3016],[121.4721,1.2626],[121.4163,1.2395],[121.4345,1.2345],[121.4222,1.186],[121.4838,1.1081],[121.5557,1.063],[121.6324,1.0611],[121.6515,1.04],[121.6549,1.0651],[121.685,1.072],[121.7058,1.0385],[121.7173,1.0438],[121.7001,1.0682],[121.7106,1.0818],[121.741,1.0619],[121.8236,1.0921],[121.8842,1.0809],[121.9269,1.1026],[121.9582,1.0608],[121.9531,1.041],[121.9818,1.0234],[122.0417,1.0476],[122.0653,1.0744],[122.0747,1.0595],[122.109,1.0688],[122.1228,1.0454],[122.1301,1.0569],[122.1541,1.0499],[122.1633,1.0333],[122.1864,1.057],[122.1955,1.0385],[122.0423,0.9895],[121.9758,0.9042],[121.9217,0.9278],[121.9021,0.9639],[121.8515,0.9927],[121.8119,0.9502],[121.6031,0.8729],[121.5369,0.8759],[121.5324,0.8527],[121.4808,0.8376],[121.359,0.8534],[121.347,0.8483],[121.3645,0.8068],[121.3533,0.7953],[121.2159,0.792],[121.2136,0.7734],[121.1864,0.7572],[121.1874,0.7221],[121.1612,0.6787],[121.1967,0.6419],[121.2307,0.6432],[121.2394,0.6022],[121.3038,0.5679],[121.3164,0.5784],[121.3457,0.5658],[121.3473,0.5352],[121.3313,0.5227],[121.3517,0.492],[121.337,0.4737],[121.2918,0.4948],[121.2505,0.4887],[121.2329,0.4584],[121.1847,0.461],[121.1608,0.4364],[121.1619,0.4155],[121.1113,0.4011],[121.0747,0.4],[121.0275,0.4403],[120.8973,0.3959],[120.8544,0.4425],[120.8088,0.4532],[120.8107,0.475],[120.7679,0.4569],[120.6884,0.5133],[120.4984,0.5126],[120.4368,0.4714],[120.4108,0.4819],[120.3104,0.4243],[120.2766,0.3674],[120.2458,0.3534],[120.202,0.2643],[120.1582,0.2276],[120.1241,0.1648],[120.1349,0.1318],[120.106,0.0951],[120.095,-0.0314],[120.0665,-0.0601],[120.0351,-0.0655],[120.0401,-0.1412],[120.0071,-0.1912],[120.0086,-0.2857],[120.0302,-0.3037],[120.0409,-0.3908],[120.0723,-0.4416],[120.0449,-0.517],[120.0602,-0.6324],[120.1326,-0.774],[120.1742,-0.7974],[120.1984,-0.8487],[120.2232,-0.8482],[120.3097,-0.9648],[120.4067,-0.923],[120.4609,-0.9936],[120.509,-0.9984],[120.56,-1.0923],[120.586,-1.1119],[120.5931,-1.1683],[120.5714,-1.1991],[120.5712,-1.2562],[120.6382,-1.3082],[120.6432,-1.3635],[120.6754,-1.415],[120.6934,-1.4194],[120.721,-1.388],[120.7481,-1.3893],[120.7627,-1.365],[120.7847,-1.3721],[120.8022,-1.3505],[120.8403,-1.3581],[120.8375,-1.3956],[120.8589,-1.4121],[120.95,-1.4149],[120.9819,-1.3991],[121.0175,-1.4197],[121.0397,-1.4128],[121.0391,-1.4339],[121.1009,-1.4376],[121.1635,-1.3672],[121.2227,-1.2025],[121.2796,-1.1588],[121.3365,-1.0646],[121.3923,-1.035],[121.3963,-1.005],[121.4493,-0.9731],[121.4798,-0.9001],[121.5888,-0.866],[121.5969,-0.8252],[121.6336,-0.8071],[121.6541,-0.8021],[121.6642,-0.8179],[121.656,-0.9118],[121.6963,-0.9261],[121.7099,-0.9495],[121.7609,-0.9711],[121.8218,-0.9565],[121.9424,-0.9887],[122.0052,-0.933],[122.1073,-0.9491],[122.1454,-0.9046],[122.1466,-0.8596],[122.1657,-0.838],[122.1585,-0.8141],[122.1867,-0.8119],[122.1997,-0.7876],[122.4141,-0.7833],[122.4589,-0.7587],[122.5097,-0.7669],[122.5248,-0.786],[122.5805,-0.7837],[122.615,-0.7615],[122.6856,-0.8103],[122.728,-0.8127],[122.7907,-0.776],[122.9612,-0.7542],[122.9503,-0.7356],[122.8937,-0.7386],[122.8694,-0.7111],[122.7816,-0.7049],[122.7251,-0.6625],[122.7814,-0.6695],[122.8074,-0.6341],[122.842,-0.6415],[122.8633,-0.6217],[122.8816,-0.6385],[122.8945,-0.6229],[122.9541,-0.6179],[122.94,-0.6272],[122.9573,-0.6441],[122.9681,-0.6189],[122.9894,-0.6233],[123.0516,-0.5906],[123.057,-0.5643],[123.1636,-0.5837],[123.198,-0.5691],[123.2627,-0.58],[123.4075,-0.6505],[123.3815,-0.6628],[123.3961,-0.6966],[123.4228,-0.7189],[123.4439,-0.7105],[123.4266,-0.7446],[123.4447,-0.7451],[123.4576,-0.7691],[123.4341,-0.7996],[123.4439,-0.838],[123.397,-0.8783],[123.3836,-0.9313],[123.3974,-0.953],[123.3535,-1.033],[123.311,-1.0509],[123.2651,-1.0424],[123.2385,-1.0002],[123.1688,-0.9525],[123.1431,-0.9532],[123.1339,-0.8994],[123.1521,-0.901],[123.1511,-0.8856],[123.1002,-0.8355],[123.06,-0.8715],[123.0742,-0.8824],[123.0592,-0.8967],[123.0372,-0.8943],[123.0427,-0.8718],[123.0276,-0.8815],[123.0413,-0.9082],[123.0056,-0.8936],[122.8898,-0.9296],[122.8094,-0.9369],[122.7867,-0.9746],[122.7984,-1.0035],[122.7284,-1.0864],[122.7151,-1.1343],[122.6692,-1.1377],[122.6618,-1.1645],[122.6351,-1.1651],[122.6331,-1.2354],[122.5599,-1.2681],[122.56,-1.312],[122.4183,-1.4406],[122.3922,-1.493],[122.304,-1.5329],[122.2127,-1.606],[122.0331,-1.611],[121.9592,-1.6792],[121.9255,-1.6806],[121.9043,-1.7013],[121.8887,-1.6755],[121.8831,-1.6888],[121.863,-1.6708],[121.8613,-1.7023],[121.8873,-1.706],[121.8586,-1.7093],[121.8513,-1.6932],[121.8076,-1.7308],[121.8071,-1.763],[121.7438,-1.8875],[121.6767,-1.9466],[121.5636,-1.9572],[121.4885,-1.8732],[121.4577,-1.8768],[121.4698,-1.857],[121.4485,-1.8673],[121.468,-1.8364],[121.446,-1.804],[121.4187,-1.822],[121.4001,-1.805],[121.379,-1.8104],[121.3227,-1.7639],[121.299,-1.7975],[121.2942,-1.857],[121.3272,-1.8639],[121.3443,-1.8417],[121.3449,-1.8651],[121.362,-1.8744],[121.3307,-1.8801],[121.3498,-1.8973],[121.3321,-1.8987],[121.3122,-1.9294],[121.3511,-1.9502],[121.3427,-2.0054],[121.381,-1.9768],[121.3788,-1.9174],[121.4093,-1.9062],[121.4208,-1.9568],[121.4525,-1.9998],[121.4992,-2.0268],[121.4933,-2.042],[121.5111,-2.0579],[121.5297,-2.0455],[121.5314,-2.0697],[121.5347,-2.0486],[121.5221,-2.0749],[121.5448,-2.1096],[121.54,-2.1338],[121.5259,-2.1339],[121.5382,-2.1312],[121.5535,-2.1679],[121.666,-2.1908],[121.6794,-2.1734],[121.7238,-2.1981],[121.7952,-2.2882],[121.8248,-2.2939],[121.8749,-2.4029],[121.9682,-2.5281],[122.0017,-2.6278],[122.0354,-2.657],[122.0327,-2.6738],[122.0105,-2.6741],[122.0101,-2.7184],[122.0589,-2.7491],[122.0856,-2.7887],[122.1395,-2.7887],[122.1849,-2.8237],[122.1852,-2.8696],[122.2081,-2.9007],[122.2503,-2.8776],[122.2531,-2.8913],[122.2783,-2.8864],[122.3146,-2.9103],[122.307,-2.9562],[122.2513,-3.0264],[122.3356,-3.0858],[122.3714,-3.1416],[122.4266,-3.1269],[122.4453,-3.1621],[122.4644,-3.1498],[122.4856,-3.1778],[122.4294,-3.1996]],[[119.6692,-0.7054],[119.6692,-0.7054]],[[121.6645,-0.8301],[121.6645,-0.8301]]],[[[121.60027777777778,-0.844122222222224],[121.60027777777778,-0.844122222222224]]],[[[121.5829,-0.8671],[121.5829,-0.8671]]],[[[123.4519,-0.829],[123.4519,-0.829]]],[[[123.4587,-0.8227],[123.4587,-0.8227]]],[[[119.6559,-0.7933],[119.6559,-0.7933]]],[[[119.6578,-0.7892],[119.6578,-0.7892]]],[[[119.6547,-0.7831],[119.6547,-0.7831]]],[[[121.7696,-0.7464],[121.7575,-0.741],[121.7696,-0.7464]]],[[[119.6779,-0.7274],[119.6779,-0.7274]]],[[[119.7616,-0.6993],[119.7616,-0.6993]]],[[[119.7631,-0.6981],[119.7631,-0.6981]]],[[[122.7514,-0.6405],[122.7514,-0.6405]]],[[[122.8377,-0.6263],[122.8377,-0.6263]]],[[[122.8948,-0.6156],[122.8948,-0.6156]]],[[[123.3614,-0.6186],[123.3614,-0.6186]]],[[[123.3545,-0.6118],[123.3545,-0.6118]]],[[[123.3364,-0.6039],[123.3364,-0.6039]]],[[[121.6262,-0.5941],[121.6265,-0.5825],[121.6262,-0.5941]]],[[[121.644,-0.5358],[121.644,-0.5358]]],[[[122.6505,-0.5085],[122.6505,-0.5085]]],[[[121.8735,-0.522],[121.8609,-0.5254],[121.8735,-0.522]]],[[[122.5696,-0.493],[122.6028,-0.4806],[122.6172,-0.5007],[122.5641,-0.5203],[122.5243,-0.5033],[122.5696,-0.493]]],[[[121.6587,-0.5337],[121.6587,-0.5337]]],[[[121.6591,-0.5334],[121.6591,-0.5334]]],[[[121.6609,-0.5308],[121.6609,-0.5308]]],[[[121.6698,-0.5284],[121.6698,-0.5284]]],[[[121.6916,-0.4896],[121.6916,-0.4896]]],[[[121.69,-0.4874],[121.69,-0.4874]]],[[[121.6905,-0.4869],[121.6905,-0.4869]]],[[[121.6761,-0.4847],[121.6761,-0.4847]]],[[[121.6984,-0.4775],[121.6984,-0.4775]]],[[[121.6937,-0.4784],[121.6937,-0.4784]]],[[[121.6941,-0.4775],[121.6941,-0.4775]]],[[[121.692,-0.477],[121.692,-0.477]]],[[[121.6946,-0.4747],[121.6946,-0.4747]]],[[[121.6821,-0.4753],[121.6821,-0.4753]]],[[[121.6939,-0.466],[121.6939,-0.466]]],[[[121.7024,-0.467],[121.7024,-0.467]]],[[[121.7245,-0.4653],[121.7245,-0.4653]]],[[[121.6958,-0.4709],[121.6958,-0.4709]]],[[[121.6963,-0.4703],[121.6963,-0.4703]]],[[[121.6934,-0.4698],[121.6934,-0.4698]]],[[[121.7155,-0.4685],[121.7155,-0.4685]]],[[[121.6978,-0.4699],[121.6978,-0.4699]]],[[[121.6945,-0.4699],[121.6945,-0.4699]]],[[[121.6845,-0.4698],[121.6845,-0.4698]]],[[[121.7091,-0.4684],[121.7091,-0.4684]]],[[[121.6494,-0.5409],[121.6494,-0.5409]]],[[[122.3274,-0.3069],[122.3274,-0.3069]]],[[[122.3166,-0.2879],[122.3166,-0.2879]]],[[[122.2342,-0.3119],[122.2342,-0.3119]]],[[[122.2384,-0.304],[122.2384,-0.304]]],[[[121.9403,-0.3171],[121.9403,-0.3171]]],[[[121.9732,-0.3234],[121.9732,-0.3234]]],[[[121.9945,-0.3107],[121.9945,-0.3107]]],[[[121.96,-0.3116],[121.96,-0.3116]]],[[[121.9853,-0.3122],[121.9853,-0.3122]]],[[[122.1315,-0.3444],[122.1315,-0.3444]]],[[[122.1425,-0.3361],[122.1425,-0.3361]]],[[[121.6486,-0.129],[121.6524,-0.1918],[121.616,-0.2162],[121.5926,-0.2107],[121.5638,-0.1605],[121.6036,-0.1283],[121.6486,-0.129]]],[[[119.7994,-0.0589],[119.7994,-0.0589]]],[[[119.7973,-0.0575],[119.7973,-0.0575]]],[[[119.8046,-0.058],[119.8046,-0.058]]],[[[119.8062,-0.0464],[119.8062,-0.0464]]],[[[119.8002,-0.0396],[119.8002,-0.0396]]],[[[119.7859,-0.0183],[119.7859,-0.0183]]],[[[119.9063,0.4839],[119.8914,0.4918],[119.9063,0.4839]]],[[[119.6198,0.0886],[119.6198,0.0886]]],[[[119.6247,0.09],[119.6182,0.0984],[119.6247,0.09]]],[[[119.8624,0.5307],[119.8782,0.5204],[119.8507,0.5058],[119.8624,0.5307]]],[[[119.7979,0.5773],[119.7979,0.5773]]],[[[120.036,0.6998],[120.036,0.6998]]],[[[120.0753,0.7462],[120.0753,0.7462]]],[[[120.0796,0.7468],[120.0796,0.7468]]],[[[120.3483,0.9647],[120.3483,0.9647]]],[[[120.2333,0.9748],[120.2494,0.9854],[120.2333,0.9748]]],[[[120.3589,0.9807],[120.3589,0.9807]]],[[[120.3782,1.0022],[120.3782,1.0022]]],[[[120.3984,1.0376],[120.3926,1.0103],[120.3736,1.0104],[120.3677,1.0466],[120.384,1.0777],[120.4003,1.0712],[120.3984,1.0376]]],[[[120.777,1.0436],[120.777,1.0436]]],[[[120.6649,1.0501],[120.6649,1.0501]]],[[[121.9731,1.0721],[121.9623,1.052],[121.9731,1.0721]]],[[[121.81,1.0921],[121.81,1.0921]]],[[[121.8457,1.1222],[121.8344,1.1188],[121.8457,1.1222]]],[[[120.7869,1.1682],[120.7869,1.1682]]],[[[121.3608,1.2693],[121.3608,1.2693]]],[[[120.7997,1.2818],[120.7997,1.2818]]],[[[121.0635,1.3219],[121.0635,1.3219]]],[[[120.6471,1.0417],[120.6655,1.0403],[120.6756,1.0128],[120.5995,1.0641],[120.625,1.0642],[120.6471,1.0417]]],[[[120.6693,1.0764],[120.6693,1.0764]]],[[[120.7899,1.3334],[120.7899,1.3334]]],[[[120.7182,0.9833],[120.7182,0.9833]]],[[[120.6898,0.9868],[120.6898,0.9868]]],[[[120.7326,0.9981],[120.7227,0.9854],[120.6997,0.9932],[120.7326,0.9981]]],[[[122.3139,-0.2854],[122.3139,-0.2854]]],[[[122.2572,-0.28],[122.2572,-0.28]]],[[[122.2683,-0.2876],[122.2683,-0.2876]]],[[[122.272,-0.2869],[122.272,-0.2869]]],[[[122.3772,-0.3089],[122.368,-0.329],[122.3968,-0.3896],[122.3473,-0.3207],[122.3455,-0.2901],[122.3256,-0.2916],[122.3013,-0.2583],[122.2916,-0.2694],[122.2842,-0.2569],[122.2799,-0.2688],[122.2514,-0.2601],[122.2288,-0.2123],[122.2578,-0.2169],[122.2634,-0.2387],[122.2817,-0.2221],[122.2918,-0.2479],[122.309,-0.235],[122.3565,-0.2566],[122.3829,-0.2816],[122.3772,-0.3089]]],[[[122.3142,-0.2804],[122.3142,-0.2804]]],[[[122.0896,-0.2571],[122.0283,-0.2751],[122.0868,-0.241],[122.0896,-0.2571]]],[[[122.0923,-0.2584],[122.0923,-0.2584]]],[[[122.2306,-0.2735],[122.2306,-0.2735]]],[[[122.1507,-0.2743],[122.1514,-0.2631],[122.1507,-0.2743]]],[[[122.1131,-0.2672],[122.1173,-0.2531],[122.1296,-0.267],[122.1131,-0.2672]]],[[[122.208,-0.2224],[122.208,-0.2224]]],[[[122.2463,-0.2847],[122.2336,-0.2976],[122.2396,-0.2806],[122.2133,-0.2915],[122.2047,-0.2719],[122.1804,-0.2793],[122.1782,-0.2511],[122.1515,-0.2623],[122.1475,-0.2437],[122.2087,-0.2103],[122.1881,-0.2504],[122.2184,-0.2485],[122.2147,-0.2618],[122.2332,-0.2584],[122.2281,-0.273],[122.2463,-0.2847]]],[[[122.2845,-0.2227],[122.2845,-0.2227]]],[[[122.2644,-0.2177],[122.2644,-0.2177]]],[[[122.2124,-0.2139],[122.2124,-0.2139]]],[[[121.7944,-0.4014],[121.7944,-0.4014]]],[[[121.7983,-0.4029],[121.7983,-0.4029]]],[[[122.0578,-0.3734],[122.0578,-0.3734]]],[[[122.0807,-0.397],[122.0807,-0.397]]],[[[121.8344,-0.4086],[121.8344,-0.4086]]],[[[121.827,-0.407],[121.827,-0.407]]],[[[121.8287,-0.4047],[121.8287,-0.4047]]],[[[122.0964,-0.4041],[122.0964,-0.4041]]],[[[121.8332,-0.4036],[121.8332,-0.4036]]],[[[121.8413,-0.3613],[121.8413,-0.3613]]],[[[121.8324,-0.3505],[121.8324,-0.3505]]],[[[121.8481,-0.3521],[121.8481,-0.3521]]],[[[121.8389,-0.3466],[121.8389,-0.3466]]],[[[122.022,-0.3651],[122.022,-0.3651]]],[[[121.855,-0.3646],[121.855,-0.3646]]],[[[121.8524,-0.3629],[121.8524,-0.3629]]],[[[121.8529,-0.3614],[121.8529,-0.3614]]],[[[121.8438,-0.3632],[121.8473,-0.3531],[121.8438,-0.3632]]],[[[121.8661,-0.3624],[121.853,-0.3564],[121.8782,-0.3491],[121.8661,-0.3624]]],[[[121.8517,-0.3556],[121.8517,-0.3556]]],[[[122.0121,-0.3523],[122.0121,-0.3523]]],[[[121.8621,-0.3515],[121.8621,-0.3515]]],[[[121.8506,-0.3541],[121.8506,-0.3541]]],[[[121.9828,-0.3539],[121.9828,-0.3539]]],[[[121.8514,-0.3536],[121.8514,-0.3536]]],[[[121.8761,-0.3478],[121.8761,-0.3478]]],[[[121.8587,-0.3468],[121.8587,-0.3468]]],[[[121.8572,-0.3471],[121.8572,-0.3471]]],[[[121.8618,-0.3461],[121.8618,-0.3461]]],[[[121.8827,-0.3443],[121.8827,-0.3443]]],[[[121.8745,-0.3404],[121.8745,-0.3404]]],[[[121.906,-0.3394],[121.906,-0.3394]]],[[[121.8835,-0.3402],[121.8835,-0.3402]]],[[[121.8823,-0.3403],[121.8823,-0.3403]]],[[[121.8509,-0.3348],[121.8509,-0.3348]]],[[[121.9034,-0.3314],[121.9034,-0.3314]]],[[[121.9234,-0.3326],[121.9234,-0.3326]]],[[[121.9076,-0.3354],[121.9076,-0.3354]]],[[[121.9163,-0.3356],[121.9163,-0.3356]]],[[[121.9172,-0.3386],[121.9172,-0.3386]]],[[[121.9265,-0.3289],[121.9265,-0.3289]]],[[[122.0376,-0.3235],[122.0376,-0.3235]]],[[[121.9407,-0.3476],[121.9407,-0.3476]]],[[[121.9744,-0.3355],[121.9744,-0.3355]]],[[[121.9982,-0.3413],[121.9982,-0.3413]]],[[[121.7192,-0.4656],[121.7192,-0.4656]]],[[[121.7632,-0.4639],[121.7632,-0.4639]]],[[[121.7277,-0.4611],[121.7277,-0.4611]]],[[[121.9195,-0.4781],[121.9178,-0.516],[121.8861,-0.5397],[121.8712,-0.5346],[121.8631,-0.496],[121.8339,-0.496],[121.8626,-0.5186],[121.8311,-0.5322],[121.7832,-0.4942],[121.7473,-0.5122],[121.7412,-0.4954],[121.7002,-0.5631],[121.6583,-0.5772],[121.6545,-0.5673],[121.6494,-0.5397],[121.6698,-0.5316],[121.693,-0.479],[121.7055,-0.4805],[121.6928,-0.4714],[121.7209,-0.4732],[121.7384,-0.4487],[121.7689,-0.461],[121.755,-0.4296],[121.769,-0.4157],[121.7831,-0.4487],[121.8677,-0.4093],[121.9157,-0.4399],[121.9195,-0.4781]]],[[[121.7667,-0.4617],[121.7667,-0.4617]]],[[[121.7217,-0.4594],[121.7217,-0.4594]]],[[[121.7597,-0.4578],[121.7597,-0.4578]]],[[[121.7535,-0.4484],[121.7535,-0.4484]]],[[[121.7587,-0.4557],[121.7587,-0.4557]]],[[[121.7245,-0.456],[121.7245,-0.456]]],[[[122.1039,-0.4447],[122.1039,-0.4447]]],[[[122.1012,-0.4441],[122.1012,-0.4441]]],[[[122.0724,-0.4412],[122.0724,-0.4412]]],[[[122.1021,-0.4412],[122.1021,-0.4412]]],[[[122.1007,-0.4424],[122.1007,-0.4424]]],[[[122.0832,-0.4408],[122.0832,-0.4408]]],[[[122.071,-0.4412],[122.071,-0.4412]]],[[[122.0987,-0.4403],[122.0987,-0.4403]]],[[[122.0961,-0.4414],[122.0961,-0.4414]]],[[[121.7949,-0.4402],[121.7949,-0.4402]]],[[[121.7822,-0.4318],[121.7822,-0.4318]]],[[[122.1263,-0.4247],[122.1263,-0.4247]]],[[[122.1,-0.4072],[122.1,-0.4072]]],[[[121.8317,-0.4088],[121.8317,-0.4088]]],[[[121.8288,-0.408],[121.8288,-0.408]]],[[[121.8157,-0.3884],[121.8271,-0.3976],[121.8166,-0.4089],[121.8157,-0.3884]]],[[[121.8301,-0.4156],[121.8301,-0.4156]]],[[[121.8003,-0.4201],[121.8003,-0.4201]]],[[[121.8005,-0.4168],[121.8005,-0.4168]]],[[[121.8289,-0.4161],[121.8289,-0.4161]]],[[[121.8244,-0.4159],[121.8244,-0.4159]]],[[[121.7959,-0.4108],[121.7959,-0.4108]]],[[[122.1198,-0.4256],[122.1198,-0.4256]]],[[[122.0644,-0.4252],[122.0644,-0.4252]]],[[[122.1168,-0.4269],[122.1168,-0.4269]]],[[[122.0693,-0.4245],[122.0693,-0.4245]]],[[[122.0149,-0.4258],[122.0149,-0.4258]]],[[[122.1157,-0.4305],[122.1157,-0.4305]]],[[[122.11,-0.4315],[122.11,-0.4315]]],[[[122.0858,-0.4321],[122.0858,-0.4321]]],[[[122.1015,-0.431],[122.1015,-0.431]]],[[[122.0751,-0.4315],[122.0751,-0.4315]]],[[[122.0834,-0.4286],[122.0834,-0.4286]]],[[[122.08,-0.4309],[122.08,-0.4309]]],[[[122.0759,-0.4318],[122.0759,-0.4318]]],[[[122.0618,-0.4296],[122.0618,-0.4296]]],[[[122.0692,-0.4305],[122.0692,-0.4305]]],[[[121.8007,-0.429],[121.8007,-0.429]]],[[[121.8032,-0.4253],[121.8032,-0.4253]]],[[[122.1115,-0.43],[122.1115,-0.43]]],[[[122.0597,-0.4296],[122.0597,-0.4296]]],[[[121.9806,-0.4306],[121.9806,-0.4306]]],[[[122.0746,-0.4285],[122.0746,-0.4285]]],[[[122.0684,-0.4281],[122.0684,-0.4281]]],[[[121.8056,-0.4261],[121.8056,-0.4261]]],[[[122.1161,-0.4262],[122.1161,-0.4262]]],[[[122.0729,-0.4237],[122.0729,-0.4237]]],[[[122.0263,-0.426],[122.0263,-0.426]]],[[[122.1039,-0.4246],[122.1039,-0.4246]]],[[[122.1182,-0.4228],[122.1182,-0.4228]]],[[[121.7991,-0.4241],[121.7991,-0.4241]]],[[[122.0688,-0.4213],[122.0688,-0.4213]]],[[[122.0786,-0.4249],[122.0786,-0.4249]]],[[[121.7979,-0.4311],[121.8061,-0.4161],[121.7979,-0.4311]]],[[[122.0676,-0.4251],[122.0676,-0.4251]]],[[[122.0785,-0.4193],[122.0785,-0.4193]]],[[[121.7828,-0.4354],[121.7828,-0.4354]]],[[[122.0729,-0.4352],[122.0729,-0.4352]]],[[[121.7878,-0.4365],[121.7878,-0.4365]]],[[[122.0681,-0.435],[122.0681,-0.435]]],[[[122.1123,-0.437],[122.1123,-0.437]]],[[[122.0839,-0.4358],[122.0839,-0.4358]]],[[[122.0778,-0.436],[122.0778,-0.436]]],[[[122.0738,-0.4338],[122.0738,-0.4338]]],[[[122.1025,-0.4348],[122.1025,-0.4348]]],[[[122.0831,-0.4343],[122.0831,-0.4343]]],[[[122.0767,-0.4343],[122.0767,-0.4343]]],[[[121.7866,-0.4385],[121.7866,-0.4385]]],[[[122.0687,-0.4386],[122.0687,-0.4386]]],[[[121.9269,-0.4412],[121.9269,-0.4412]]],[[[122.1033,-0.4403],[122.1033,-0.4403]]],[[[121.7856,-0.4408],[121.7856,-0.4408]]],[[[122.0726,-0.4388],[122.0726,-0.4388]]],[[[122.0814,-0.4406],[122.0814,-0.4406]]],[[[122.0995,-0.4386],[122.0995,-0.4386]]],[[[122.0965,-0.4382],[122.0965,-0.4382]]],[[[122.0681,-0.4391],[122.0681,-0.4391]]],[[[122.0714,-0.4392],[122.0714,-0.4392]]],[[[122.0732,-0.4393],[122.0732,-0.4393]]],[[[122.0957,-0.4396],[122.0957,-0.4396]]],[[[121.7822,-0.4376],[121.7822,-0.4376]]],[[[121.7842,-0.4381],[121.7842,-0.4381]]],[[[121.794,-0.4382],[121.794,-0.4382]]],[[[121.7866,-0.4374],[121.7866,-0.4374]]],[[[121.9367,-0.4349],[121.9367,-0.4349]]],[[[122.1028,-0.4365],[122.1028,-0.4365]]],[[[122.0987,-0.437],[122.0987,-0.437]]],[[[122.0851,-0.4394],[122.0851,-0.4394]]],[[[122.0827,-0.4369],[122.0827,-0.4369]]],[[[122.0763,-0.4368],[122.0763,-0.4368]]],[[[121.7854,-0.4345],[121.7854,-0.4345]]],[[[122.0812,-0.4346],[122.0812,-0.4346]]],[[[122.08,-0.4324],[122.08,-0.4324]]],[[[122.0177,-0.4341],[122.0177,-0.4341]]],[[[122.0714,-0.4305],[122.0714,-0.4305]]],[[[121.9368,-0.4313],[121.918,-0.4393],[121.8753,-0.4125],[121.8591,-0.3778],[121.8844,-0.3605],[121.872,-0.3591],[121.8838,-0.3441],[121.8981,-0.3553],[121.8878,-0.3417],[121.916,-0.3376],[121.9243,-0.3696],[121.9519,-0.3528],[121.9607,-0.3694],[121.9578,-0.3558],[121.9713,-0.3538],[121.9613,-0.3435],[121.9248,-0.3343],[121.9685,-0.3265],[121.9696,-0.3466],[121.991,-0.3414],[121.9791,-0.3556],[121.9974,-0.3516],[122.012,-0.375],[122.019,-0.3534],[122.0406,-0.3627],[122.0402,-0.339],[122.06,-0.3491],[122.0682,-0.3963],[122.053,-0.4015],[122.0546,-0.421],[122.0126,-0.4172],[122.0092,-0.3981],[122.0103,-0.4217],[121.972,-0.4157],[121.9368,-0.4313]]],[[[122.1313,-0.4149],[122.0945,-0.3992],[122.1084,-0.434],[122.0934,-0.4272],[122.0962,-0.4465],[122.0636,-0.4085],[122.0849,-0.3949],[122.0672,-0.391],[122.0614,-0.3529],[122.0758,-0.3445],[122.0698,-0.3032],[122.0806,-0.3065],[122.0907,-0.2708],[122.1109,-0.339],[122.1398,-0.3565],[122.1346,-0.3398],[122.1436,-0.3459],[122.154,-0.3972],[122.146,-0.4187],[122.1313,-0.4149]]]]}},{"type":"Feature","properties":{"NAME_1":"SulawesiTenggara"},"geometry":{"type":"MultiPolygon","coordinates":[[[[122.7179,-6.2029],[122.7362,-6.2147],[122.6977,-6.2134],[122.6725,-6.1815],[122.7179,-6.2029]]],[[[122.7208,-5.6888],[122.712,-5.6194],[122.6627,-5.6935],[122.6346,-5.6936],[122.5558,-5.5035],[122.5926,-5.4567],[122.6277,-5.4597],[122.6467,-5.4437],[122.6408,-5.4113],[122.6186,-5.406],[122.6542,-5.3244],[122.6762,-5.3081],[122.6868,-5.3208],[122.7323,-5.2421],[122.7709,-5.2541],[122.8067,-5.2215],[122.7888,-5.1834],[122.755,-5.229],[122.7583,-5.1876],[122.7375,-5.1704],[122.772,-5.1105],[122.7891,-5.1066],[122.7872,-5.0836],[122.7575,-5.11],[122.8025,-5.0266],[122.7893,-5.0192],[122.7384,-5.0529],[122.7667,-5.0077],[122.8122,-4.9817],[122.8318,-4.9207],[122.8286,-4.8891],[122.806,-4.8668],[122.8133,-4.8287],[122.8399,-4.8353],[122.8574,-4.7798],[122.8284,-4.6784],[122.8674,-4.526],[122.9074,-4.4609],[122.9505,-4.4251],[123.0423,-4.3694],[123.0789,-4.3668],[123.0784,-4.4021],[123.0451,-4.4247],[123.0699,-4.4324],[123.0806,-4.4595],[123.1002,-4.4543],[123.1149,-4.4839],[123.1389,-4.4823],[123.2087,-4.6129],[123.193,-4.6177],[123.1762,-4.6623],[123.2005,-4.6949],[123.1985,-4.6566],[123.2068,-4.6752],[123.2132,-4.8586],[123.2048,-4.8668],[123.1736,-4.8368],[123.1762,-4.7706],[123.1334,-4.7572],[123.1526,-4.7451],[123.1487,-4.7288],[123.1144,-4.696],[123.1002,-4.7946],[123.0745,-4.7867],[123.0787,-4.744],[123.0561,-4.7702],[123.0327,-4.746],[123.0236,-4.7653],[123.0399,-4.8018],[122.9938,-4.827],[123.0093,-4.9041],[123.0013,-4.9358],[122.969,-4.9518],[122.9514,-5.0193],[122.9793,-5.0584],[122.9733,-5.1154],[122.9198,-5.1794],[122.9547,-5.2168],[123.0046,-5.1476],[123.0332,-5.1355],[123.0679,-5.1606],[123.0588,-5.1916],[123.0846,-5.1736],[123.1067,-5.1938],[123.0918,-5.2172],[123.1175,-5.207],[123.1507,-5.2474],[123.1805,-5.2467],[123.1991,-5.2717],[123.2203,-5.2724],[123.2216,-5.2905],[123.1311,-5.3988],[123.0155,-5.444],[122.997,-5.4008],[122.9749,-5.3941],[122.9231,-5.437],[122.8761,-5.4518],[122.8419,-5.5171],[122.8472,-5.5284],[122.876,-5.5064],[122.8956,-5.5162],[122.8966,-5.5637],[122.8215,-5.6517],[122.803,-5.696],[122.7555,-5.6969],[122.773,-5.664],[122.747,-5.6389],[122.7208,-5.6888]]],[[[124.6213,-6.1131],[124.6073,-6.1324],[124.6213,-6.1131]]],[[[124.0511,-6.0252],[124.0581,-5.98],[123.9906,-5.9683],[123.9729,-5.9361],[123.9927,-5.876],[124.0479,-5.907],[124.0882,-6.0009],[124.0813,-6.0337],[124.0569,-6.0416],[124.0511,-6.0252]]],[[[123.9437,-5.8065],[123.941,-5.8231],[123.9046,-5.8029],[123.9437,-5.8065]]],[[[124.3346,-5.8015],[124.3346,-5.8015]]],[[[123.9274,-5.7759],[123.8962,-5.7405],[123.9081,-5.7183],[123.9585,-5.7268],[124.009,-5.7583],[123.986,-5.7868],[123.9274,-5.7759]]],[[[123.8966,-5.7633],[123.9095,-5.7773],[123.8966,-5.7633]]],[[[123.8695,-5.7521],[123.8698,-5.774],[123.8695,-5.7521]]],[[[124.4905,-5.7192],[124.4905,-5.7192]]],[[[124.0758,-5.6482],[124.0827,-5.6758],[124.0475,-5.626],[124.0758,-5.6482]]],[[[124.0225,-5.6236],[124.0083,-5.6236],[124.0225,-5.6236]]],[[[123.8183,-5.5849],[123.8199,-5.5991],[123.8183,-5.5849]]],[[[123.8266,-5.5716],[123.8105,-5.5793],[123.82,-5.602],[123.7853,-5.5932],[123.6916,-5.472],[123.7669,-5.5031],[123.8266,-5.5716]]],[[[123.8481,-5.5528],[123.8841,-5.5841],[123.8333,-5.586],[123.8259,-5.5499],[123.8481,-5.5528]]],[[[123.8683,-5.5549],[123.8508,-5.55],[123.8647,-5.5333],[123.8683,-5.5549]]],[[[123.7043,-5.5093],[123.7155,-5.512],[123.7039,-5.5259],[123.7043,-5.5093]]],[[[123.7402,-5.489],[123.757,-5.4848],[123.759,-5.4974],[123.7402,-5.489]]],[[[123.7755,-5.4594],[123.7859,-5.4773],[123.762,-5.4769],[123.7608,-5.46],[123.7755,-5.4594]]],[[[123.6431,-5.4265],[123.6294,-5.4355],[123.5857,-5.4098],[123.6133,-5.4022],[123.6431,-5.4265]]],[[[123.6382,-5.3935],[123.6288,-5.3896],[123.6382,-5.3935]]],[[[123.6057,-5.3872],[123.5814,-5.3835],[123.5426,-5.3461],[123.5192,-5.2675],[123.5289,-5.2494],[123.5886,-5.2489],[123.6486,-5.2941],[123.6421,-5.369],[123.6057,-5.3872]]],[[[123.6023,-5.3971],[123.5909,-5.4014],[123.6023,-5.3971]]],[[[123.5304,-5.3748],[123.5417,-5.3773],[123.48,-5.3597],[123.4637,-5.3277],[123.4961,-5.3357],[123.5304,-5.3748]]],[[[123.5301,-5.3511],[123.5301,-5.3511]]],[[[124.3559,-5.3456],[124.3475,-5.3521],[124.3294,-5.3262],[124.3559,-5.3456]]],[[[124.3255,-5.3192],[124.3255,-5.3192]]],[[[123.535,-5.342],[123.535,-5.342]]],[[[123.535,-5.3358],[123.535,-5.3358]]],[[[123.5326,-5.3364],[123.5326,-5.3364]]],[[[122.631,-5.4251],[122.6228,-5.4374],[122.631,-5.4251]]],[[[122.5931,-5.3714],[122.5958,-5.4338],[122.5665,-5.4114],[122.546,-5.4407],[122.5201,-5.4375],[122.5124,-5.4062],[122.539,-5.3329],[122.5206,-5.3109],[122.5378,-5.2606],[122.4808,-5.3016],[122.4984,-5.3468],[122.4839,-5.3736],[122.4686,-5.3611],[122.4654,-5.4024],[122.4069,-5.3982],[122.3835,-5.3387],[122.3849,-5.3269],[122.4385,-5.313],[122.3773,-5.3246],[122.382,-5.3678],[122.3651,-5.389],[122.3,-5.3966],[122.2694,-5.384],[122.2684,-5.3135],[122.3152,-5.2379],[122.3031,-5.2012],[122.3223,-5.1128],[122.3941,-5.0716],[122.4112,-5.0907],[122.4037,-5.0687],[122.3818,-5.0672],[122.3731,-5.0373],[122.389,-4.9964],[122.318,-4.8325],[122.3736,-4.7406],[122.4676,-4.7431],[122.4778,-4.7238],[122.5292,-4.7109],[122.5291,-4.6972],[122.5846,-4.6697],[122.5996,-4.6269],[122.6195,-4.6369],[122.6823,-4.6112],[122.7399,-4.6495],[122.7341,-4.683],[122.7148,-4.6878],[122.743,-4.7535],[122.7251,-4.8465],[122.7362,-4.8821],[122.7645,-4.8947],[122.7636,-4.9651],[122.7213,-4.9647],[122.7045,-5.0064],[122.6117,-5.0964],[122.6201,-5.1097],[122.5854,-5.1868],[122.6265,-5.2032],[122.5772,-5.2487],[122.6237,-5.2504],[122.6466,-5.2954],[122.6401,-5.3562],[122.6194,-5.3718],[122.6165,-5.3464],[122.5931,-5.3714]]],[[[122.6805,-5.2939],[122.7117,-5.2396],[122.6992,-5.2829],[122.6805,-5.2939]]],[[[122.7329,-5.1919],[122.717,-5.2124],[122.7329,-5.1919]]],[[[122.4974,-5.6994],[122.4563,-5.6866],[122.5055,-5.6468],[122.5081,-5.6241],[122.5445,-5.627],[122.5511,-5.6769],[122.4974,-5.6994]]],[[[122.4921,-5.5624],[122.4716,-5.5307],[122.5243,-5.4997],[122.5084,-5.5584],[122.4921,-5.5624]]],[[[122.5009,-5.5969],[122.5142,-5.5901],[122.5009,-5.5969]]],[[[122.3554,-5.091],[122.3554,-5.091]]],[[[122.3472,-5.0845],[122.3472,-5.0845]]],[[[122.355,-4.9409],[122.3414,-4.9327],[122.355,-4.9409]]],[[[122.3104,-5.2244],[122.3104,-5.2244]]],[[[122.3463,-5.0882],[122.3463,-5.0882]]],[[[122.298,-5.0768],[122.298,-5.0768]]],[[[122.2958,-5.0754],[122.2958,-5.0754]]],[[[122.3214,-4.9282],[122.3464,-4.9175],[122.3214,-4.9282]]],[[[122.2957,-4.89],[122.2957,-4.89]]],[[[122.2217,-4.886],[122.2217,-4.886]]],[[[122.2585,-4.8757],[122.265,-4.867],[122.2585,-4.8757]]],[[[122.2414,-4.8714],[122.2414,-4.8714]]],[[[122.2761,-4.8362],[122.2849,-4.8418],[122.2761,-4.8362]]],[[[122.296,-4.7132],[122.2964,-4.694],[122.3157,-4.6876],[122.296,-4.7132]]],[[[122.3348,-4.6879],[122.327,-4.6942],[122.3348,-4.6879]]],[[[122.3103,-4.6578],[122.3103,-4.6578]]],[[[122.3032,-4.6522],[122.3032,-4.6522]]],[[[122.2062,-4.9316],[122.2128,-4.924],[122.2062,-4.9316]]],[[[122.1715,-4.9223],[122.1715,-4.9223]]],[[[122.1726,-4.9207],[122.183,-4.9065],[122.1726,-4.9207]]],[[[122.2153,-4.9015],[122.2153,-4.9015]]],[[[122.118,-4.843],[122.118,-4.843]]],[[[122.1428,-4.8385],[122.1428,-4.8385]]],[[[122.1234,-4.8298],[122.1409,-4.8164],[122.1234,-4.8298]]],[[[122.1522,-4.8121],[122.1425,-4.8168],[122.1522,-4.8121]]],[[[122.2033,-4.8985],[122.2033,-4.8985]]],[[[122.1876,-4.836],[122.1876,-4.836]]],[[[122.2082,-4.4731],[122.2169,-4.4828],[122.161,-4.5296],[122.0895,-4.5426],[122.0431,-4.6439],[122.0193,-4.647],[122.0326,-4.6579],[122.0444,-4.7639],[122.1204,-4.819],[122.0915,-4.8252],[122.0751,-4.859],[122.0675,-4.8498],[122.0345,-4.88],[122.0253,-4.8709],[122.0071,-4.8981],[122.0051,-4.8837],[121.9837,-4.9015],[121.8796,-4.8762],[121.8089,-4.8347],[121.6837,-4.8515],[121.6637,-4.8113],[121.6314,-4.8042],[121.6283,-4.777],[121.6164,-4.7956],[121.549,-4.7735],[121.5054,-4.7352],[121.4948,-4.697],[121.4694,-4.6916],[121.4629,-4.6123],[121.5238,-4.4025],[121.5259,-4.246],[121.5603,-4.2436],[121.5404,-4.255],[121.5478,-4.2662],[121.579,-4.2458],[121.5997,-4.1883],[121.5887,-4.1776],[121.6062,-4.1814],[121.6164,-4.1513],[121.6087,-4.0672],[121.5052,-4.0178],[121.4562,-4.0078],[121.4522,-4.024],[121.4139,-3.9988],[121.371,-4.0037],[121.3457,-3.9891],[121.3655,-3.9667],[121.4245,-3.9641],[121.3391,-3.9818],[121.3202,-3.9477],[121.3667,-3.9086],[121.3241,-3.9497],[121.3052,-3.8909],[121.2801,-3.8847],[121.2523,-3.9208],[121.2401,-3.903],[121.2618,-3.8829],[121.2333,-3.8701],[121.2588,-3.8549],[121.2455,-3.8294],[121.1683,-3.8244],[121.1873,-3.805],[121.1678,-3.8239],[121.0825,-3.7147],[121.0269,-3.6904],[120.9437,-3.6196],[120.8802,-3.5309],[120.8657,-3.4282],[120.9194,-3.3538],[120.9564,-3.3305],[120.9546,-3.2968],[120.9748,-3.2609],[121.0204,-3.2447],[121.0332,-3.2066],[121.0691,-3.2049],[121.0504,-3.1114],[121.0594,-3.0694],[121.0432,-3.0364],[121.0565,-3.0221],[121.0739,-3.0317],[121.0755,-3.0087],[121.0887,-3.0151],[121.0632,-2.9577],[121.081,-2.9717],[121.0897,-2.9449],[121.0788,-2.8664],[121.0666,-2.8535],[121.0648,-2.8773],[121.047,-2.8675],[121.0369,-2.8072],[121.0277,-2.8497],[120.9917,-2.8408],[121.0112,-2.8702],[120.9966,-2.8703],[120.9872,-2.8399],[121.0316,-2.7935],[121.0801,-2.7794],[121.1196,-2.7907],[121.1727,-2.8181],[121.2036,-2.8577],[121.22,-2.8585],[121.2369,-2.8273],[121.3187,-2.8077],[121.3577,-2.8993],[121.3287,-2.936],[121.3468,-2.9665],[121.4561,-3.0131],[121.5254,-2.9621],[121.5471,-2.9217],[121.6378,-2.8941],[121.7527,-2.9236],[121.8334,-2.9722],[121.8575,-2.9639],[121.9208,-2.99],[122.0634,-2.9495],[122.1,-3.009],[122.1796,-3.0328],[122.1719,-3.0842],[122.2222,-3.1349],[122.2849,-3.1414],[122.3144,-3.165],[122.2954,-3.2206],[122.3108,-3.2729],[122.2795,-3.3128],[122.2925,-3.3129],[122.2932,-3.3594],[122.3758,-3.3825],[122.3906,-3.4066],[122.3832,-3.4575],[122.3575,-3.4629],[122.3641,-3.4404],[122.347,-3.4081],[122.3147,-3.4251],[122.3282,-3.3733],[122.3091,-3.3847],[122.2762,-3.3631],[122.268,-3.3991],[122.2391,-3.3887],[122.3017,-3.468],[122.2878,-3.4924],[122.2816,-3.4808],[122.2471,-3.4953],[122.2839,-3.4886],[122.2818,-3.5486],[122.2673,-3.5211],[122.254,-3.5408],[122.2706,-3.5378],[122.267,-3.5591],[122.2,-3.565],[122.1963,-3.6084],[122.2466,-3.6646],[122.3008,-3.6915],[122.3408,-3.7446],[122.3631,-3.7528],[122.3929,-3.7266],[122.402,-3.7499],[122.4435,-3.7501],[122.4688,-3.8201],[122.5247,-3.895],[122.6653,-3.8965],[122.6645,-3.9252],[122.628,-3.9383],[122.5993,-3.9791],[122.53,-3.97],[122.5359,-3.9894],[122.5899,-3.9782],[122.6192,-4.0029],[122.6588,-4.0079],[122.6726,-4.0366],[122.6495,-4.0573],[122.6509,-4.0834],[122.6619,-4.081],[122.6642,-4.1476],[122.6765,-4.1579],[122.7135,-4.1638],[122.6959,-4.1373],[122.715,-4.1313],[122.7703,-4.1629],[122.815,-4.1361],[122.8334,-4.1539],[122.8234,-4.1098],[122.7831,-4.097],[122.7611,-4.0646],[122.8308,-4.055],[122.8466,-4.0661],[122.885,-4.1268],[122.8942,-4.2206],[122.907,-4.2306],[122.8812,-4.2953],[122.9082,-4.3235],[122.8947,-4.3348],[122.8899,-4.4042],[122.8439,-4.4202],[122.8339,-4.4492],[122.816,-4.4251],[122.7699,-4.4088],[122.6965,-4.3278],[122.6611,-4.3364],[122.7028,-4.4047],[122.7416,-4.4319],[122.7572,-4.4268],[122.7618,-4.4809],[122.7431,-4.5103],[122.7107,-4.4986],[122.6936,-4.47],[122.6766,-4.4834],[122.695,-4.5013],[122.6717,-4.5079],[122.6642,-4.455],[122.5945,-4.3941],[122.5205,-4.4314],[122.5045,-4.4558],[122.5016,-4.4455],[122.4706,-4.4528],[122.4678,-4.4373],[122.4505,-4.4517],[122.4208,-4.4292],[122.3417,-4.4747],[122.2607,-4.493],[122.1894,-4.4723],[122.2082,-4.4731]]],[[[122.2216,-4.8214],[122.2216,-4.8214]]],[[[122.2246,-4.7622],[122.2246,-4.7622]]],[[[122.2165,-4.4895],[122.2165,-4.4895]]],[[[122.3316,-4.6356],[122.3163,-4.6582],[122.3488,-4.6224],[122.3316,-4.6356]]],[[[122.3371,-4.6153],[122.3321,-4.6255],[122.3371,-4.6153]]],[[[122.3178,-4.6127],[122.3313,-4.6124],[122.3192,-4.6268],[122.3178,-4.6127]]],[[[122.3222,-4.5994],[122.3222,-4.5994]]],[[[122.3217,-4.5846],[122.3217,-4.5846]]],[[[122.3258,-4.5617],[122.3292,-4.552],[122.3258,-4.5617]]],[[[122.2923,-4.5461],[122.2945,-4.5601],[122.2923,-4.5461]]],[[[122.2484,-4.4876],[122.2484,-4.4876]]],[[[122.3552,-4.7344],[122.3552,-4.7344]]],[[[122.4068,-4.7286],[122.4068,-4.7286]]],[[[122.4148,-4.732],[122.4148,-4.732]]],[[[122.4647,-4.7115],[122.4496,-4.7113],[122.4577,-4.6966],[122.4647,-4.7115]]],[[[122.417,-4.6964],[122.4073,-4.7084],[122.417,-4.6964]]],[[[122.3994,-4.7123],[122.3994,-4.7123]]],[[[122.3895,-4.6956],[122.3803,-4.7022],[122.3895,-4.6956]]],[[[122.3407,-4.7165],[122.3241,-4.7241],[122.3782,-4.6649],[122.3407,-4.7165]]],[[[122.3559,-4.6369],[122.3413,-4.656],[122.3559,-4.6369]]],[[[122.4168,-4.6848],[122.4093,-4.6923],[122.4168,-4.6848]]],[[[122.4345,-4.6875],[122.4382,-4.6781],[122.4345,-4.6875]]],[[[122.4325,-4.6694],[122.4325,-4.6694]]],[[[122.3521,-4.5853],[122.3521,-4.5853]]],[[[122.4636,-4.7279],[122.4636,-4.7279]]],[[[123.6605,-5.29],[123.6619,-5.3079],[123.6605,-5.29]]],[[[123.1606,-5.244],[123.1606,-5.244]]],[[[122.7918,-4.9653],[122.7889,-4.9788],[122.7918,-4.9653]]],[[[122.8001,-4.9386],[122.8001,-4.9386]]],[[[122.8173,-4.9108],[122.8173,-4.9108]]],[[[123.0519,-4.8237],[123.0519,-4.8237]]],[[[123.0552,-4.8235],[123.0552,-4.8235]]],[[[123.0824,-4.7996],[123.1174,-4.7976],[123.1127,-4.8474],[123.0975,-4.848],[123.0951,-4.8293],[123.0889,-4.8538],[123.0344,-4.8334],[123.0569,-4.8307],[123.0605,-4.8122],[123.0447,-4.8145],[123.0824,-4.7996]]],[[[123.0492,-4.8061],[123.0492,-4.8061]]],[[[123.1165,-4.7931],[123.1014,-4.7924],[123.1165,-4.7931]]],[[[123.0451,-4.7797],[123.0451,-4.7797]]],[[[123.0506,-4.7778],[123.0506,-4.7778]]],[[[123.1651,-4.7996],[123.1651,-4.7996]]],[[[123.1454,-4.7723],[123.157,-4.7734],[123.1361,-4.7733],[123.1376,-4.7606],[123.1454,-4.7723]]],[[[123.1537,-4.7599],[123.1537,-4.7599]]],[[[123.1988,-4.6816],[123.1988,-4.6816]]],[[[123.1245,-4.7737],[123.1126,-4.7806],[123.1245,-4.7737]]],[[[123.0412,-4.7738],[123.0412,-4.7738]]],[[[123.0714,-4.7748],[123.0714,-4.7748]]],[[[123.0369,-4.7685],[123.0369,-4.7685]]],[[[123.1113,-4.7696],[123.1113,-4.7696]]],[[[123.0406,-4.77],[123.0372,-4.7595],[123.0406,-4.77]]],[[[123.037,-4.7675],[123.0328,-4.7542],[123.037,-4.7675]]],[[[123.0706,-4.7558],[123.0706,-4.7558]]],[[[123.0323,-4.7531],[123.0323,-4.7531]]],[[[123.1155,-4.7459],[123.1223,-4.7653],[123.1155,-4.7459]]],[[[123.1303,-4.7278],[123.1337,-4.7475],[123.1219,-4.7409],[123.1303,-4.7278]]],[[[123.1256,-4.7241],[123.1256,-4.7241]]],[[[123.1267,-4.7188],[123.1267,-4.7188]]],[[[122.7131,-4.5918],[122.732,-4.6026],[122.7131,-4.5918]]],[[[122.6967,-4.5809],[122.6967,-4.5809]]],[[[122.6947,-4.5813],[122.6947,-4.5813]]],[[[122.6902,-4.5653],[122.699,-4.5767],[122.6832,-4.5786],[122.6902,-4.5653]]],[[[122.7316,-4.5453],[122.7427,-4.5758],[122.7095,-4.5466],[122.6999,-4.5625],[122.6866,-4.5387],[122.7145,-4.5165],[122.7427,-4.5309],[122.7316,-4.5453]]],[[[122.6834,-4.4824],[122.6834,-4.4824]]],[[[122.8811,-4.4157],[122.8811,-4.4157]]],[[[123.193,-4.6738],[123.193,-4.6738]]],[[[123.1865,-4.6702],[123.1865,-4.6702]]],[[[123.1936,-4.6661],[123.1936,-4.6661]]],[[[123.197,-4.6435],[123.197,-4.6435]]],[[[123.186,-4.6323],[123.186,-4.6323]]],[[[123.1868,-4.6322],[123.1868,-4.6322]]],[[[123.2516,-4.1037],[123.1522,-4.24],[123.1172,-4.2607],[122.9902,-4.201],[122.9467,-4.1219],[122.9353,-4.0658],[122.9417,-4.0507],[122.97,-4.0542],[123.0129,-3.9778],[123.0867,-4.022],[123.1652,-4.008],[123.2168,-4.0213],[123.2544,-4.0665],[123.2516,-4.1037]]],[[[122.9027,-4.1766],[122.9058,-4.1862],[122.9027,-4.1766]]],[[[122.8965,-4.1483],[122.8986,-4.1594],[122.8965,-4.1483]]],[[[122.8931,-4.1429],[122.8931,-4.1429]]],[[[122.809,-4.1366],[122.809,-4.1366]]],[[[122.8135,-4.1337],[122.8135,-4.1337]]],[[[122.8293,-4.132],[122.8293,-4.132]]],[[[122.8273,-4.1301],[122.8273,-4.1301]]],[[[122.7277,-4.1255],[122.7277,-4.1255]]],[[[122.7931,-4.1023],[122.7931,-4.1023]]],[[[122.7772,-4.0382],[122.7772,-4.0382]]],[[[122.6673,-4.1217],[122.6673,-4.1217]]],[[[122.6713,-4.121],[122.6713,-4.121]]],[[[122.6685,-4.1018],[122.6685,-4.1018]]],[[[122.6916,-3.9245],[122.6783,-3.9111],[122.6959,-3.9092],[122.6916,-3.9245]]],[[[122.6985,-3.9012],[122.7264,-3.8961],[122.7119,-3.9111],[122.6985,-3.9012]]],[[[122.7074,-3.8855],[122.7186,-3.8876],[122.7074,-3.8855]]],[[[122.6123,-3.9786],[122.615,-3.9922],[122.5994,-3.983],[122.6123,-3.9786]]],[[[121.9352,-5.4951],[121.9352,-5.4951]]],[[[121.9387,-5.4927],[121.9387,-5.4927]]],[[[121.9374,-5.4868],[121.9374,-5.4868]]],[[[121.969,-5.4774],[121.9475,-5.493],[121.9212,-5.4014],[121.8752,-5.3876],[121.8222,-5.2933],[121.7933,-5.2738],[121.8079,-5.2068],[121.8381,-5.1914],[121.8227,-5.1689],[121.8409,-5.1464],[121.8827,-5.1528],[121.8395,-5.1133],[121.8515,-5.0972],[121.8654,-5.1197],[121.877,-5.1118],[121.8498,-5.094],[121.8884,-5.056],[121.9045,-5.0696],[121.8954,-5.0894],[121.9365,-5.1109],[121.937,-5.0743],[121.9669,-5.0622],[121.9915,-5.1591],[122.0151,-5.1672],[122.0094,-5.1505],[122.035,-5.1491],[122.0558,-5.2007],[122.0692,-5.2012],[122.0725,-5.2339],[122.0327,-5.2414],[122.0511,-5.27],[122.0509,-5.3159],[122.0331,-5.3449],[122.037,-5.3696],[122.0477,-5.3657],[122.0499,-5.4607],[122.0308,-5.4751],[121.969,-5.4774]]],[[[121.8349,-5.3457],[121.8436,-5.3562],[121.8349,-5.3457]]],[[[121.8384,-5.343],[121.8384,-5.343]]],[[[121.8308,-5.3341],[121.8308,-5.3341]]],[[[122.0607,-5.4948],[122.0288,-5.5188],[121.993,-5.5227],[122.0607,-5.4948]]],[[[122.0836,-5.4942],[122.0737,-5.4733],[122.0899,-5.479],[122.0836,-5.4942]]],[[[122.0567,-5.3733],[122.063,-5.3646],[122.0581,-5.3852],[122.0567,-5.3733]]],[[[122.0583,-5.3031],[122.0753,-5.2861],[122.0583,-5.3031]]],[[[122.0471,-5.2488],[122.0471,-5.2488]]],[[[122.0524,-4.8859],[122.0375,-4.8942],[122.0524,-4.8859]]],[[[121.814,-5.1604],[121.814,-5.1604]]],[[[121.8215,-5.1408],[121.8215,-5.1408]]],[[[121.8282,-5.1521],[121.8393,-5.119],[121.8282,-5.1521]]],[[[122.0753,-5.2217],[122.0753,-5.2217]]],[[[122.0631,-4.8857],[122.0631,-4.8857]]],[[[121.775,-5.2823],[121.775,-5.2823]]],[[[121.7828,-5.2716],[121.7828,-5.2716]]],[[[121.7939,-5.2645],[121.7939,-5.2645]]],[[[121.7872,-5.2539],[121.7872,-5.2539]]],[[[121.8122,-5.167],[121.8122,-5.167]]],[[[121.912,-5.0815],[121.912,-5.0815]]],[[[121.9078,-5.0829],[121.9078,-5.0829]]],[[[121.9094,-5.0754],[121.9094,-5.0754]]],[[[121.9171,-5.0755],[121.9171,-5.0755]]],[[[121.9465,-4.908],[121.9465,-4.908]]],[[[121.915,-5.0738],[121.915,-5.0738]]],[[[121.4893,-4.2008],[121.5015,-4.2017],[121.483,-4.2036],[121.4735,-4.2259],[121.4697,-4.2074],[121.4893,-4.2008]]],[[[121.4892,-4.1516],[121.4952,-4.1865],[121.4892,-4.1516]]],[[[121.4209,-4.0914],[121.4228,-4.1144],[121.4678,-4.1064],[121.4634,-4.1341],[121.4303,-4.1296],[121.4434,-4.1687],[121.4186,-4.1558],[121.3928,-4.1669],[121.4017,-4.1311],[121.3826,-4.1049],[121.4044,-4.1137],[121.4119,-4.0841],[121.4209,-4.0914]]],[[[121.482,-4.1129],[121.4854,-4.1237],[121.482,-4.1129]]],[[[121.3691,-4.0867],[121.3782,-4.1029],[121.3545,-4.0905],[121.3682,-4.0718],[121.3691,-4.0867]]],[[[121.3324,-4.0818],[121.3324,-4.0818]]],[[[121.2287,-3.9109],[121.2287,-3.9109]]],[[[121.2259,-3.8658],[121.2259,-3.8658]]],[[[122.4853,-3.4862],[122.4853,-3.4862]]],[[[122.4165,-3.4932],[122.3978,-3.4428],[122.4124,-3.3953],[122.4674,-3.4765],[122.4532,-3.4874],[122.4391,-3.4771],[122.4508,-3.5034],[122.4165,-3.4932]]],[[[122.3957,-3.4612],[122.3957,-3.4612]]],[[[122.3947,-3.4542],[122.3947,-3.4542]]],[[[122.2701,-3.5651],[122.2803,-3.5549],[122.2701,-3.5651]]],[[[122.3391,-3.5646],[122.3645,-3.576],[122.3051,-3.5757],[122.2821,-3.5909],[122.2754,-3.5668],[122.306,-3.5306],[122.3457,-3.5409],[122.3391,-3.5646]]],[[[121.0522,-3.0623],[121.0522,-3.0623]]],[[[121.0434,-3.0298],[121.0434,-3.0298]]],[[[121.054,-3.0211],[121.054,-3.0211]]]]}},{"type":"Feature","properties":{"NAME_1":"SulawesiUtara"},"geometry":{"type":"MultiPolygon","coordinates":[[[[123.5808,0.3145],[123.4766,0.3166],[123.4979,0.3821],[123.5501,0.4335],[123.5236,0.463],[123.523,0.4904],[123.5523,0.5107],[123.5279,0.5409],[123.5329,0.5779],[123.4878,0.6014],[123.4862,0.6265],[123.3831,0.6401],[123.3224,0.6985],[123.2744,0.6979],[123.2471,0.717],[123.2714,0.8029],[123.2061,0.8568],[123.121,0.8899],[123.1109,0.9213],[123.1413,0.923],[123.1783,0.9016],[123.1986,0.9198],[123.1677,0.9512],[123.2105,0.9383],[123.2395,0.9424],[123.2473,0.9589],[123.2617,0.9138],[123.2692,0.9244],[123.3433,0.9074],[123.3506,0.92],[123.3505,0.9049],[123.3729,0.9129],[123.3945,0.8983],[123.4004,0.9154],[123.4167,0.8909],[123.4426,0.9043],[123.527,0.886],[123.5994,0.9035],[123.6995,0.858],[123.713,0.874],[123.736,0.8657],[123.7525,0.8307],[123.7653,0.8378],[123.7569,0.855],[123.7855,0.8299],[123.804,0.8372],[123.7916,0.8555],[123.8271,0.8405],[123.9137,0.8519],[123.9593,0.8371],[123.9295,0.858],[124.0716,0.9215],[124.1366,0.9279],[124.2032,0.9897],[124.2987,1.0073],[124.3572,1.1344],[124.342,1.1535],[124.3522,1.1638],[124.4155,1.1951],[124.5168,1.1874],[124.528,1.2147],[124.5642,1.1794],[124.5762,1.1854],[124.6122,1.252],[124.5717,1.2812],[124.5501,1.271],[124.5153,1.2998],[124.5321,1.3525],[124.6144,1.4175],[124.6734,1.3938],[124.7534,1.4549],[124.8267,1.4628],[124.8447,1.5191],[124.8044,1.5709],[124.8671,1.599],[124.8713,1.6206],[124.9181,1.6629],[124.9257,1.6514],[124.9398,1.693],[124.9667,1.6838],[124.9615,1.7268],[124.9837,1.7195],[124.9801,1.7495],[125.0259,1.7334],[125.0128,1.6936],[125.0397,1.6772],[125.1114,1.6638],[125.1179,1.6764],[125.1348,1.668],[125.1438,1.6879],[125.1755,1.6846],[125.1418,1.5971],[125.1683,1.5593],[125.2414,1.5113],[125.2316,1.4685],[125.1915,1.4384],[125.1256,1.4281],[125.0772,1.3652],[125.0236,1.1424],[124.8923,1.0041],[124.8943,0.9806],[124.887,0.9905],[124.8848,0.9711],[124.7911,0.946],[124.7609,0.8878],[124.7165,0.8963],[124.7061,0.8573],[124.7216,0.8483],[124.6992,0.844],[124.6932,0.8599],[124.6996,0.8408],[124.6392,0.7908],[124.6236,0.7591],[124.6299,0.7135],[124.5978,0.706],[124.5935,0.6834],[124.5814,0.6959],[124.5434,0.6246],[124.5661,0.6185],[124.569,0.5792],[124.5407,0.5885],[124.4933,0.5471],[124.5129,0.4727],[124.4962,0.4662],[124.4884,0.4866],[124.481,0.4671],[124.4471,0.4627],[124.4529,0.444],[124.4127,0.4545],[124.362,0.4449],[124.3607,0.4313],[124.3559,0.4531],[124.3388,0.4334],[124.3241,0.4461],[124.3142,0.4101],[124.3039,0.4273],[124.2713,0.4286],[124.2882,0.4065],[124.2249,0.3951],[124.2197,0.3823],[124.1919,0.3975],[124.0798,0.3873],[124.053,0.3605],[124.0455,0.3768],[123.9922,0.3742],[123.9197,0.3447],[123.8792,0.347],[123.8599,0.3276],[123.8077,0.3349],[123.778,0.3105],[123.7074,0.319],[123.6766,0.2952],[123.6481,0.307],[123.6231,0.2926],[123.5808,0.3145]]],[[[124.3139,0.4081],[124.3139,0.4081]]],[[[124.3151,0.4089],[124.3151,0.4089]]],[[[124.3528,0.4178],[124.3528,0.4178]]],[[[124.3618,0.4214],[124.3618,0.4214]]],[[[124.3595,0.4256],[124.3595,0.4256]]],[[[124.3588,0.427],[124.3588,0.427]]],[[[124.3585,0.4285],[124.3585,0.4285]]],[[[124.3575,0.4298],[124.3575,0.4298]]],[[[124.3361,0.436],[124.3361,0.436]]],[[[124.3738,0.437],[124.3738,0.437]]],[[[124.4797,0.4487],[124.4797,0.4487]]],[[[124.4626,0.4504],[124.4626,0.4504]]],[[[124.5653,0.5695],[124.5653,0.5695]]],[[[124.5675,0.5746],[124.5675,0.5746]]],[[[124.6167,0.7026],[124.6167,0.7026]]],[[[124.624,0.7098],[124.624,0.7098]]],[[[124.6337,0.7129],[124.6337,0.7129]]],[[[123.8294,0.8428],[123.8294,0.8428]]],[[[124.6621,0.7721],[124.6493,0.7809],[124.6621,0.7721]]],[[[124.687,0.8085],[124.6602,0.8049],[124.687,0.8085]]],[[[123.9266,0.8567],[123.9266,0.8567]]],[[[123.8113,0.863],[123.8113,0.863]]],[[[123.8028,0.8685],[123.8028,0.8685]]],[[[123.7936,0.8782],[123.7936,0.8782]]],[[[123.7905,0.8801],[123.7905,0.8801]]],[[[123.5848,0.8969],[123.5848,0.8969]]],[[[123.5829,0.8986],[123.5829,0.8986]]],[[[123.9775,0.9024],[123.9775,0.9024]]],[[[123.3963,0.9141],[123.3963,0.9141]]],[[[123.264,0.9224],[123.264,0.9224]]],[[[123.2582,0.9223],[123.2582,0.9223]]],[[[123.2611,0.9261],[123.2611,0.9261]]],[[[123.2569,0.9244],[123.2569,0.9244]]],[[[123.1847,0.9582],[123.1847,0.9582]]],[[[124.7359,0.8558],[124.7221,0.8506],[124.7359,0.8558]]],[[[124.7382,0.8594],[124.7382,0.8594]]],[[[124.7392,0.8607],[124.7392,0.8607]]],[[[124.7466,0.8635],[124.7466,0.8635]]],[[[124.7452,0.8633],[124.7452,0.8633]]],[[[124.7625,0.8743],[124.7625,0.8743]]],[[[124.7342,0.883],[124.7342,0.883]]],[[[124.7398,0.8836],[124.7398,0.8836]]],[[[124.7805,0.889],[124.7805,0.889]]],[[[124.792,0.9246],[124.792,0.9246]]],[[[124.791,0.9285],[124.791,0.9285]]],[[[124.8792,0.9532],[124.8792,0.9532]]],[[[124.9014,0.9604],[124.9014,0.9604]]],[[[124.9061,0.9764],[124.9184,0.9755],[124.9061,0.9764]]],[[[124.902,0.9809],[124.902,0.9809]]],[[[124.951,0.9766],[124.951,0.9766]]],[[[124.504,1.2985],[124.504,1.2985]]],[[[124.7157,1.6396],[124.7068,1.6206],[124.6835,1.6216],[124.6905,1.6465],[124.7157,1.6396]]],[[[124.7735,1.6281],[124.7814,1.5945],[124.7636,1.6198],[124.736,1.6172],[124.7443,1.634],[124.7735,1.6281]]],[[[124.7797,1.7077],[124.7644,1.6929],[124.7314,1.728],[124.7522,1.7184],[124.7667,1.7446],[124.7797,1.7077]]],[[[124.7474,1.7416],[124.7447,1.7287],[124.738,1.7523],[124.7474,1.7416]]],[[[124.7578,1.7409],[124.7578,1.7409]]],[[[124.7586,1.7411],[124.7584,1.7532],[124.7586,1.7411]]],[[[124.9531,1.6875],[124.9489,1.7029],[124.9531,1.6875]]],[[[124.9551,1.7126],[124.9551,1.7126]]],[[[125.0223,1.6901],[125.0223,1.6901]]],[[[125.0262,1.6907],[125.0262,1.6907]]],[[[125.0308,1.7013],[125.0297,1.6888],[125.0172,1.6941],[125.0308,1.7013]]],[[[125.0342,1.7099],[125.0342,1.7099]]],[[[125.031,1.7142],[125.031,1.7142]]],[[[125.1597,1.7435],[125.1597,1.7435]]],[[[125.1639,1.7445],[125.1639,1.7445]]],[[[125.1624,1.7445],[125.1624,1.7445]]],[[[125.0595,1.7713],[125.0506,1.76],[125.0571,1.7866],[125.0595,1.7713]]],[[[125.1802,1.8036],[125.186,1.7749],[125.1549,1.7665],[125.1504,1.7348],[125.1136,1.8163],[125.136,1.8225],[125.1242,1.8277],[125.135,1.8472],[125.1604,1.8083],[125.1802,1.8036]]],[[[125.0562,1.7915],[125.0562,1.7915]]],[[[124.7538,1.7475],[124.7538,1.7475]]],[[[124.7505,1.7462],[124.7505,1.7462]]],[[[124.7493,1.7523],[124.7493,1.7523]]],[[[124.7965,1.7842],[124.7929,1.7954],[124.7965,1.7842]]],[[[124.8038,1.7845],[124.8038,1.7845]]],[[[125.1585,1.3949],[125.1585,1.3949]]],[[[125.1948,1.4026],[125.1724,1.3923],[125.1776,1.4088],[125.1658,1.4083],[125.1842,1.4343],[125.2379,1.4457],[125.2335,1.4623],[125.2867,1.5441],[125.2553,1.4164],[125.1948,1.4026]]],[[[125.2117,1.3965],[125.2117,1.3965]]],[[[125.2528,1.4128],[125.2528,1.4128]]],[[[125.2207,1.4566],[125.2207,1.4566]]],[[[125.2283,1.4599],[125.2283,1.4599]]],[[[125.2754,1.4795],[125.2754,1.4795]]],[[[125.2768,1.5131],[125.2768,1.5131]]],[[[125.2707,1.5186],[125.2707,1.5186]]],[[[125.2877,1.5337],[125.2877,1.5337]]],[[[125.2878,1.5353],[125.2878,1.5353]]],[[[125.2889,1.5388],[125.2889,1.5388]]],[[[125.3589,2.0802],[125.3459,2.0696],[125.3366,2.0822],[125.3642,2.1047],[125.3541,2.1256],[125.3909,2.1125],[125.4106,2.1336],[125.4091,2.1029],[125.3589,2.0802]]],[[[125.3634,2.0813],[125.3634,2.0813]]],[[[125.3347,2.0824],[125.3347,2.0824]]],[[[125.3318,2.0876],[125.3318,2.0876]]],[[[125.3338,2.0927],[125.3338,2.0927]]],[[[125.3329,2.0922],[125.3329,2.0922]]],[[[125.3415,2.0988],[125.3415,2.0988]]],[[[125.3454,2.1023],[125.3454,2.1023]]],[[[125.3437,2.1148],[125.3437,2.1148]]],[[[125.3529,2.1159],[125.3529,2.1159]]],[[[125.3441,2.117],[125.3441,2.117]]],[[[125.3483,2.1216],[125.3483,2.1216]]],[[[125.4281,2.3169],[125.3746,2.3478],[125.3809,2.3793],[125.4056,2.3668],[125.4331,2.3833],[125.4581,2.3659],[125.4643,2.3431],[125.4281,2.3169]]],[[[125.3481,2.1222],[125.3481,2.1222]]],[[[125.3699,2.1246],[125.3699,2.1246]]],[[[125.3685,2.2876],[125.3428,2.305],[125.3776,2.3284],[125.3862,2.3042],[125.3685,2.2876]]],[[[125.0616,1.8082],[125.0475,1.8114],[125.0643,1.8557],[125.0992,1.8879],[125.0876,1.8393],[125.0616,1.8082]]],[[[125.0931,1.832],[125.0931,1.832]]],[[[125.0989,1.8319],[125.0983,1.8443],[125.0989,1.8319]]],[[[125.176,2.7407],[125.1666,2.7233],[125.1612,2.7413],[125.176,2.7407]]],[[[125.3079,2.3543],[125.3079,2.3543]]],[[[125.2983,2.3495],[125.3013,2.365],[125.3093,2.3506],[125.2983,2.3495]]],[[[125.3055,2.357],[125.3055,2.357]]],[[[125.3048,2.3608],[125.3048,2.3608]]],[[[125.3798,2.6483],[125.361,2.7147],[125.3698,2.7858],[125.3926,2.8101],[125.4216,2.8097],[125.455,2.7625],[125.4086,2.7295],[125.3927,2.6825],[125.4319,2.6492],[125.4059,2.6314],[125.3798,2.6483]]],[[[125.4767,2.6461],[125.4767,2.6461]]],[[[125.4422,2.642],[125.4604,2.6555],[125.4491,2.6698],[125.4659,2.6715],[125.4662,2.6408],[125.4422,2.642]]],[[[125.4739,2.6616],[125.4739,2.6616]]],[[[125.4763,2.6648],[125.4763,2.6648]]],[[[125.4631,2.6803],[125.4487,2.6824],[125.4631,2.6803]]],[[[125.4875,2.6487],[125.4875,2.6487]]],[[[125.4877,3.0623],[125.4877,3.0623]]],[[[125.5111,3.0791],[125.5049,3.0581],[125.5031,3.0937],[125.5111,3.0791]]],[[[125.4984,3.0968],[125.4872,3.095],[125.4984,3.0968]]],[[[125.5401,3.1735],[125.516,3.1554],[125.4988,3.1719],[125.5158,3.1706],[125.5029,3.177],[125.5128,3.1889],[125.5264,3.1736],[125.5268,3.1923],[125.5401,3.1735]]],[[[125.5138,3.1911],[125.5138,3.1911]]],[[[125.5338,3.4098],[125.5259,3.4377],[125.5028,3.4349],[125.4993,3.4667],[125.481,3.4816],[125.5131,3.5672],[125.4911,3.5727],[125.4824,3.5935],[125.5033,3.6071],[125.4423,3.6205],[125.3985,3.6695],[125.4021,3.715],[125.4268,3.7343],[125.508,3.7228],[125.573,3.6459],[125.5631,3.6255],[125.5946,3.6113],[125.5596,3.5777],[125.5849,3.5829],[125.5899,3.5526],[125.618,3.5423],[125.6417,3.491],[125.6601,3.4833],[125.6401,3.5125],[125.6623,3.5232],[125.6546,3.5048],[125.6711,3.4937],[125.6764,3.429],[125.6576,3.3885],[125.6217,3.3884],[125.622,3.3725],[125.6055,3.3681],[125.5818,3.375],[125.5926,3.3897],[125.5583,3.4216],[125.5667,3.4402],[125.5338,3.4098]]],[[[125.5735,3.3379],[125.5735,3.3379]]],[[[125.6194,3.3647],[125.6114,3.3387],[125.6055,3.3597],[125.6194,3.3647]]],[[[125.5788,3.3604],[125.5788,3.3604]]],[[[125.5723,3.3665],[125.5723,3.3665]]],[[[125.4828,3.0944],[125.4828,3.0944]]],[[[125.4569,3.1402],[125.4494,3.1489],[125.4569,3.1402]]],[[[125.4612,3.254],[125.4726,3.2438],[125.4546,3.2315],[125.4475,3.2497],[125.4612,3.254]]],[[[125.3224,4.2365],[125.3301,4.2275],[125.3224,4.2365]]],[[[125.6577,3.5381],[125.6577,3.5381]]],[[[125.6442,3.548],[125.6353,3.5379],[125.6339,3.5521],[125.6442,3.548]]],[[[125.6418,3.3777],[125.6418,3.3777]]],[[[125.5756,3.4039],[125.5781,3.3893],[125.555,3.3955],[125.5638,3.4169],[125.5756,3.4039]]],[[[125.6805,3.4278],[125.6805,3.4278]]],[[[125.4935,3.4603],[125.4935,3.4603]]],[[[125.7107,3.4679],[125.7035,3.4517],[125.6907,3.4633],[125.7107,3.4679]]],[[[125.7302,3.4758],[125.7302,3.4758]]],[[[125.6603,3.5342],[125.6603,3.5342]]],[[[125.5915,3.6091],[125.5915,3.6091]]],[[[125.5852,3.7589],[125.5567,3.746],[125.567,3.7693],[125.5852,3.7589]]],[[[125.6149,3.781],[125.6149,3.781]]],[[[125.6047,3.7817],[125.5889,3.7702],[125.5921,3.791],[125.6343,3.7843],[125.6047,3.7817]]],[[[125.6347,3.7841],[125.6347,3.7841]]],[[[125.6333,3.7901],[125.6333,3.7901]]],[[[125.5652,3.7949],[125.5652,3.7949]]],[[[125.5766,3.8063],[125.5766,3.8063]]],[[[126.7539,3.788],[126.7431,3.8405],[126.7612,3.8547],[126.8034,3.834],[126.8515,3.7529],[126.8214,3.7278],[126.7839,3.7474],[126.7539,3.788]]],[[[126.7059,3.82],[126.6811,3.8146],[126.6617,3.8829],[126.6684,3.9302],[126.6377,3.9508],[126.6287,3.9833],[126.6135,3.9833],[126.6113,4.0432],[126.6407,4.0233],[126.647,3.9769],[126.7199,3.9195],[126.7171,3.8883],[126.6853,3.8694],[126.7059,3.82]]],[[[126.79,4.0163],[126.7616,3.9943],[126.7016,4.0045],[126.685,3.9925],[126.6662,4.0284],[126.6856,4.0731],[126.7333,4.1087],[126.76,4.1816],[126.7912,4.2138],[126.7813,4.2488],[126.7091,4.2729],[126.708,4.3222],[126.6802,4.3345],[126.7034,4.4287],[126.734,4.4618],[126.7203,4.51],[126.7431,4.5459],[126.785,4.5248],[126.808,4.5337],[126.8309,4.4915],[126.8556,4.4893],[126.8698,4.4291],[126.8522,4.4136],[126.8504,4.3754],[126.9127,4.2704],[126.8613,4.2503],[126.8706,4.2164],[126.7969,4.1483],[126.8121,4.1049],[126.8092,4.0337],[126.79,4.0163]]],[[[126.7134,3.9464],[126.7134,3.9464]]],[[[126.7077,3.9544],[126.7077,3.9544]]],[[[125.4869,4.7318],[125.4869,4.7318]]],[[[125.7244,3.8697],[125.7244,3.8697]]],[[[125.6946,4.4351],[125.6946,4.4351]]],[[[125.6324,4.5906],[125.6324,4.5906]]],[[[125.3913,3.9118],[125.3913,3.9118]]],[[[125.4366,4.6508],[125.4353,4.6627],[125.4366,4.6508]]],[[[125.4318,4.6693],[125.4318,4.6693]]],[[[125.4372,4.6699],[125.4372,4.6699]]],[[[125.4303,4.669],[125.4303,4.669]]],[[[125.4918,4.7439],[125.4781,4.7283],[125.4918,4.7439]]],[[[127.1482,4.6157],[127.1186,4.6161],[127.1482,4.6157]]],[[[127.1636,4.6261],[127.1636,4.6261]]],[[[127.1614,4.641],[127.1614,4.641]]],[[[127.1443,4.6911],[127.1333,4.7027],[127.1443,4.6911]]],[[[127.0737,4.717],[127.0546,4.7299],[127.0632,4.7412],[127.0938,4.7313],[127.0737,4.717]]],[[[127.1134,4.7336],[127.1335,4.7783],[127.1437,4.7418],[127.1134,4.7336]]],[[[127.0642,4.8065],[127.0577,4.7909],[127.0642,4.8065]]],[[[126.581,5.5436],[126.581,5.5436]]],[[[126.5896,5.565],[126.5796,5.5449],[126.5896,5.565]]]]}},{"type":"Feature","properties":{"NAME_1":"SumateraBarat"},"geometry":{"type":"MultiPolygon","coordinates":[[[[100.5658,-3.2729],[100.5693,-3.2566],[100.5658,-3.2729]]],[[[100.5273,-3.2467],[100.5313,-3.2371],[100.5273,-3.2467]]],[[[100.5107,-3.2062],[100.5107,-3.2062]]],[[[100.5297,-3.2018],[100.5297,-3.2018]]],[[[100.5329,-3.1972],[100.5329,-3.1972]]],[[[100.5297,-3.1932],[100.5297,-3.1932]]],[[[100.5697,-1.8875],[100.5697,-1.8875]]],[[[100.5135,-1.7452],[100.5135,-1.7452]]],[[[100.5894,-1.7198],[100.5894,-1.7198]]],[[[100.6169,-1.5472],[100.6169,-1.5472]]],[[[100.3071,0.3974],[100.3758,0.3893],[100.431,0.4218],[100.4502,0.4074],[100.473,0.3135],[100.5029,0.3113],[100.5313,0.343],[100.5376,0.31],[100.6762,0.1862],[100.7015,0.246],[100.7658,0.2357],[100.7863,0.2532],[100.8344,0.2351],[100.8475,0.1669],[100.7878,0.128],[100.7744,0.1021],[100.8011,0.0495],[100.8325,0.0669],[100.8502,0.0533],[100.8477,0],[100.8145,-0.0403],[100.7823,-0.0113],[100.7365,-0.0438],[100.7549,-0.1361],[100.7841,-0.1943],[100.7762,-0.2175],[100.806,-0.2715],[100.8382,-0.2904],[100.8445,-0.3393],[100.9032,-0.3349],[100.9477,-0.3108],[101.0058,-0.3237],[101.0474,-0.377],[101.0258,-0.398],[101.0713,-0.5031],[101.1097,-0.5021],[101.1679,-0.5396],[101.2496,-0.6255],[101.3078,-0.6289],[101.5,-0.8093],[101.5939,-0.8484],[101.6443,-0.8255],[101.6694,-0.8353],[101.6839,-0.8663],[101.7126,-0.8718],[101.6903,-0.9419],[101.7557,-0.9749],[101.7987,-0.9684],[101.8334,-0.9815],[101.822,-0.9958],[101.8308,-1.1026],[101.8929,-1.1026],[101.8843,-1.1359],[101.8138,-1.221],[101.7217,-1.2411],[101.6953,-1.2913],[101.7246,-1.3617],[101.6968,-1.3941],[101.7236,-1.4387],[101.671,-1.508],[101.5491,-1.5963],[101.5016,-1.6792],[101.4807,-1.6735],[101.4373,-1.6958],[101.4112,-1.6721],[101.3972,-1.6897],[101.2715,-1.6953],[101.2315,-1.7242],[101.1992,-1.714],[101.1904,-1.6777],[101.1689,-1.7107],[101.1316,-1.6852],[101.1286,-1.7639],[101.1786,-1.8611],[101.1636,-1.8944],[101.1418,-1.9024],[101.1423,-1.9241],[101.2061,-1.9811],[101.2068,-2.0093],[101.2647,-2.1018],[101.2855,-2.2768],[101.2377,-2.32],[101.237,-2.3424],[101.1468,-2.3878],[101.0228,-2.4785],[100.8918,-2.3281],[100.8751,-2.2451],[100.8232,-2.1736],[100.8229,-2.1437],[100.8662,-2.0971],[100.8791,-2.0549],[100.8668,-1.9357],[100.6887,-1.6648],[100.6442,-1.6217],[100.6233,-1.5013],[100.5976,-1.4924],[100.5614,-1.441],[100.584,-1.4207],[100.5583,-1.4065],[100.5926,-1.3942],[100.5784,-1.3699],[100.5606,-1.372],[100.5746,-1.3583],[100.5681,-1.3368],[100.5432,-1.3102],[100.4902,-1.2991],[100.454,-1.2588],[100.4223,-1.2773],[100.4008,-1.2707],[100.4068,-1.2368],[100.4326,-1.2549],[100.436,-1.2316],[100.4214,-1.2247],[100.4318,-1.2009],[100.3811,-1.1784],[100.3801,-1.1457],[100.3487,-1.1714],[100.3624,-1.1238],[100.3878,-1.1233],[100.3638,-1.0748],[100.381,-1.0624],[100.4084,-1.074],[100.4138,-1.0589],[100.3981,-1.0288],[100.378,-1.0406],[100.3904,-1.0086],[100.3824,-0.9931],[100.365,-1.0057],[100.3475,-0.9687],[100.3434,-0.8881],[100.3258,-0.8517],[100.1282,-0.6465],[100.0535,-0.5189],[99.9136,-0.4006],[99.8881,-0.3439],[99.8196,-0.3006],[99.7982,-0.2192],[99.746,-0.1455],[99.7635,-0.07],[99.7403,-0.0294],[99.6171,0.0659],[99.4779,0.1328],[99.3983,0.1512],[99.3924,0.1865],[99.3739,0.1909],[99.3578,0.2301],[99.304,0.2353],[99.2674,0.2224],[99.2639,0.2022],[99.2095,0.2158],[99.1896,0.2537],[99.1673,0.2284],[99.1998,0.2896],[99.2487,0.3325],[99.3174,0.3346],[99.4075,0.491],[99.4373,0.4957],[99.5192,0.552],[99.5133,0.5377],[99.5305,0.5218],[99.573,0.5095],[99.6419,0.5458],[99.6763,0.476],[99.7201,0.4524],[99.7425,0.4778],[99.7768,0.4818],[99.8346,0.4584],[99.9042,0.4704],[99.9607,0.5132],[99.9502,0.5242],[99.9598,0.5695],[99.9088,0.6268],[99.9252,0.6329],[99.9111,0.6799],[99.8309,0.6962],[99.8253,0.7359],[99.8468,0.7911],[99.8309,0.8805],[99.8699,0.9073],[99.9517,0.8793],[99.9675,0.8507],[100.0744,0.8012],[100.1933,0.7638],[100.2111,0.7355],[100.2393,0.734],[100.2408,0.6793],[100.1868,0.6266],[100.1765,0.5739],[100.235,0.5457],[100.2166,0.5116],[100.242,0.4908],[100.2737,0.4076],[100.3071,0.3974]],[[100.8676,-0.372],[100.8944,-0.3806],[100.8568,-0.3624],[100.8676,-0.372]]],[[[100.5535,-1.6047],[100.5535,-1.6047]]],[[[100.5588,-1.353],[100.5588,-1.353]]],[[[100.5641,-1.3532],[100.5641,-1.3532]]],[[[100.5187,-1.3463],[100.5187,-1.3463]]],[[[100.6374,-1.9093],[100.6374,-1.9093]]],[[[100.6285,-1.5856],[100.6285,-1.5856]]],[[[100.3412,-3.2837],[100.3467,-3.2967],[100.3302,-3.2878],[100.3412,-3.2837]]],[[[100.3516,-3.2197],[100.3516,-3.2197]]],[[[100.3005,-3.2107],[100.3005,-3.2107]]],[[[100.3084,-3.1262],[100.3072,-3.1398],[100.2944,-3.1223],[100.3084,-3.1262]]],[[[100.2407,-3.1215],[100.2407,-3.1215]]],[[[100.2346,-3.1179],[100.2346,-3.1179]]],[[[100.227,-3.1164],[100.227,-3.1164]]],[[[100.2447,-3.0679],[100.2447,-3.0679]]],[[[100.1771,-3.0541],[100.1964,-3.0632],[100.1908,-3.0766],[100.1771,-3.0541]]],[[[100.2099,-3.0475],[100.2099,-3.0475]]],[[[100.2622,-3.0663],[100.2481,-3.0623],[100.2487,-3.0432],[100.2314,-3.0571],[100.1796,-2.9633],[100.2015,-2.9344],[100.1755,-2.8025],[100.2007,-2.7853],[100.2348,-2.7835],[100.257,-2.8014],[100.2671,-2.8429],[100.3549,-2.9016],[100.4216,-2.9742],[100.429,-3.0033],[100.4686,-3.0196],[100.4618,-3.0346],[100.4461,-3.0225],[100.4576,-3.0511],[100.4684,-3.0437],[100.4559,-3.1012],[100.4702,-3.1439],[100.3591,-3.1635],[100.4097,-3.1935],[100.3736,-3.1796],[100.4327,-3.28],[100.4705,-3.3148],[100.4722,-3.3483],[100.4399,-3.3444],[100.417,-3.308],[100.3802,-3.2875],[100.3768,-3.2534],[100.3338,-3.2431],[100.3244,-3.2074],[100.3439,-3.2292],[100.3685,-3.2276],[100.3244,-3.1713],[100.3394,-3.1408],[100.2937,-3.0818],[100.2469,-3.0807],[100.2622,-3.0663]]],[[[100.2748,-2.832],[100.2748,-2.832]]],[[[100.2825,-2.8315],[100.2825,-2.8315]]],[[[100.2761,-2.8265],[100.2761,-2.8265]]],[[[100.3985,-3.2211],[100.3985,-3.2211]]],[[[100.4054,-3.2014],[100.4069,-3.2201],[100.4054,-3.2014]]],[[[100.4058,-3.1774],[100.4058,-3.1774]]],[[[100.403,-3.1693],[100.403,-3.1693]]],[[[100.3956,-3.1641],[100.3956,-3.1641]]],[[[100.3864,-3.162],[100.3864,-3.162]]],[[[100.3913,-3.1565],[100.3913,-3.1565]]],[[[100.3731,-3.1669],[100.3731,-3.1669]]],[[[100.355,-1.119],[100.355,-1.119]]],[[[100.368,-1.1197],[100.368,-1.1197]]],[[[100.4026,-1.226],[100.4026,-1.226]]],[[[100.3906,-1.1905],[100.3971,-1.2285],[100.376,-1.2182],[100.3906,-1.1905]]],[[[100.3809,-1.2001],[100.3809,-1.2001]]],[[[100.3943,-1.1983],[100.3943,-1.1983]]],[[[100.2648,-2.8267],[100.2648,-2.8267]]],[[[100.2561,-2.8097],[100.2561,-2.8097]]],[[[100.2563,-2.8067],[100.2563,-2.8067]]],[[[100.2522,-2.8036],[100.2522,-2.8036]]],[[[100.2548,-2.8019],[100.2548,-2.8019]]],[[[100.258,-2.8005],[100.258,-2.8005]]],[[[100.2565,-2.7998],[100.2565,-2.7998]]],[[[100.2727,-2.819],[100.2692,-2.8309],[100.2727,-2.819]]],[[[100.2955,-1.266],[100.2955,-1.266]]],[[[100.3393,-1.2131],[100.3393,-1.2131]]],[[[100.3341,-1.213],[100.3341,-1.213]]],[[[100.2255,-2.779],[100.2255,-2.779]]],[[[100.221,-2.7458],[100.2163,-2.7759],[100.1408,-2.8087],[100.1433,-2.8406],[100.0914,-2.8297],[100.0738,-2.8418],[100.0482,-2.8154],[100.0404,-2.8518],[100.0073,-2.8442],[99.9956,-2.8289],[100.0131,-2.8288],[100.0163,-2.8105],[99.9929,-2.776],[99.9732,-2.7853],[100.012,-2.7407],[99.9989,-2.6969],[100.0095,-2.674],[99.975,-2.6299],[99.9881,-2.6078],[99.9586,-2.5696],[99.9738,-2.567],[99.9749,-2.5083],[99.9985,-2.5028],[100.0709,-2.5799],[100.1721,-2.6477],[100.221,-2.7458]]],[[[100.2101,-0.9825],[100.2101,-0.9825]]],[[[100.229,-0.9549],[100.229,-0.9549]]],[[[100.3286,-1.2064],[100.3286,-1.2064]]],[[[100.3396,-1.1891],[100.3389,-1.2121],[100.3277,-1.2047],[100.3396,-1.1891]]],[[[100.3378,-1.1694],[100.3378,-1.1694]]],[[[100.3496,-1.161],[100.3496,-1.161]]],[[[100.3546,-1.1275],[100.3546,-1.1275]]],[[[100.3375,-1.1221],[100.3375,-1.1221]]],[[[100.3403,-1.119],[100.3403,-1.119]]],[[[100.2973,-1.0735],[100.2973,-1.0735]]],[[[100.3417,-0.9918],[100.3417,-0.9918]]],[[[100.3535,-0.9905],[100.3535,-0.9905]]],[[[100.4617,-3.2907],[100.4617,-3.2907]]],[[[100.4921,-3.2314],[100.4921,-3.2314]]],[[[100.4906,-3.2295],[100.4906,-3.2295]]],[[[100.4913,-3.2291],[100.4834,-3.2109],[100.4913,-3.2291]]],[[[100.4429,-3.2709],[100.4388,-3.2571],[100.4429,-3.2709]]],[[[100.4296,-3.2449],[100.4296,-3.2449]]],[[[100.4184,-3.2352],[100.4184,-3.2352]]],[[[100.4142,-3.2226],[100.4269,-3.2361],[100.4142,-3.2226]]],[[[100.4573,-3.218],[100.4573,-3.218]]],[[[100.464,-3.2114],[100.4687,-3.2228],[100.464,-3.2114]]],[[[100.4559,-3.2069],[100.4559,-3.2069]]],[[[100.4992,-3.2045],[100.4992,-3.2045]]],[[[100.4936,-3.1969],[100.4936,-3.1969]]],[[[100.4979,-3.1955],[100.4979,-3.1955]]],[[[100.4975,-3.1954],[100.4975,-3.1954]]],[[[100.4853,-3.1914],[100.4853,-3.1914]]],[[[100.4554,-3.1899],[100.4554,-3.1899]]],[[[100.4557,-3.1889],[100.4557,-3.1889]]],[[[100.4886,-3.1834],[100.4886,-3.1834]]],[[[100.4949,-3.1418],[100.5312,-3.1997],[100.5092,-3.2022],[100.4916,-3.1847],[100.4949,-3.1418]]],[[[100.4114,-3.1755],[100.4114,-3.1755]]],[[[100.426,-3.1638],[100.426,-3.1638]]],[[[100.4402,-3.1562],[100.4402,-3.1562]]],[[[100.438,-3.1558],[100.438,-3.1558]]],[[[100.474,-3.084],[100.474,-3.084]]],[[[100.4567,-3.0468],[100.4567,-3.0468]]],[[[100.455,-3.0429],[100.455,-3.0429]]],[[[100.4601,-3.0398],[100.4601,-3.0398]]],[[[100.4562,-3.0366],[100.4562,-3.0366]]],[[[100.4537,-3.0346],[100.4537,-3.0346]]],[[[100.5064,-1.6618],[100.5064,-1.6618]]],[[[100.4936,-1.4093],[100.4936,-1.4093]]],[[[100.4365,-1.5013],[100.4365,-1.5013]]],[[[100.4347,-1.3154],[100.4347,-1.3154]]],[[[100.4067,-1.2291],[100.4067,-1.2291]]],[[[100.492,-1.3918],[100.4828,-1.3869],[100.492,-1.3918]]],[[[100.4724,-1.3287],[100.4748,-1.3183],[100.4724,-1.3287]]],[[[100.4172,-1.2159],[100.4172,-1.2159]]],[[[100.5191,-1.3455],[100.5191,-1.3455]]],[[[100.519,-1.3421],[100.519,-1.3421]]],[[[100.3825,-1.1199],[100.3825,-1.1199]]],[[[100.367,-1.0749],[100.367,-1.0749]]],[[[100.3629,-1.0195],[100.3629,-1.0195]]],[[[100.3761,-0.9995],[100.3761,-0.9995]]],[[[100.2997,-0.8574],[100.2997,-0.8574]]],[[[100.2351,-0.9532],[100.2351,-0.9532]]],[[[100.2034,-0.8753],[100.2034,-0.8753]]],[[[99.9783,-2.7564],[99.9783,-2.7564]]],[[[99.9872,-2.7561],[99.9872,-2.7561]]],[[[99.9841,-2.7476],[99.9841,-2.7476]]],[[[99.7416,-2.376],[99.7416,-2.376]]],[[[99.7204,-2.3567],[99.7383,-2.3682],[99.7347,-2.3871],[99.7491,-2.3849],[99.7375,-2.3943],[99.7102,-2.3747],[99.7204,-2.3567]]],[[[99.7391,-2.371],[99.7391,-2.371]]],[[[99.7494,-2.3706],[99.7494,-2.3706]]],[[[99.814,-2.3036],[99.8472,-2.3366],[99.8601,-2.4028],[99.8426,-2.3952],[99.8371,-2.3634],[99.7986,-2.3709],[99.7884,-2.3468],[99.7382,-2.3452],[99.673,-2.2886],[99.6322,-2.2903],[99.6262,-2.2727],[99.6148,-2.2931],[99.6012,-2.2841],[99.6102,-2.2466],[99.5925,-2.2525],[99.5892,-2.2221],[99.5749,-2.2456],[99.5285,-2.1553],[99.5741,-2.146],[99.547,-2.0792],[99.5665,-2.063],[99.5592,-2.0451],[99.5882,-2.0252],[99.584,-2.0404],[99.6211,-2.0274],[99.6163,-2.0399],[99.6371,-2.0352],[99.6374,-2.0507],[99.7018,-2.0849],[99.7204,-2.1823],[99.7807,-2.2551],[99.7818,-2.2913],[99.814,-2.3036]]],[[[99.7221,-2.3373],[99.7221,-2.3373]]],[[[100.1565,-3.0119],[100.1529,-3.0275],[100.1445,-3.0083],[100.1565,-3.0119]]],[[[100.1645,-3.0067],[100.1645,-3.0067]]],[[[100.1809,-2.8874],[100.1809,-2.8874]]],[[[100.169,-2.8767],[100.169,-2.8767]]],[[[100.1464,-2.8486],[100.1476,-2.8628],[100.1311,-2.8569],[100.1464,-2.8486]]],[[[100.1749,-2.8325],[100.1749,-2.8325]]],[[[100.1675,-2.8263],[100.1675,-2.8263]]],[[[100.1642,-2.8185],[100.1642,-2.8185]]],[[[100.0429,-2.5242],[100.0429,-2.5242]]],[[[100.1687,-2.7993],[100.1687,-2.7993]]],[[[100.1738,-1.1353],[100.1738,-1.1353]]],[[[100.1698,-1.1355],[100.1698,-1.1355]]],[[[99.5364,-2.2187],[99.544,-2.2122],[99.5364,-2.2187]]],[[[99.5314,-2.1284],[99.5314,-2.1284]]],[[[99.5218,-2.1246],[99.5218,-2.1246]]],[[[99.3058,-1.9029],[99.3101,-1.9308],[99.2934,-1.9198],[99.3058,-1.9029]]],[[[99.6397,-2.0458],[99.6397,-2.0458]]],[[[99.6357,-2.0349],[99.6357,-2.0349]]],[[[99.6194,-2.0348],[99.6194,-2.0348]]],[[[99.6156,-2.0308],[99.6156,-2.0308]]],[[[99.6087,-2.0305],[99.6087,-2.0305]]],[[[99.616,-2.0298],[99.616,-2.0298]]],[[[99.608,-2.0284],[99.608,-2.0284]]],[[[99.6143,-2.0208],[99.6143,-2.0208]]],[[[99.5668,-2.0059],[99.5756,-2.0246],[99.5472,-2.0084],[99.5668,-2.0059]]],[[[99.5789,-1.9963],[99.5636,-1.9995],[99.5789,-1.9963]]],[[[99.587,-1.9706],[99.6062,-1.9964],[99.5869,-1.9924],[99.5764,-1.9728],[99.587,-1.9706]]],[[[99.5701,-1.9663],[99.5701,-1.9663]]],[[[99.5711,-1.9644],[99.5711,-1.9644]]],[[[99.5675,-1.9641],[99.5675,-1.9641]]],[[[99.314,-1.9021],[99.314,-1.9021]]],[[[99.3138,-1.8958],[99.3138,-1.8958]]],[[[99.2844,-1.8723],[99.2844,-1.8723]]],[[[99.0942,-1.8619],[99.077,-1.8661],[99.0942,-1.8619]]],[[[99.3164,-1.8461],[99.3027,-1.8545],[99.3164,-1.8461]]],[[[99.1509,-1.8405],[99.1418,-1.8352],[99.1509,-1.8405]]],[[[99.2642,-1.7929],[99.2911,-1.808],[99.2947,-1.8332],[99.2419,-1.851],[99.2694,-1.8128],[99.2642,-1.7929]]],[[[99.0437,-1.8124],[99.0437,-1.8124]]],[[[99.2947,-1.7789],[99.2947,-1.7789]]],[[[99.2679,-1.7746],[99.2679,-1.7746]]],[[[99.2708,-1.7486],[99.2708,-1.7486]]],[[[99.2975,-1.739],[99.2975,-1.739]]],[[[99.3083,-1.727],[99.3083,-1.727]]],[[[99.2472,-1.7824],[99.2404,-1.797],[99.1544,-1.7814],[99.1421,-1.8048],[99.1084,-1.8124],[98.8796,-1.6804],[98.8256,-1.6164],[98.837,-1.5858],[98.804,-1.5184],[98.654,-1.3136],[98.5976,-1.2063],[98.6537,-1.1],[98.6636,-0.9798],[98.6852,-0.9591],[98.721,-0.9439],[98.7418,-0.9591],[98.7991,-0.9562],[98.8993,-0.9059],[98.9126,-0.9146],[98.911,-0.9407],[98.9024,-0.9266],[98.8987,-0.9417],[98.9305,-0.934],[98.952,-1.0118],[98.9191,-0.9895],[98.9354,-1.0607],[98.9492,-1.0894],[98.958,-1.0759],[99.0023,-1.1149],[99.0082,-1.1634],[99.0415,-1.2056],[99.0241,-1.2207],[99.0509,-1.2264],[99.0685,-1.2529],[99.0692,-1.2727],[99.0524,-1.2744],[99.0648,-1.2889],[99.0506,-1.2947],[99.0811,-1.2943],[99.0991,-1.3653],[99.1171,-1.3782],[99.1032,-1.3918],[99.1299,-1.3866],[99.1281,-1.4083],[99.147,-1.3992],[99.1699,-1.4709],[99.1151,-1.4415],[99.1853,-1.5211],[99.2014,-1.5164],[99.1935,-1.5437],[99.209,-1.5523],[99.194,-1.5676],[99.2204,-1.6047],[99.2599,-1.5947],[99.2878,-1.6324],[99.2701,-1.6449],[99.2924,-1.6529],[99.2749,-1.6702],[99.2869,-1.6822],[99.287,-1.6633],[99.3045,-1.6858],[99.2916,-1.6873],[99.3024,-1.7208],[99.2861,-1.7272],[99.2821,-1.7522],[99.2624,-1.7367],[99.2235,-1.6296],[99.206,-1.6244],[99.1995,-1.6376],[99.2407,-1.6764],[99.2348,-1.6846],[99.2208,-1.6634],[99.2633,-1.7732],[99.2472,-1.7824]]],[[[99.2575,-1.7153],[99.2575,-1.7153]]],[[[99.2461,-1.7044],[99.2461,-1.7044]]],[[[99.2441,-1.7023],[99.2441,-1.7023]]],[[[99.2479,-1.6982],[99.2479,-1.6982]]],[[[99.2447,-1.6918],[99.2447,-1.6918]]],[[[99.2397,-1.6884],[99.2397,-1.6884]]],[[[99.2166,-1.6343],[99.2166,-1.6343]]],[[[99.1823,-1.4918],[99.1823,-1.4918]]],[[[99.1779,-1.4822],[99.1732,-1.4729],[99.1779,-1.4822]]],[[[99.1147,-1.355],[99.1212,-1.3664],[99.1147,-1.355]]],[[[100.1731,-1.0342],[100.1731,-1.0342]]],[[[100.1372,-0.9498],[100.1372,-0.9498]]],[[[100.1008,-0.874],[100.1008,-0.874]]],[[[100.1099,-0.6608],[100.1099,-0.6608]]],[[[100.1011,-0.6479],[100.1011,-0.6479]]],[[[98.9557,-1.059],[98.9584,-1.0705],[98.9557,-1.059]]],[[[98.9499,-1.0389],[98.9499,-1.0389]]],[[[98.9463,-0.9918],[98.9463,-0.9918]]],[[[98.9545,-0.9534],[98.9545,-0.9534]]],[[[98.9292,-0.9267],[98.9292,-0.9267]]],[[[99.9018,-0.42],[99.9018,-0.42]]],[[[99.9016,-0.4091],[99.9016,-0.4091]]],[[[100.0981,-0.6342],[100.0981,-0.6342]]],[[[100.0752,-0.5953],[100.0752,-0.5953]]],[[[99.3596,0.1249],[99.3596,0.1249]]],[[[99.2927,0.1394],[99.2927,0.1394]]],[[[99.2839,0.173],[99.2839,0.173]]],[[[99.2973,0.1845],[99.2973,0.1845]]],[[[99.312,0.1882],[99.3026,0.1836],[99.312,0.1882]]],[[[99.2908,0.2271],[99.2919,0.2091],[99.2796,0.2196],[99.2908,0.2271]]],[[[99.3013,0.2245],[99.3013,0.2245]]],[[[99.1917,0.2343],[99.1917,0.2343]]],[[[99.1915,0.2474],[99.1915,0.2474]]]]}},{"type":"Feature","properties":{"NAME_1":"SumateraSelatan"},"geometry":{"type":"MultiPolygon","coordinates":[[[[104.0331,-4.9029],[103.9631,-4.9143],[103.9319,-4.8863],[103.9158,-4.9601],[103.861,-4.9146],[103.8446,-4.9163],[103.8663,-4.8482],[103.8237,-4.8208],[103.8257,-4.8012],[103.779,-4.795],[103.7454,-4.7412],[103.7014,-4.7249],[103.6729,-4.7319],[103.7045,-4.6984],[103.6999,-4.672],[103.6618,-4.6098],[103.5966,-4.595],[103.6301,-4.5562],[103.616,-4.5313],[103.5906,-4.523],[103.581,-4.5499],[103.4848,-4.5791],[103.437,-4.5313],[103.3977,-4.5168],[103.4286,-4.4053],[103.4681,-4.3528],[103.4617,-4.3357],[103.3285,-4.2922],[103.3051,-4.2545],[103.1809,-4.236],[103.0756,-4.2624],[103.0514,-4.22],[103.0614,-4.196],[102.9178,-4.0928],[102.916,-4.0568],[102.9567,-4.056],[102.9975,-4.0191],[102.9628,-4.0207],[102.9091,-3.9706],[102.86,-3.9927],[102.845,-3.9769],[102.8164,-3.9815],[102.7757,-3.9158],[102.69,-3.8616],[102.6591,-3.817],[102.6185,-3.8012],[102.6559,-3.7718],[102.7388,-3.7476],[102.7522,-3.6668],[102.8085,-3.6095],[102.7946,-3.5813],[102.8102,-3.5301],[102.86,-3.548],[102.9028,-3.6163],[102.9354,-3.5783],[102.9466,-3.5358],[102.989,-3.5189],[102.9894,-3.3701],[102.9619,-3.3601],[102.8923,-3.3759],[102.8813,-3.3451],[102.8948,-3.328],[102.8687,-3.3459],[102.8131,-3.3366],[102.7752,-3.2827],[102.7438,-3.3156],[102.6753,-3.3222],[102.6365,-3.3528],[102.5908,-3.3312],[102.5604,-3.2937],[102.4981,-3.263],[102.4898,-3.2394],[102.5057,-3.2152],[102.4875,-3.205],[102.4923,-3.1336],[102.4706,-3.0819],[102.3892,-3.0426],[102.3205,-3.0698],[102.2836,-3.038],[102.2569,-3.0368],[102.2252,-2.9285],[102.1332,-2.8761],[102.1303,-2.8364],[102.0725,-2.7956],[102.0675,-2.7691],[102.0922,-2.7712],[102.1257,-2.7293],[102.2345,-2.6914],[102.251,-2.6312],[102.2765,-2.6139],[102.3278,-2.655],[102.3872,-2.647],[102.4063,-2.6891],[102.4682,-2.7035],[102.5052,-2.6961],[102.5187,-2.6765],[102.602,-2.6754],[102.6406,-2.611],[102.6666,-2.6096],[102.7154,-2.5713],[102.7283,-2.5861],[102.7883,-2.5354],[102.7901,-2.5091],[102.8754,-2.4098],[102.8719,-2.3851],[102.8478,-2.3842],[102.8396,-2.3588],[102.8406,-2.3379],[102.8769,-2.3045],[102.9929,-2.3406],[103.0342,-2.3393],[103.0326,-2.3211],[103.0548,-2.3122],[103.1426,-2.361],[103.2125,-2.3171],[103.2067,-2.2775],[103.1794,-2.2437],[103.1829,-2.1733],[103.2077,-2.1419],[103.2573,-2.1328],[103.3478,-2.2655],[103.4474,-2.3564],[103.4659,-2.2552],[103.4514,-2.2094],[103.4592,-2.1761],[103.5001,-2.1784],[103.561,-2.1395],[103.5168,-2.1323],[103.5035,-2.1107],[103.5171,-2.1043],[103.5215,-2.0677],[103.5542,-2.0419],[103.5602,-2],[103.5174,-1.9663],[103.5188,-1.9094],[103.5363,-1.8895],[103.6071,-1.8487],[103.7908,-1.8171],[104.0853,-1.7336],[104.1536,-1.7247],[104.1616,-1.7704],[104.2957,-1.7339],[104.3467,-1.739],[104.3598,-1.6405],[104.4221,-1.6264],[104.5144,-1.6735],[104.5406,-1.7267],[104.5374,-1.7879],[104.5086,-1.7989],[104.4638,-1.8614],[104.4729,-1.9641],[104.4686,-1.9145],[104.4868,-1.9073],[104.5062,-1.9621],[104.5739,-1.9988],[104.6163,-1.996],[104.6529,-1.9596],[104.6868,-1.985],[104.6716,-2.0105],[104.682,-2.0498],[104.6304,-2.0551],[104.6245,-2.1087],[104.5955,-2.1054],[104.6273,-2.1126],[104.6375,-2.0568],[104.6874,-2.055],[104.6915,-2.0055],[104.7172,-1.9883],[104.8444,-2.005],[104.8924,-2.085],[104.905,-2.1893],[104.7766,-2.2922],[104.7473,-2.3552],[104.6974,-2.342],[104.73,-2.3799],[104.743,-2.4508],[104.7202,-2.5319],[104.7269,-2.5962],[104.7559,-2.4708],[104.7533,-2.3946],[104.8263,-2.3549],[104.8482,-2.2844],[104.9171,-2.2873],[104.9012,-2.3684],[104.9338,-2.44],[104.9263,-2.3408],[104.9583,-2.3316],[105.0041,-2.3338],[105.0507,-2.3754],[105.081,-2.3617],[105.1209,-2.3738],[105.2109,-2.3261],[105.2972,-2.3718],[105.4307,-2.3888],[105.4713,-2.3797],[105.5679,-2.4028],[105.5695,-2.4183],[105.6192,-2.3888],[105.6337,-2.4341],[105.6034,-2.5386],[105.6277,-2.6323],[105.6889,-2.6821],[105.7967,-2.6922],[105.7982,-2.8769],[105.8318,-2.9291],[105.9017,-2.9736],[105.9789,-2.9532],[105.9888,-2.9709],[106.0513,-2.9871],[106.0706,-3.0651],[106.0601,-3.1188],[106.0981,-3.2282],[106.0876,-3.2561],[105.9873,-3.3115],[105.9331,-3.3608],[105.8908,-3.4246],[105.8336,-3.5676],[105.8199,-3.639],[105.8296,-3.7118],[105.8503,-3.7493],[105.8651,-3.7378],[105.9069,-3.7613],[105.9604,-3.8231],[105.9432,-3.8856],[105.8722,-4.0121],[105.8476,-4.1653],[105.8362,-4.1701],[105.8083,-4.1235],[105.7767,-4.1125],[105.7501,-4.1488],[105.7294,-4.1345],[105.702,-4.14],[105.711,-4.1083],[105.6871,-4.1013],[105.6842,-4.0795],[105.6531,-4.0888],[105.6605,-4.0482],[105.6254,-4.0435],[105.6068,-4.0583],[105.6307,-4.0058],[105.5901,-3.9538],[105.6114,-3.9406],[105.5997,-3.9269],[105.5869,-3.9392],[105.5624,-3.9279],[105.5735,-3.9013],[105.5483,-3.8818],[105.5231,-3.8926],[105.5123,-3.8725],[105.5241,-3.8405],[105.4924,-3.8409],[105.48,-3.8217],[105.4334,-3.8268],[105.4362,-3.7873],[105.421,-3.7789],[105.3587,-3.7973],[105.3307,-3.7245],[105.3046,-3.7932],[105.2845,-3.7972],[105.294,-3.8414],[105.2748,-3.8802],[105.2419,-3.9071],[105.2321,-3.8906],[105.2063,-3.8907],[105.1802,-3.9038],[105.165,-3.9376],[105.1394,-3.9342],[105.1422,-3.9726],[105.1058,-4.017],[105.1199,-4.0483],[105.0927,-4.0501],[105.0621,-4.0982],[105.0627,-4.1254],[105.0131,-4.1737],[104.9673,-4.1718],[104.8763,-4.2177],[104.8744,-4.234],[104.8216,-4.2409],[104.7928,-4.2647],[104.7649,-4.2458],[104.7169,-4.2635],[104.6626,-4.2614],[104.6231,-4.2424],[104.621,-4.2129],[104.5941,-4.2424],[104.5366,-4.26],[104.548,-4.2716],[104.508,-4.2795],[104.4664,-4.3135],[104.4476,-4.2998],[104.3854,-4.3475],[104.3241,-4.4589],[104.3325,-4.5036],[104.3145,-4.5224],[104.3343,-4.6054],[104.3216,-4.6446],[104.2952,-4.6463],[104.2873,-4.6833],[104.293,-4.7048],[104.3186,-4.6761],[104.352,-4.6949],[104.3338,-4.708],[104.3347,-4.7392],[104.3717,-4.8179],[104.3335,-4.8722],[104.3008,-4.8831],[104.2815,-4.8566],[104.2719,-4.8754],[104.2431,-4.8816],[104.2193,-4.8606],[104.194,-4.8623],[104.1521,-4.9253],[104.0885,-4.9166],[104.0622,-4.8908],[104.0331,-4.9029]],[[104.4794,-4.2967],[104.4794,-4.2967]]],[[[106.1741,-3.2997],[106.1888,-3.3167],[106.1618,-3.2971],[106.1741,-3.2997]]],[[[104.7567,-2.3525],[104.7721,-2.3123],[104.7567,-2.3525]]],[[[104.9174,-2.3799],[104.9262,-2.3542],[104.9282,-2.3999],[104.9174,-2.3799]]],[[[104.6113,-1.9522],[104.6186,-1.9788],[104.584,-1.9941],[104.5066,-1.9546],[104.5024,-1.9353],[104.5235,-1.9159],[104.5415,-1.8511],[104.5938,-1.8676],[104.6444,-1.9142],[104.6113,-1.9522]]],[[[104.5523,-1.8069],[104.5674,-1.7317],[104.5853,-1.7262],[104.6053,-1.807],[104.5523,-1.8069]]]]}},{"type":"Feature","properties":{"NAME_1":"SumateraUtara"},"geometry":{"type":"MultiPolygon","coordinates":[[[[97.896,-0.1025],[97.857,-0.0913],[97.8371,-0.0642],[97.8893,-0.0611],[97.896,-0.1025]]],[[[97.8214,0.5679],[97.8216,0.5432],[97.8038,0.5596],[97.7809,0.5531],[97.7806,0.5801],[97.7547,0.5539],[97.7419,0.556],[97.7397,0.5811],[97.7008,0.5655],[97.6829,0.5869],[97.6956,0.6172],[97.6613,0.6772],[97.6661,0.7008],[97.6313,0.8005],[97.4982,0.9305],[97.4187,0.9499],[97.4061,0.9399],[97.3766,1.0649],[97.3201,1.1589],[97.2958,1.1682],[97.2854,1.2044],[97.2574,1.2163],[97.2614,1.2436],[97.2203,1.2733],[97.2069,1.2675],[97.1493,1.3678],[97.0975,1.4073],[97.0737,1.3899],[97.0607,1.4149],[97.1365,1.4319],[97.1714,1.3954],[97.1893,1.418],[97.202,1.4013],[97.2499,1.4103],[97.344,1.4791],[97.3393,1.5364],[97.3609,1.5368],[97.3955,1.4993],[97.4157,1.5221],[97.4408,1.4731],[97.4826,1.4794],[97.5169,1.4272],[97.54,1.4199],[97.5414,1.3883],[97.5992,1.3289],[97.6883,1.18],[97.8,1.1508],[97.8645,1.0551],[97.8979,1.0533],[97.9472,0.958],[97.904,0.8968],[97.895,0.8572],[97.9119,0.7989],[97.887,0.7428],[97.9006,0.6262],[97.8367,0.5584],[97.8214,0.5679]]],[[[98.3594,-0.5457],[98.2876,-0.5215],[98.3493,-0.514],[98.3549,-0.4706],[98.3761,-0.4579],[98.3839,-0.3426],[98.4408,-0.3008],[98.4134,-0.2428],[98.446,-0.2463],[98.5224,-0.3599],[98.5156,-0.3962],[98.5,-0.3973],[98.5144,-0.4142],[98.5057,-0.4939],[98.4812,-0.5156],[98.5073,-0.5521],[98.493,-0.5723],[98.4885,-0.5506],[98.4667,-0.5742],[98.4743,-0.5325],[98.4255,-0.5429],[98.4176,-0.598],[98.3977,-0.5654],[98.3594,-0.5457]]],[[[98.3854,-0.2609],[98.3899,-0.2772],[98.3854,-0.2609]]],[[[98.3868,-0.2162],[98.3868,-0.2162]]],[[[98.3741,-0.1969],[98.3741,-0.1969]]],[[[98.3347,-0.1107],[98.3473,-0.1427],[98.3203,-0.1253],[98.3261,-0.0918],[98.3347,-0.1107]]],[[[98.3142,-0.0954],[98.3214,-0.1141],[98.3086,-0.1166],[98.3015,-0.0999],[98.3142,-0.0954]]],[[[98.2812,-0.0996],[98.2854,-0.1098],[98.2812,-0.0996]]],[[[98.306,-0.0887],[98.306,-0.0887]]],[[[98.283,-0.0893],[98.2631,-0.058],[98.2733,-0.0323],[98.283,-0.0893]]],[[[98.3239,-0.051],[98.3568,-0.0878],[98.3481,-0.0973],[98.2955,-0.0709],[98.297,-0.0588],[98.3215,-0.0632],[98.3115,-0.0464],[98.3239,-0.051]]],[[[98.2078,-0.122],[98.1857,-0.1417],[98.1849,-0.1156],[98.199,-0.1069],[98.2078,-0.122]]],[[[98.2259,-0.1008],[98.2237,-0.111],[98.2259,-0.1008]]],[[[98.2645,-0.0988],[98.2645,-0.0988]]],[[[98.2576,-0.0414],[98.2576,-0.0414]]],[[[98.2551,-0.0262],[98.2551,-0.0262]]],[[[98.2215,-0.0092],[98.2169,0.002],[98.2346,0.0072],[98.2215,-0.0092]]],[[[98.2639,0.0146],[98.2459,-0.0007],[98.2639,0.0146]]],[[[98.2151,0.0186],[98.2151,0.0186]]],[[[98.2115,0.0501],[98.2115,0.0501]]],[[[98.2292,0.0558],[98.2405,0.0566],[98.2292,0.0558]]],[[[98.361,-0.0931],[98.361,-0.0931]]],[[[98.348,-0.0797],[98.348,-0.0797]]],[[[98.3578,-0.0734],[98.3578,-0.0734]]],[[[98.3737,-0.0912],[98.3422,-0.0329],[98.2941,-0.0193],[98.3535,0.0061],[98.3901,0.0057],[98.3959,-0.0143],[98.4153,0.0021],[98.4187,-0.0373],[98.4838,-0.1231],[98.4751,-0.1475],[98.4931,-0.2097],[98.5733,-0.2798],[98.5685,-0.3297],[98.5415,-0.3481],[98.5559,-0.3911],[98.5071,-0.2979],[98.4331,-0.2065],[98.4335,-0.1864],[98.3681,-0.1078],[98.381,-0.1056],[98.3737,-0.0912]]],[[[98.8283,1.6677],[98.8114,1.6892],[98.7869,1.6907],[98.7804,1.7159],[98.7953,1.7254],[98.7411,1.7823],[98.6689,1.7697],[98.7179,1.7538],[98.7316,1.7667],[98.7328,1.7171],[98.6792,1.7385],[98.6069,1.8392],[98.562,1.8688],[98.5432,1.9071],[98.447,1.9997],[98.3772,2.0165],[98.3569,2.0033],[98.3687,2.0181],[98.34,2.0464],[98.3101,2.0332],[98.2833,2.0428],[98.2661,2.0267],[98.2609,2.0642],[98.1305,2.166],[98.1788,2.2399],[98.1971,2.3119],[98.1485,2.4213],[98.0812,2.5195],[98.0846,2.6017],[98.1107,2.6113],[98.104,2.6821],[98.0696,2.7648],[98.1169,2.785],[98.099,2.8228],[98.0557,2.8187],[98.0064,2.8723],[97.9487,2.8953],[97.9646,2.9732],[97.9351,2.9895],[97.9469,3.0057],[97.9303,3.0631],[97.9394,3.0762],[97.9754,3.0738],[97.9809,3.1189],[97.9385,3.1635],[97.9435,3.2013],[97.9143,3.2313],[97.921,3.2407],[97.8704,3.2496],[97.9587,3.2589],[97.953,3.2716],[98.0139,3.2936],[98.0289,3.331],[98.0036,3.3682],[97.9481,3.3915],[97.9337,3.4445],[97.9591,3.4816],[97.9216,3.4981],[97.9044,3.5569],[97.8683,3.571],[97.8719,3.6121],[97.8003,3.7227],[97.9092,3.8188],[97.9222,3.8452],[97.9095,3.9131],[97.952,3.8897],[97.9635,3.934],[98.0164,3.9698],[98.0367,3.9565],[98.026,4.0162],[98.0469,4.027],[98.0528,4.1338],[98.0756,4.1475],[98.0556,4.1861],[98.0947,4.2075],[98.0685,4.2477],[98.1464,4.2604],[98.1544,4.2903],[98.1987,4.3015],[98.2144,4.2872],[98.251,4.2909],[98.2545,4.2027],[98.2452,4.1863],[98.1559,4.155],[98.1781,4.145],[98.1594,4.081],[98.1684,4.0739],[98.1847,4.1101],[98.1964,4.1089],[98.1804,4.0993],[98.2115,4.1248],[98.2492,4.1304],[98.2984,4.1063],[98.311,4.0656],[98.3903,4.0777],[98.4344,4.0411],[98.49,4.0307],[98.4886,4.012],[98.5362,4.0128],[98.5573,3.9385],[98.6804,3.9009],[98.6979,3.8738],[98.7006,3.7832],[98.7189,3.7969],[98.7067,3.7729],[98.7596,3.7599],[98.7859,3.7137],[98.9517,3.6739],[99.0558,3.6187],[99.1187,3.5689],[99.2261,3.519],[99.25,3.477],[99.2925,3.4639],[99.2962,3.4448],[99.3034,3.453],[99.3657,3.4009],[99.484,3.3479],[99.4862,3.3178],[99.5585,3.2361],[99.6848,3.2081],[99.757,3.1698],[99.7972,3.1007],[99.7872,3.0935],[99.7989,3.0994],[99.8691,3.029],[99.8908,3.0376],[99.9253,2.9732],[99.9773,2.9404],[99.9904,2.9449],[99.9813,2.9581],[99.9929,2.9539],[99.9909,2.7546],[99.956,2.714],[99.9632,2.6783],[99.989,2.675],[100.0192,2.7334],[100.0596,2.7302],[100.1001,2.6745],[100.1045,2.5457],[100.1366,2.5433],[100.1256,2.6666],[100.1709,2.7095],[100.217,2.7068],[100.2352,2.6425],[100.3229,2.5454],[100.2955,2.4282],[100.3008,2.3401],[100.3651,2.2108],[100.3636,2.1683],[100.3155,2.0524],[100.3144,1.9096],[100.2815,1.8651],[100.2777,1.8135],[100.2962,1.7912],[100.3538,1.7822],[100.3397,1.7125],[100.4228,1.7002],[100.3899,1.6692],[100.412,1.6612],[100.404,1.5859],[100.4225,1.5257],[100.4102,1.4769],[100.3768,1.4553],[100.283,1.4778],[100.2852,1.4608],[100.3427,1.436],[100.3075,1.417],[100.2657,1.423],[100.2005,1.3987],[100.0697,1.3988],[100.0304,1.3796],[100.0294,1.3261],[100.0744,1.2761],[100.12,1.2551],[100.1164,1.1999],[100.184,1.1243],[100.1482,1.1218],[100.1232,1.0941],[100.1235,1.063],[100.1413,1.0581],[100.1323,1.0203],[100.1625,1.0022],[100.1394,0.9815],[100.1353,0.9209],[100.1188,0.939],[100.1069,0.9079],[100.1414,0.8998],[100.1243,0.8165],[100.1837,0.7642],[99.9675,0.8507],[99.9482,0.8809],[99.8716,0.9074],[99.8363,0.8892],[99.8463,0.7657],[99.8261,0.7397],[99.8309,0.6962],[99.9111,0.6799],[99.9252,0.6329],[99.9092,0.6256],[99.9649,0.5544],[99.9502,0.5242],[99.9611,0.5136],[99.9062,0.4713],[99.8346,0.4584],[99.7768,0.4818],[99.7425,0.4778],[99.7201,0.4524],[99.6763,0.476],[99.6419,0.5458],[99.573,0.5095],[99.5305,0.5218],[99.5133,0.5377],[99.5192,0.552],[99.4057,0.4892],[99.3174,0.3346],[99.2487,0.3325],[99.1998,0.2896],[99.1664,0.2299],[99.1377,0.2529],[99.1581,0.2665],[99.1605,0.2909],[99.1475,0.3315],[99.1089,0.3459],[99.1341,0.3783],[99.1398,0.4204],[99.1168,0.509],[99.0919,0.5087],[99.107,0.5767],[99.0872,0.6179],[99.0663,0.6322],[99.0499,0.6226],[99.0451,0.6396],[99.0659,0.6589],[99.0485,0.6715],[99.0603,0.7196],[99.084,0.7198],[99.0605,0.7197],[99.0137,0.8187],[99.0229,0.8233],[98.9963,0.8201],[98.9707,0.8453],[98.9857,0.8541],[98.9743,0.9215],[98.8441,1.2779],[98.8544,1.3149],[98.7804,1.4289],[98.7632,1.4975],[98.712,1.5644],[98.7311,1.5682],[98.7663,1.5285],[98.7826,1.5809],[98.8073,1.5679],[98.8007,1.5979],[98.8206,1.6009],[98.8401,1.6291],[98.8187,1.6613],[98.8283,1.6677]],[[100.0871,0.9351],[100.0955,0.9268],[100.1028,0.9453],[100.0871,0.9351]],[[100.1059,1.077],[100.1176,1.1012],[100.1011,1.0909],[100.1059,1.077]]],[[[98.2984,0.0476],[98.2984,0.0476]]],[[[97.9645,1.0225],[97.9645,1.0225]]],[[[97.9569,1.0245],[97.9569,1.0245]]],[[[97.9765,1.0327],[97.9765,1.0327]]],[[[97.9039,1.0785],[97.9039,1.0785]]],[[[97.9301,1.0807],[97.9301,1.0807]]],[[[98.1768,2.0965],[98.1768,2.0965]]],[[[97.3617,0.8166],[97.3337,0.826],[97.3376,0.8406],[97.3617,0.8166]]],[[[97.3837,0.8357],[97.3837,0.8357]]],[[[97.3312,0.852],[97.3085,0.8545],[97.3312,0.852]]],[[[97.3853,0.8557],[97.3637,0.8521],[97.3853,0.8557]]],[[[97.3293,0.8622],[97.3554,0.8688],[97.3293,0.8622]]],[[[97.2909,0.8641],[97.2823,0.8709],[97.2909,0.8641]]],[[[97.3529,0.8707],[97.3529,0.8707]]],[[[97.3731,0.8803],[97.3731,0.8803]]],[[[97.2811,0.9043],[97.2653,0.9125],[97.2811,0.9043]]],[[[97.4309,0.9217],[97.4309,0.9217]]],[[[97.4259,0.9299],[97.4259,0.9299]]],[[[98.503,-0.5951],[98.5178,-0.6388],[98.4895,-0.6192],[98.503,-0.5951]]],[[[98.5039,-0.5306],[98.5039,-0.5306]]],[[[98.5135,-0.3399],[98.5135,-0.3399]]],[[[98.4977,-0.3129],[98.4977,-0.3129]]],[[[98.4082,-0.3126],[98.4082,-0.3126]]],[[[98.5171,-0.5018],[98.5251,-0.4944],[98.5171,-0.5018]]],[[[98.5192,-0.4771],[98.5192,-0.4771]]],[[[98.5143,-0.4558],[98.5143,-0.4558]]],[[[98.5326,-0.3938],[98.5326,-0.3938]]],[[[98.5338,-0.2269],[98.5338,-0.2269]]],[[[98.5178,-0.1372],[98.5275,-0.1478],[98.5178,-0.1372]]],[[[98.5761,-0.3292],[98.5761,-0.3292]]],[[[98.679,0.0763],[98.5553,0.0908],[98.5356,0.103],[98.5253,0.1408],[98.5663,0.1735],[98.6104,0.1813],[98.6806,0.1685],[98.7088,0.1783],[98.7227,0.1572],[98.754,0.156],[98.7757,0.1746],[98.8004,0.1703],[98.8545,0.1156],[98.854,0.0807],[98.7832,0.0963],[98.749,0.071],[98.679,0.0763]]],[[[98.5272,-0.0314],[98.5459,-0.0713],[98.5257,-0.0557],[98.5272,-0.0314]]],[[[98.5054,1.6541],[98.5344,1.641],[98.5451,1.6819],[98.56,1.6781],[98.5661,1.6504],[98.5899,1.6626],[98.5862,1.6457],[98.6109,1.6133],[98.4602,1.6372],[98.4415,1.6696],[98.456,1.702],[98.4928,1.6964],[98.4896,1.6823],[98.5054,1.6814],[98.4919,1.656],[98.5054,1.6541]]],[[[98.5434,1.8478],[98.5434,1.8478]]],[[[98.4904,-0.2888],[98.4904,-0.2888]]],[[[98.4697,-0.2778],[98.4697,-0.2778]]],[[[98.5108,-0.1115],[98.5108,-0.1115]]],[[[98.4699,-0.1065],[98.4845,-0.1223],[98.4699,-0.1065]]],[[[98.3981,-0.2315],[98.4093,-0.2345],[98.3981,-0.2315]]],[[[98.4092,-0.1699],[98.4092,-0.1699]]],[[[98.4501,-0.021],[98.4501,-0.021]]],[[[98.4558,0.0337],[98.4558,0.0337]]],[[[98.4917,-0.1111],[98.4876,-0.0985],[98.4917,-0.1111]]],[[[98.5027,-0.0641],[98.492,-0.0282],[98.5027,-0.0641]]],[[[98.4953,1.9346],[98.4953,1.9346]]],[[[98.7874,0.1751],[98.7874,0.1751]]],[[[98.8219,1.2657],[98.8211,1.2795],[98.8219,1.2657]]],[[[98.7691,1.7096],[98.7595,1.7135],[98.7691,1.7096]]],[[[98.7813,1.7283],[98.7813,1.7283]]],[[[98.6399,0.0721],[98.6282,0.0647],[98.6399,0.0721]]],[[[97.1005,1.2097],[97.0987,1.1913],[97.1005,1.2097]]],[[[97.0913,1.2297],[97.0823,1.2087],[97.0913,1.2297]]],[[[97.1063,1.3525],[97.1063,1.3525]]],[[[97.2231,1.4135],[97.2231,1.4135]]],[[[97.2251,1.4139],[97.2251,1.4139]]],[[[97.2259,1.4195],[97.2259,1.4195]]],[[[97.2225,1.4225],[97.2225,1.4225]]],[[[97.2433,1.4271],[97.2433,1.4271]]],[[[97.2321,1.4411],[97.2321,1.4411]]],[[[97.2545,1.4543],[97.2545,1.4543]]],[[[97.2543,1.4603],[97.2315,1.4529],[97.2543,1.4603]]],[[[97.9496,2.9139],[97.9496,2.9139]]],[[[98.2056,4.1261],[98.1839,4.1145],[98.2056,4.1261]]],[[[98.1785,4.1267],[98.1785,4.1267]]],[[[98.1986,4.1157],[98.1986,4.1157]]],[[[98.2061,4.1324],[98.2061,4.1324]]],[[[98.2036,4.1335],[98.2036,4.1335]]],[[[98.1893,4.1278],[98.1893,4.1278]]],[[[98.1798,4.1292],[98.1798,4.1292]]],[[[98.1911,4.1305],[98.1911,4.1305]]],[[[98.1856,4.1343],[98.1856,4.1343]]],[[[98.1751,4.1316],[98.1844,4.143],[98.1751,4.1316]]],[[[98.2022,4.1381],[98.2022,4.1381]]],[[[98.2667,4.1746],[98.2712,4.1409],[98.2329,4.1458],[98.2431,4.1755],[98.2667,4.1746]]],[[[98.5568,3.9411],[98.5699,3.9423],[98.5568,3.9411]]],[[[98.5658,3.9471],[98.5658,3.9471]]],[[[99.1359,0.2635],[99.1359,0.2635]]],[[[99.1489,0.2677],[99.1489,0.2677]]],[[[99.1105,0.3513],[99.1105,0.3513]]],[[[99.0974,0.3629],[99.1045,0.3737],[99.0974,0.3629]]],[[[99.0447,0.7599],[99.0447,0.7599]]],[[[99.0399,0.7615],[99.0399,0.7615]]],[[[99.0363,0.7651],[99.0363,0.7651]]],[[[98.93,0.0468],[98.93,0.0468]]],[[[98.8968,0.0919],[98.8968,0.0919]]],[[[98.9213,0.8717],[98.9213,0.8717]]],[[[98.8562,0.1173],[98.8562,0.1173]]],[[[99.0081,0.7803],[99.0081,0.7803]]],[[[98.9475,0.8601],[98.9475,0.8601]]],[[[100.4115,1.5662],[100.4115,1.5662]]],[[[100.1227,2.5476],[100.1183,2.641],[100.1227,2.5476]]]]}},{"type":"Feature","properties":{"NAME_1":"Yogyakarta"},"geometry":{"type":"MultiPolygon","coordinates":[[[[110.7128,-8.199],[110.7128,-8.199]]],[[[110.6765,-8.1853],[110.6765,-8.1853]]],[[[110.6782,-8.1841],[110.6782,-8.1841]]],[[[110.6788,-8.1829],[110.6788,-8.1829]]],[[[110.8204,-8.2031],[110.8204,-8.2031]]],[[[110.7187,-8.1998],[110.7187,-8.1998]]],[[[110.7449,-8.1957],[110.7449,-8.1957]]],[[[110.8335,-8.1781],[110.8289,-8.204],[110.7978,-8.19],[110.7063,-8.1998],[110.7076,-8.1832],[110.4365,-8.1002],[110.3752,-8.0716],[110.3445,-8.0302],[110.2033,-7.984],[110.0151,-7.8927],[110.0424,-7.8849],[110.0623,-7.8144],[110.1298,-7.7472],[110.1379,-7.6934],[110.1179,-7.6683],[110.1418,-7.645],[110.2405,-7.6543],[110.2547,-7.6421],[110.2724,-7.7069],[110.3041,-7.6549],[110.4461,-7.5418],[110.4918,-7.7669],[110.5312,-7.7983],[110.5621,-7.7822],[110.5829,-7.7897],[110.5858,-7.8086],[110.6075,-7.7966],[110.658,-7.8048],[110.6708,-7.7862],[110.6707,-7.8033],[110.6912,-7.8084],[110.7239,-7.7944],[110.7577,-7.8277],[110.7645,-7.8099],[110.7857,-7.8167],[110.7542,-8.0258],[110.7785,-8.0676],[110.787,-8.1532],[110.7993,-8.1626],[110.8175,-8.1437],[110.8335,-8.1781]]],[[[110.6718,-8.18],[110.6718,-8.18]]],[[[110.6625,-8.1774],[110.6625,-8.1774]]],[[[110.605,-8.1476],[110.605,-8.1476]]],[[[110.5856,-8.1457],[110.5856,-8.1457]]],[[[110.5782,-8.1394],[110.5782,-8.1394]]],[[[110.5554,-8.1344],[110.5554,-8.1344]]],[[[110.5536,-8.1338],[110.5536,-8.1338]]]]}}]}